Province,City,Region,Proacade,Citacade,Regacade
省份名称,地级市名称,区县名称,省份书院数量,地级市书院数量,区县书院数量
安徽省,安庆市,怀宁县,317,32,3
安徽省,安庆市,潜山市,317,32,8
安徽省,安庆市,宿松县,317,32,2
安徽省,安庆市,太湖县,317,32,4
安徽省,安庆市,桐城市,317,32,8
安徽省,安庆市,望江县,317,32,2
安徽省,安庆市,市区,317,32,5
安徽省,蚌埠市,怀远县,317,5,4
安徽省,蚌埠市,五河县,317,5,1
安徽省,亳州市,蒙城县,317,5,2
安徽省,亳州市,涡阳县,317,5,1
安徽省,亳州市,市区,317,5,2
安徽省,池州市,东至县,317,26,2
安徽省,池州市,青阳县,317,26,11
安徽省,池州市,石台县,317,26,1
安徽省,池州市,市区,317,26,12
安徽省,滁州市,定远县,317,24,3
安徽省,滁州市,凤阳县,317,24,4
安徽省,滁州市,来安县,317,24,5
安徽省,滁州市,全椒县,317,24,5
安徽省,滁州市,天长市,317,24,4
安徽省,滁州市,市区,317,24,3
安徽省,阜阳市,太和县,317,9,3
安徽省,阜阳市,颍上县,317,9,2
安徽省,阜阳市,市区,317,9,4
安徽省,合肥市,巢湖市,317,16,3
安徽省,合肥市,庐江县,317,16,7
安徽省,合肥市,市区,317,16,6
安徽省,淮南市,凤台县,317,6,1
安徽省,淮南市,寿县,317,6,5
安徽省,黄山市,祁门县,317,50,9
安徽省,黄山市,歙县,317,50,21
安徽省,黄山市,休宁县,317,50,12
安徽省,黄山市,黟县,317,50,7
安徽省,黄山市,市区,317,50,1
安徽省,六安市,霍山县,317,21,6
安徽省,六安市,舒城县,317,21,7
安徽省,六安市,市区,317,21,8
安徽省,马鞍山市,当涂县,317,12,7
安徽省,马鞍山市,含山县,317,12,1
安徽省,马鞍山市,和县,317,12,4
安徽省,宿州市,砀山县,317,14,2
安徽省,宿州市,灵璧县,317,14,1
安徽省,宿州市,泗县,317,14,2
安徽省,宿州市,萧县,317,14,4
安徽省,宿州市,市区,317,14,5
安徽省,铜陵市,市区,317,2,2
安徽省,芜湖市,繁昌县,317,18,4
安徽省,芜湖市,南陵县,317,18,2
安徽省,芜湖市,无为县,317,18,5
安徽省,芜湖市,芜湖县,317,18,7
安徽省,宣城市,广德市,317,77,7
安徽省,宣城市,绩溪县,317,77,27
安徽省,宣城市,泾县,317,77,29
安徽省,宣城市,旌德县,317,77,3
安徽省,宣城市,郎溪县,317,77,2
安徽省,宣城市,宁国市,317,77,3
安徽省,宣城市,市区,317,77,6
福建省,福州市,福清市,384,53,6
福建省,福州市,连江县,384,53,4
福建省,福州市,罗源县,384,53,3
福建省,福州市,闽侯县,384,53,5
福建省,福州市,闽清县,384,53,2
福建省,福州市,平潭县,384,53,1
福建省,福州市,永泰县,384,53,2
福建省,福州市,市区,384,53,30
福建省,龙岩市,连城县,384,50,7
福建省,龙岩市,上杭县,384,50,3
福建省,龙岩市,武平县,384,50,2
福建省,龙岩市,漳平市,384,50,6
福建省,龙岩市,长汀县,384,50,15
福建省,龙岩市,市区,384,50,17
福建省,南平市,光泽县,384,80,7
福建省,南平市,建瓯市,384,80,7
福建省,南平市,浦城县,384,80,3
福建省,南平市,邵武市,384,80,14
福建省,南平市,顺昌县,384,80,4
福建省,南平市,松溪县,384,80,2
福建省,南平市,武夷山市,384,80,11
福建省,南平市,政和县,384,80,4
福建省,南平市,市区,384,80,28
福建省,宁德市,福安市,384,49,11
福建省,宁德市,福鼎市,384,49,4
福建省,宁德市,古田县,384,49,17
福建省,宁德市,霞浦县,384,49,6
福建省,宁德市,市区,384,49,11
福建省,莆田市,仙游县,384,19,9
福建省,莆田市,市区,384,19,10
福建省,泉州市,安溪县,384,27,4
福建省,泉州市,德化县,384,27,7
福建省,泉州市,惠安县,384,27,2
福建省,泉州市,晋江市,384,27,4
福建省,泉州市,南安市,384,27,3
福建省,泉州市,永春县,384,27,2
福建省,泉州市,市区,384,27,5
福建省,三明市,大田县,384,41,2
福建省,三明市,建宁县,384,41,6
福建省,三明市,将乐县,384,41,3
福建省,三明市,宁化县,384,41,4
福建省,三明市,清流县,384,41,2
福建省,三明市,沙县,384,41,4
福建省,三明市,泰宁县,384,41,6
福建省,三明市,永安市,384,41,8
福建省,三明市,尤溪县,384,41,6
福建省,厦门市,市区,384,14,14
福建省,漳州市,华安县,384,51,1
福建省,漳州市,龙海市,384,51,8
福建省,漳州市,南靖县,384,51,3
福建省,漳州市,平和县,384,51,3
福建省,漳州市,云霄县,384,51,1
福建省,漳州市,漳浦县,384,51,7
福建省,漳州市,长泰县,384,51,4
福建省,漳州市,诏安县,384,51,8
福建省,漳州市,市区,384,51,16
甘肃省,白银市,会宁县,80,5,1
甘肃省,白银市,靖远县,80,5,4
甘肃省,定西市,临洮县,80,13,2
甘肃省,定西市,陇西县,80,13,4
甘肃省,定西市,岷县,80,13,2
甘肃省,定西市,通渭县,80,13,2
甘肃省,定西市,渭源县,80,13,1
甘肃省,定西市,漳县,80,13,1
甘肃省,定西市,市区,80,13,1
甘肃省,甘南藏族自治州,临潭县,80,3,2
甘肃省,甘南藏族自治州,舟曲县,80,3,1
甘肃省,金昌市,永昌县,80,2,2
甘肃省,酒泉市,敦煌市,80,2,1
甘肃省,酒泉市,市区,80,2,1
甘肃省,兰州市,皋兰县,80,10,4
甘肃省,兰州市,永登县,80,10,1
甘肃省,兰州市,榆中县,80,10,2
甘肃省,兰州市,市区,80,10,3
甘肃省,临夏回族自治州,和政县,80,2,1
甘肃省,临夏回族自治州,临夏市,80,2,1
甘肃省,陇南市,成县,80,10,1
甘肃省,陇南市,徽县,80,10,2
甘肃省,陇南市,礼县,80,10,1
甘肃省,陇南市,两当县,80,10,1
甘肃省,陇南市,文县,80,10,1
甘肃省,陇南市,西和县,80,10,1
甘肃省,陇南市,市区,80,10,3
甘肃省,平凉市,崇信县,80,10,1
甘肃省,平凉市,华亭市,80,10,2
甘肃省,平凉市,泾川县,80,10,1
甘肃省,平凉市,静宁县,80,10,1
甘肃省,平凉市,灵台县,80,10,1
甘肃省,平凉市,庄浪县,80,10,2
甘肃省,平凉市,市区,80,10,2
甘肃省,庆阳市,镇原县,80,3,1
甘肃省,庆阳市,正宁县,80,3,1
甘肃省,庆阳市,市区,80,3,1
甘肃省,天水市,甘谷县,80,7,1
甘肃省,天水市,秦安县,80,7,1
甘肃省,天水市,清水县,80,7,1
甘肃省,天水市,市区,80,7,4
甘肃省,武威市,民勤县,80,5,1
甘肃省,武威市,市区,80,5,4
甘肃省,张掖市,高台县,80,8,1
甘肃省,张掖市,临泽县,80,8,1
甘肃省,张掖市,山丹县,80,8,3
甘肃省,张掖市,市区,80,8,3
广东省,潮州市,饶平县,572,28,2
广东省,潮州市,市区,572,28,26
广东省,东莞市,市区,572,13,13
广东省,佛山市,市区,572,80,80
广东省,广州市,市区,572,79,79
广东省,河源市,和平县,572,16,1
广东省,河源市,连平县,572,16,1
广东省,河源市,龙川县,572,16,7
广东省,河源市,紫金县,572,16,3
广东省,河源市,市区,572,16,4
广东省,惠州市,博罗县,572,19,10
广东省,惠州市,龙门县,572,19,2
广东省,惠州市,市区,572,19,7
广东省,江门市,恩平市,572,33,3
广东省,江门市,鹤山市,572,33,1
广东省,江门市,开平市,572,33,8
广东省,江门市,台山市,572,33,9
广东省,江门市,市区,572,33,12
广东省,揭阳市,惠来县,572,12,2
广东省,揭阳市,普宁市,572,12,1
广东省,揭阳市,市区,572,12,9
广东省,茂名市,高州市,572,42,10
广东省,茂名市,化州市,572,42,7
广东省,茂名市,信宜市,572,42,8
广东省,茂名市,市区,572,42,17
广东省,梅州市,大埔县,572,40,4
广东省,梅州市,丰顺县,572,40,3
广东省,梅州市,蕉岭县,572,40,2
广东省,梅州市,平远县,572,40,1
广东省,梅州市,五华县,572,40,2
广东省,梅州市,兴宁市,572,40,17
广东省,梅州市,市区,572,40,11
广东省,清远市,佛冈县,572,30,2
广东省,清远市,连山壮族瑶族自治县,572,30,3
广东省,清远市,连州市,572,30,4
广东省,清远市,阳山县,572,30,3
广东省,清远市,英德市,572,30,11
广东省,清远市,市区,572,30,7
广东省,汕头市,南澳县,572,17,1
广东省,汕头市,市区,572,17,16
广东省,汕尾市,海丰县,572,12,8
广东省,汕尾市,陆丰市,572,12,4
广东省,韶关市,乐昌市,572,38,5
广东省,韶关市,南雄市,572,38,7
广东省,韶关市,仁化县,572,38,7
广东省,韶关市,乳源瑶族自治县,572,38,5
广东省,韶关市,始兴县,572,38,2
广东省,韶关市,翁源县,572,38,2
广东省,韶关市,新丰县,572,38,2
广东省,韶关市,市区,572,38,8
广东省,深圳市,市区,572,3,3
广东省,阳江市,阳春市,572,7,3
广东省,阳江市,市区,572,7,4
广东省,云浮市,罗定市,572,8,5
广东省,云浮市,新兴县,572,8,3
广东省,湛江市,雷州市,572,23,6
广东省,湛江市,廉江市,572,23,2
广东省,湛江市,遂溪县,572,23,6
广东省,湛江市,吴川市,572,23,8
广东省,湛江市,徐闻县,572,23,1
广东省,肇庆市,德庆县,572,49,4
广东省,肇庆市,封开县,572,49,5
广东省,肇庆市,广宁县,572,49,1
广东省,肇庆市,怀集县,572,49,2
广东省,肇庆市,四会市,572,49,9
广东省,肇庆市,市区,572,49,28
广东省,中山市,市区,572,23,23
广西壮族自治区,百色市,德保县,352,14,2
广西壮族自治区,百色市,靖西市,352,14,1
广西壮族自治区,百色市,凌云县,352,14,1
广西壮族自治区,百色市,隆林各族自治县,352,14,1
广西壮族自治区,百色市,那坡县,352,14,1
广西壮族自治区,百色市,田东县,352,14,1
广西壮族自治区,百色市,田林县,352,14,1
广西壮族自治区,百色市,西林县,352,14,1
广西壮族自治区,百色市,市区,352,14,5
广西壮族自治区,北海市,合浦县,352,25,24
广西壮族自治区,北海市,市区,352,25,1
广西壮族自治区,崇左市,大新县,352,35,6
广西壮族自治区,崇左市,扶绥县,352,35,4
广西壮族自治区,崇左市,龙州县,352,35,4
广西壮族自治区,崇左市,宁明县,352,35,8
广西壮族自治区,崇左市,凭祥市,352,35,5
广西壮族自治区,崇左市,天等县,352,35,2
广西壮族自治区,崇左市,市区,352,35,6
广西壮族自治区,防城港市,上思县,352,7,2
广西壮族自治区,防城港市,市区,352,7,5
广西壮族自治区,贵港市,桂平市,352,13,7
广西壮族自治区,贵港市,平南县,352,13,3
广西壮族自治区,贵港市,市区,352,13,3
广西壮族自治区,桂林市,恭城瑶族自治县,352,62,2
广西壮族自治区,桂林市,灌阳县,352,62,1
广西壮族自治区,桂林市,荔浦市,352,62,4
广西壮族自治区,桂林市,灵川县,352,62,3
广西壮族自治区,桂林市,平乐县,352,62,4
广西壮族自治区,桂林市,全州县,352,62,11
广西壮族自治区,桂林市,兴安县,352,62,3
广西壮族自治区,桂林市,阳朔县,352,62,2
广西壮族自治区,桂林市,永福县,352,62,5
广西壮族自治区,桂林市,资源县,352,62,3
广西壮族自治区,桂林市,市区,352,62,24
广西壮族自治区,河池市,东兰县,352,20,2
广西壮族自治区,河池市,环江毛南族自治县,352,20,1
广西壮族自治区,河池市,罗城仫佬族自治县,352,20,3
广西壮族自治区,河池市,市区,352,20,14
广西壮族自治区,贺州市,富川瑶族自治县,352,8,3
广西壮族自治区,贺州市,昭平县,352,8,1
广西壮族自治区,贺州市,市区,352,8,4
广西壮族自治区,来宾市,武宣县,352,6,1
广西壮族自治区,来宾市,象州县,352,6,2
广西壮族自治区,来宾市,市区,352,6,3
广西壮族自治区,柳州市,柳城县,352,14,2
广西壮族自治区,柳州市,鹿寨县,352,14,2
广西壮族自治区,柳州市,融水苗族自治县,352,14,5
广西壮族自治区,柳州市,三江侗族自治县,352,14,1
广西壮族自治区,柳州市,市区,352,14,4
广西壮族自治区,南宁市,宾阳县,352,47,2
广西壮族自治区,南宁市,横县,352,47,13
广西壮族自治区,南宁市,隆安县,352,47,2
广西壮族自治区,南宁市,上林县,352,47,2
广西壮族自治区,南宁市,市区,352,47,28
广西壮族自治区,钦州市,灵山县,352,28,7
广西壮族自治区,钦州市,浦北县,352,28,5
广西壮族自治区,钦州市,市区,352,28,16
广西壮族自治区,梧州市,苍梧县,352,35,1
广西壮族自治区,梧州市,岑溪市,352,35,9
广西壮族自治区,梧州市,蒙山县,352,35,2
广西壮族自治区,梧州市,藤县,352,35,7
广西壮族自治区,梧州市,市区,352,35,16
广西壮族自治区,玉林市,北流市,352,38,8
广西壮族自治区,玉林市,博白县,352,38,8
广西壮族自治区,玉林市,陆川县,352,38,3
广西壮族自治区,玉林市,容县,352,38,6
广西壮族自治区,玉林市,市区,352,38,13
贵州省,安顺市,关岭布依族苗族自治县,183,11,2
贵州省,安顺市,镇宁布依族苗族自治县,183,11,3
贵州省,安顺市,紫云苗族布依族自治县,183,11,2
贵州省,安顺市,市区,183,11,4
贵州省,毕节市,大方县,183,15,3
