Chrnm,Fctn,Prvn,Pftn,Cont,Spfcadd,Saltm,Chrintdc,Longit,Latit
教堂名称,建立日期,所属省份,所属地级市,所属区县,具体地址,礼拜时间,基督教堂简介,经度,纬度
安庆市圣诞堂,,安徽省,安庆市,,安徽省安庆市健康路15号,日9:00,,117.047230,30.509640
蚌埠市基督教堂,,安徽省,蚌埠市,,安徽省蚌埠市南山路135号,日8:00；六8:00,,117.364990,32.943580
滁州市基督教会,,安徽省,滁州市,,安徽省滁州市公管巷19号,日8:30,,118.309770,32.314160
阜阳市基督教会,,安徽省,阜阳市,,安徽省阜阳市解放北路164号,日8:30,,115.815010,32.909660
合肥市基督教会,,安徽省,合肥市,,安徽省合肥市宿州路74号,日8:30；14:30,,117.289460,31.862860
淮北市基督教会,,安徽省,淮北市,,安徽省淮北市相山5号工地,日8:30,,116.790466,33.978302
淮南市基督教会,,安徽省,淮南市,,安徽省淮南市光华街44号,日8:30,,116.833590,32.631420
黄山市礼拜堂,,安徽省,黄山市,屯溪区,安徽省黄山市屯溪区华山路,日8:30,,118.299011,29.718220
马鞍山市基督教会,,安徽省,马鞍山市,,安徽省马鞍山市采石九华街12号,日8:30,,118.462090,31.657339
宿州市基督教会,,安徽省,宿州市,,安徽省宿州市大河南街45号,日8:30；14:30,,116.983444,33.636778
芫湖市基督教会,,安徽省,芫湖市,,安徽省芫湖市花津路46号,日8:30；14:00,,,
崇文门堂,,北京市,,东城区,北京市崇文门内后沟胡同丁2号,日9:30,,116.420240,39.902610
宽街堂,,北京市,,东城区,北京市东城区地安门东大街东吉祥胡同10号,日9:00,,116.400782,39.933131
珠市口堂,,北京市,,东城区,北京市前门大街129号,日7:30；10:00,,116.398120,39.893280
北京基督教会崇文门堂,1870年,北京市,,东城区,北京市东城区崇内大街后沟胡同丁2号,,"北京基督教会崇文门堂始建于1870年，是美国卫理公会(美以美会)在北京乃至整个华北地区建立的第一所礼拜堂。随着教会信徒人数的不断增加，1880年卫理公会在原址重建教堂，1882年新堂落成。该堂于1900年夏，在义和团运动中被焚毁，1902年清政府拨款重建，于1904年春建成。此即今天的这座礼拜堂。现今，位于北京中心城区繁华地段的崇文门堂，因其地理位置特殊，慕名参观和来往人员众多，已经成为展示首都历史、建筑和宗教""三合一""文化的重要场所之一。崇文门堂现有教职人员13人，聚会信徒约6000人，义工800余人。主日分为汉语崇拜和朝语聚会，共设有4场汉语礼拜，1场朝语礼拜。主日下午开设慕道班、栽培班学习课程。除了主日崇拜以外，教会周间均设有聚会，并建立家庭小组、分龄小组等牧养模式，成立各种小组团契达100多个。崇文门堂积极推动社会和谐、社区和谐、教堂和谐，常年开展安老、抚孤、助残、助学、助医、助困以及关怀社区低保户、贫困户等慈善救助活动。崇文门教堂是北京市目前最古老的一座基督教新教教堂，也是一所涉外的教堂，在国内外享有一定声誉，曾经接待过美国前总统乔治布什、比尔克林顿，英国坎特伯雷大主教乔治凯瑞博士等人。著名布道家葛培理牧师也曾多次来访。主日常有国外信徒来此做礼拜，经常有国际教会间的交流活动。",116.420240,39.902610
北京海淀堂,年代不详,北京市,,海淀区,北京市海淀区彩和坊路9号,,"北京市基督教会海淀堂位于被誉为中国硅谷的海淀高新区中关村西区，占地3900平米，西临中关村创业大街，北临北京大学、清华大学。一、回顾过往、数算恩典1900年庚子教难后，基督教公理会布道会任子荣牧师在海淀区蓝靛厂等处重启宣教，成为基督教在海淀传播的最早导源。新中国成立后，1954年，中国基督教三自爱国运动委员会应运而生，海淀教会随即加入。1985年5月12日，海淀堂正式宣布复堂。2007年5月30日，海淀教会迁入新堂。二、扎根现今、主爱深广海淀新堂兴建于旧堂原址。新堂在功能上着重与现代教堂的设计理念;在造型上，由193根洁白的立柱围合而成，寓意挪亚方舟，同时也让人联想到一卷打开的圣经;教堂钟楼高48米，顶层安置3个摇摆式欧洲铜钟。每逢基督教重大节日和每一堂主日礼拜开始时，教堂铜钟便会想起，洪亮的钟声在中关村上空远远回荡。新堂落成后，海淀堂针对不同人群、以不同的方式，逐步开展了多层次的事工。主日自上午7:00至晚上19:00，共有6堂礼拜。主日全天聚会信徒近7000人次。此外，周二至周六每天早上分别开展了查经会、见证会、老年团契等聚会，周四晚上针对大学生开展了大学生团契。海淀堂多样化的聚会吸引着越来越多的国内外基督徒前来参加敬拜。海淀堂自2008年至今，分别接待过荷兰前首相巴尔克嫩德弟兄、美国前国务卿希拉里·克林顿女士、美国国会议员等外国政要、麦道卫牧师等国际知名的基督教作家。与此同时，海淀堂也经常接待来自香港、澳门及国内各个省市的基督教团体参观访问。每逢复活节、圣诞节等基督教节日，海淀堂都会举办大型庆祝与纪念活动。此外，在除夕、元旦、母亲节、父亲节、儿童节、中秋节等传统节日来临之时，海淀堂也会为弟兄姊妹奉上精彩纷呈的庆祝活动。目前，海淀堂拥有一支由15位教牧传道和12位全职同工组成的侍奉团队，吴伟庆牧师任海淀堂主任牧师。教牧团队除分别带领海淀堂的诗班、查经小组、义工队伍及各类团契等，还负责牧养海淀区内的分堂及聚会点。目前，海淀堂近40多个聚会点均采取了""以堂带点，牧师负责，分区管理""的管理方式。全职同工分别负责协助牧师传道开展儿童主日学、青少年主日学、音像、网络、消防安全、义工培训等事工。海淀堂共有义工1000余名，分别在诗班、接待、宣传、音像、网络等不同的岗位上尽心尽力地服侍。2010年12月，海淀堂荣获""首届全国创建和谐宗教场所""先进集体称号。海淀堂在自身发展的同时，也引导信徒主动服务社会，开展各类慈善事工。不仅定期组织探访敬老院、孤儿院，资助在京就读的少数民族学生，支持燕京神学院的神学教育，而且与贫困山区的教会建立联系，开展扶持帮助的事工。同时，在祖国同胞遭遇重大灾难时，也于第一时间以祷告和奉献支持灾区人民。三、展望未来、充满盼望伴随着主日敬拜的钟声，海淀教会众弟兄姊妹的迦南之路不断迈入新的里程。愿神亲自带领和保守海淀堂的弟兄姊妹及各项事工，使之能更好发挥金灯台的作用，指引更多失丧的灵魂归回耶稣基督的怀抱。",116.307880,39.983170
缸瓦市堂,,北京市,,西城区,北京市西四南大街57号,日7:30；9:30；13:00；19:00,,116.373340,39.921290
福州市天安堂,,福建省,福州市,仓山区,福建省福州市仓山天安里15号,日8:30；14:30,,119.311821,26.044992
福清市城关堂,,福建省,福州市,福清市,福建省福清市后埔路189号,日8:00；19:00,,119.384110,25.720240
福清市西大堂,,福建省,福州市,福清市,福建省福清市西大路10号,日8:00；19:00,,119.384110,25.720240
福州市观巷堂,,福建省,福州市,鼓楼区,福建省福州市鼓楼区观巷9号,日8:30,,119.306850,26.080460
福州市苍霞堂,,福建省,福州市,台江区,福建省福州市台江区交通巷17号,日8:30；19:00,,119.314140,26.052700
福州市花巷堂,,福建省,福州市,,福建省福州市八一七北路花巷7号,日8:35；19:00；六9:00；14:00,,119.299650,26.084520
福州市铺前堂,,福建省,福州市,,福建省福州市台中区817中路772号,日8:30；14:30,,119.331047,26.085510
南平市福音堂,,福建省,南平市,,福建省南平市东山路17号,日8:30,,118.182110,26.639320
莆田市莆田堂,,福建省,莆田市,城厢区,福建省莆田市城厢区仓边巷14号,日9:00；14:00；19:00,,118.994720,25.418780
莆田市基督教堂,年代不详,福建省,莆田市,荔城区,福建省莆田市荔城区北大街77号,,"莆田基督教堂，原名天道堂，原为美以美会兴化年议会总堂，为东南亚四大教堂之一，亦是中国中西合璧保存完整的近现代代表性建筑之一。1864年，基督教传入福建莆田地区(时称兴化)，1894年在坊巷购得""奕世金紫""故址，改建教堂称""天道堂""，可容纳千人聚会。1896年兴化教区成立年议会，辖有府城、涵江、黄石、笏平、仙游五个教区。随着信徒人数不断增加，天道堂无法满足信徒聚会需要，教会于1915年在马台里(后称仓边巷14号，今为北大北街77号)购地四亩多建造新堂，1918年竣工，1920年1月投入使用，大教堂建筑面积为1572平方米，能容纳会众三千余人。教堂建筑融中西建筑艺术风格为一体，既有中国宫殿式的古朴典雅之庄重，又有哥特式的雄伟宽敞之壮观。屋顶采用中国传统的挑檐与翘角的造型，瓦屋面，门窗则采用哥特式造型，向外凸出，使墙面富于变化。外墙采用粗糙的花岗岩条石砌筑，具有立体感。教堂的设计有其独到之处，屋架为钢筋混凝土结构，内部宽敞明亮。平面凸字形，向北面凸出部分设讲台，缩短纵向的视距接近于两旁横向视距，使听觉及视觉基本上保持一致。东南角及西南角均隔建成楼梯间及辅助用房，当声波扩散时被东西两处墙角抗阻，不致产生回声。堂内柱子极少，可最大限度减少对信徒视线的遮挡。文革期间，教堂停止宗教活动。1984年，天道堂归还教会，经重新整修后于1986年3月9日重新恢复礼拜，定名为""基督教莆田堂""。1993年6月，基督教莆田堂被评为市级文物保护单位。1996年被评为福建省第四批省级文物保护单位。莆田堂教会经过建殿辉耀、倡学慈善、兴化五旬节、宋博士奋兴会、遭日机重弹轰炸、落实政策重新开堂、同心协力复兴主工、市两会成立作为驻地……使这古韵新姿的教堂显得更加神圣庄严。",119.015010,25.431310
泉州市泉南堂,,福建省,泉州市,,福建省泉州市中山中路374号,日9:00；14:00,,118.590740,24.911100
泉州市泉西堂,,福建省,泉州市,,福建省泉州市西街208号,日9:00；14:00,,118.583050,24.913860
厦门新街基督教堂,1848年,福建省,厦门市,思明区,福建省厦门市思明区台光街29号,,"新街基督教堂位于福建省厦门市思明区台光街29号，是中国最早建造的新教教堂，有""中华第一圣堂""的誉称，福建省省级文物保护单位。1842年2月，美国归正教会派遣雅卑理牧师(DavidAbeel)来厦传教，福音开始传入厦门。1844年4月，美国归正教会又派遣波罗满牧师(W.J.Pohlman)和罗啻牧师(ElihuDoty)来厦接替雅卑理的工作。他们于1847年在市中心东边的新街仔购买了一块4000尺的土地建造教堂，1848年开始动工，年底竣工，次年2月11日举行献堂典礼。这座教堂原为希腊建筑风格，砖木结构，取名""新街礼拜堂""。由于教堂年久失修，1928年教堂屋顶塌陷，于1933年原址重建，1935年竣工。整个教堂的建筑为罗马风格，红色坡顶，前廊柱则由原来的四根改为六根，屋顶前面建有八边形钟塔，塔内悬挂1848年购置的美国制造的铜合金钟。在主堂外正面上方镶嵌一椭圆形石匾，其铭文是""敬拜真神大主宰之堂/耶稣降生一千八百四十八年/道光廿八""。圣殿前廊的墙上镶嵌中华基督教会全国总会分别于1933年和1935年赠送的""中华第一圣堂""和""耶和华驻驿之所""两块石匾，一直留存至今。文革期间，教堂被迫停止聚会。十一届三中全会以后，党的宗教信仰自由政策得到贯彻落实，该堂于1979年8月26日率先复堂。复堂以来，在上帝的恩眷下，各项事工不断发展，设立了圣工部、团契部、圣乐部、关怀部、总务部及办公室六大部门，下辖四十六个事工小组，先后恢复了圣歌团、查经会、祷告会、问道班、主日学、探访组及青年团契，成立了中老年团契、少年团契、文字组、英语角、青年诗班、彩虹诗班、主日学诗班、少年诗班、主日接待组、济贫组、婚姻辅导小组、丧事组、医务组、后勤组、社区关怀基金、山区教牧爱心基金、志愿消防队、安全疏导班……近年来教堂每年还举办基要真理培训、培灵会、同工退修会、长执培训、专项事工培训、烛光礼拜、圣乐崇拜、主日学营会、青少年夏令会、闽南语培训、事工研讨会等，以多元的方式牧养信徒。",118.082110,24.453630
厦门市三一堂,,福建省,厦门市,,福建省厦门市鼓浪屿安海路71号,日9:00；14:30；19:30,,118.067020,24.444210
厦门市竹树堂,,福建省,厦门市,,福建省厦门市开禾路133号,日9:00,,118.074730,24.459830
漳州市东坂后堂,,福建省,漳州市,,福建省漳州市新华西路216号,日9:00；14:30,,117.651210,24.508250
白银市白银堂,,甘肃省,白银市,,甘肃省白银市工农路4号,日12:00,,104.170031,36.537319
嘉峪关市基督教会,,甘肃省,嘉峪关市,,甘肃省嘉峪关市文化北路1号,日10:00,,98.260750,39.797204
酒泉市礼拜堂,,甘肃省,酒泉市,,甘肃省酒泉市雄关路大桥教会,日10:00,,98.497925,39.745243
兰州市基督教山字石礼拜堂,1885年,甘肃省,兰州市,城关区,甘肃省兰州市城关区张掖路88号,,兰州市基督教山字石礼拜堂地处兰州市城关区张掖路88号(街道)，山字石社区。其创建于1885年，具有悠久的历史，占地五亩左右，建房80余间，属于基督教基要派信仰背景，本堂后在原址重建，风格为二进式四合院，中间为礼拜堂。随着改革开放的深入发展，土木结构的教堂已不能满足信教群众聚会的需要，1998年6月山字石礼拜堂在原址翻建，为框架结构，活动场所占地面积约1亩，建筑面积近5000平米，共6层，是目前兰州基督教最大的宗教活动场所。2017年4月兰州山字石礼拜堂进行装修，装修后的山字石堂焕然一新，具有更多的基督教信仰元素。兰州山字石礼拜堂现有牧师3人，长老9人，信徒约有3500人。本堂的牧养特点是:从2005年开始建立了按龄牧养的成长班，截止到今年，共有16个成长班，每班约有50人，有牧师、长老、传道人教导;已举办基础信仰班77期，分24节课，每期有4至5位主讲与助教带领;另有16岁以下的主日学班级(按龄分班)，有70位老师带领;还有周六、主日的崇拜、大堂祷告会、妇女会、晨更会、福音布道会、培灵会、婚、丧葬礼等宗教活动。,103.827820,36.059300
平□基督教堂,,甘肃省,平凉市,,甘肃省平凉市南后街1号,日9:00,,106.674770,35.542580
天水市奏城区堂,,甘肃省,天水市,,甘肃省天水市解放路韩家巷3号,日9:00,,105.889650,34.570240
武威市礼拜堂,,甘肃省,武威市,,甘肃省武威市基督教会(县府巷),日10:00,,102.641762,37.929409
西峰市基督教堂,,甘肃省,西峰市,,甘肃省西峰市北郊基督教会,日12:00,,,
张掖市礼拜堂,,甘肃省,张掖市,,甘肃省张掖市青年西街149号,,,100.450830,38.933390
东莞市福音堂,,广东省,东莞市,,广东省东莞市莞城仁和里四巷一号,日12:00,,113.756950,23.044682
佛山市贲恩堂,,广东省,佛山市,,广东省佛山市莲花路71号,日12:30,,113.115470,23.034160
广东省基督教沙面会堂,1865年,广东省,广州市,荔湾区,广东省广州市荔湾区沙面南街60号,,沙面堂，现址为广州市荔湾区沙面南街60号。历史上曾称之为广州外国人教堂、圣公会基督堂、沙面基督堂、基督教沙面堂、广东省基督教沙面会堂，简称沙面堂。其主要建筑物为主堂、牧师楼(也称主教楼)、大小花园两处及其它附属建筑。主堂及牧师楼为维多利亚风格。主堂塔顶为罗曼式的穹隆;其设计富有异国风情，建造技术则由中国工匠根据当地气候条件糅合了岭南建筑的特点，是岭南地区之中西合璧建筑精品，现为国家A级重点保护文物。沙面堂约始建于清朝1865年，位于原英法租界沙面岛西南端，原为广州通商口岸外国船员崇拜教堂，后为外国人公共崇拜教堂;属英国圣公会港粤教区主管时改名基督堂，后由中华圣公会华南教区接续管理。1949年至改革开放前，沙面堂由政府代管及使用。1989年政府落实政策，教堂、牧师楼及附属房产收归广东省基督教两会管理。经大力的修缮于1992年恢复正常使用。沙面堂除了举行崇拜外还兼负两会的接待和交流任务，故称为沙面会堂。1993年至2001年，在广东协和神学院迁出东山旧址、等候建设白云新校舍期间，省两会使用沙面会堂牧师楼作为广东协和神学院的校舍，一度成为培育神职人员的摇篮。目前，沙面堂为广东省基督教两会直属堂会，现由堂主任林恩灵牧师等四位专职教牧团队负责日常牧养事工。除了三场主日崇拜外还开设查经班、圣经研读班、学者团契及摄影团契等各种学习培训、团契活动及10个圣乐团队;礼拜人数合计近千人。,113.241670,23.106690
广州基督教天河堂,2017年01月14日,广东省,广州市,天河区,广东省广州市天河区大观中路16-20号,,"天河堂为广州教会自行筹建，并于2017年1月14日正式落成启用，占地总面积8830平方米，建筑面积9907平方米的一间集多功能于一体的综合性教堂。内设主堂、副堂、钟楼、综合楼和附属楼。主堂、副堂共可容纳2500-3000人，综合楼设有中国社科院基督教研究中心广州调研基地、广州市基督教历史文化研究中心以及广州市基督教神学培训中心。作为一座新时代的教堂，天河堂在建筑风格的设计定位上充分体现了基督教信仰与时俱进的特征，并透过""耶稣生平""两幅大型漆画、""主是好牧人""等三座雕塑、以剪纸艺术手法创作的""八福""主题彩玻以及大秦景教流行中国碑(仿制)等来表达广州教会在当下对基督教中国化的重要精神以及体现天河堂肩负传承历史文化使命的决心。天河堂落成启用以来，在各方面的建设均取得了一定的成效。一方面，天河堂不断完善管理制度，优化场所环境，努力成为广州教会规范化管理的标杆。另一方面，天河堂藉着良好的平台优势，努力整合各方资源，透过承办各类主题文化活动以及与海内外友好宗教团体建立联系和互动，努力成为展现国家宗教信仰自由政策以及广州作为国际化大都市形象的窗口，从而更好地促进广州教会适应发展需要，助力推动基督教中国化的进程。",113.409843,23.151171
广州市救主堂,,广东省,广州市,,广东省广州市万福路184号,日9:00；19:30,,113.271320,23.119740
广州市锡安堂,,广东省,广州市,,广东省广州市人民中路392号,日12:00；19:30,,113.253900,23.122860
广州市东山堂,,广东省,广州市,,广东省广州市东山寺贝通津9号,日10:00(普通话)12:00；六12:30,,113.304024,23.121653
河源市福音堂,,广东省,河源市,,广东省河源市卫星区福音堂,日11:00,,114.691017,23.733461
惠州堂,,广东省,惠州市,,广东省惠州市中山西路6号之一,日12:00,,114.405353,23.092587
台山堂,,广东省,江门市,台山市,广东省台山市台城台西路186号,日12:00,,112.788930,22.252740
梅州市东门礼拜堂,,广东省,梅州市,,广东省梅州市区东门大康巷10号,日9:30,,116.116990,24.309960
清远堂,,广东省,清远市,清城区,广东省清远市清城区上濠基177号,日午1:00,,113.036728,23.705578
汕头市西堂,,广东省,汕头市,,广东省汕头市民权路146号,日9:30；晚19:00,,116.678340,23.356020
深圳市基督教堂,,广东省,深圳市,,广东省深圳市和平路22号,日9:00；12:00；19:00,,114.039861,22.671849
湛江市福音堂,,广东省,湛江市,霞山区,广东省湛江市霞山区延安路14号,日9:00,,110.412164,21.195051
中山市太平堂,,广东省,中山市,,广东省中山市石岐太平路高家基6号,日12:00,,113.372414,22.522602
田东县基督教会,,广西壮族自治区,百色市,田东县,广西壮族自治区田东县南华街193号,日12:00,,107.126080,23.597240
百色市基督教会,,广西壮族自治区,百色市,,广西壮族自治区百色市文明街131号,日12:00,,106.624950,23.899150
德保县基督教会,,广西壮族自治区,百色市,,广西壮族自治区德保县城关东安大街141号,日12:00,,106.615500,23.323400
北海市基督教会,,广西壮族自治区,北海市,,广西壮族自治区北海市珠海西路117号,日9:00,,109.110250,21.481930
桂林市基督教会,,广西壮族自治区,桂林市,,广西壮族自治区桂林市中山中路456号,六19:30；日12:30,,110.296463,25.281639
柳州市基督教会,,广西壮族自治区,柳州市,,广西壮族自治区柳州市北鹊路65号,日12:00,,109.446260,24.339410
融安县基督教会,,广西壮族自治区,柳州市,,广西壮族自治区融安县长安镇新华街,日12:00,,109.402168,25.225840
宾阳基督教会,,广西壮族自治区,南宁市,宾阳县,广西壮族自治区宾阳宾州镇仁爱西街288号,日12:00,,108.795677,23.215851
南宁市共和路礼拜堂,,广西壮族自治区,南宁市,,广西壮族自治区南宁市共和路168号,日12:00,,108.323470,22.817560
南宁市教会,,广西壮族自治区,南宁市,,广西壮族自治区南宁市中山路65号,日、六8:30,,108.323880,22.806730
钦州市基督教会,,广西壮族自治区,钦州市,,广西壮族自治区钦州市宜兴街39号,日12:00,,108.573240,22.170750
梧州市教会,,广西壮族自治区,梧州市,,广西壮族自治区梧州市大中路5号,日、六9:00,,111.315740,23.473580
玉林市基督教会,,广西壮族自治区,玉林市,,广西壮族自治区玉林市县前路100号,日11:00,,110.051250,22.579570
安顺市基督教堂,,贵州省,安顺市,,贵州省安顺市文化路2号,日11:00,,106.255300,26.405740
毕节市基督教堂,,贵州省,毕节地区,毕节市,贵州省毕节市文笔路21号,日10:00,,105.278325,27.309981
赤水市教会,,贵州省,赤水市,,贵州省贵州省赤水市基督教堂,日10:00,,107.463814,27.768148
贵阳市青岩基督教堂,,贵州省,贵阳市,花溪区,贵州省贵阳市花溪区青岩镇,日13:00,,106.688416,26.333208
贵阳市基督教堂,,贵州省,贵阳市,,贵州省贵阳市黔灵西路68号,日9:00；14:00,,106.709390,26.586390
都匀市基督教堂,,贵州省,黔南布依族苗族自治州,都匀市,贵州省都匀市广惠路,日9:00,,107.517342,26.260330
铜仁市基督教堂,,贵州省,铜仁地区,铜仁市,贵州省铜仁市双江路28号,日12:00,,109.264330,27.816210
遵义市基督教堂,1919年,贵州省,遵义市,红花岗区,贵州省遵义市红花岗区老城杨柳街13号,,"遵义基督教堂，乃由四个宗派联合组成。远在十九世纪末，基督教内地会美国牧师潘惠廉便到遵义租房传教;1903年于丁字口购地约2500平方米拟建教堂(现区政协大楼址);1916年开办小学历时约10余年;1919年建基督教""福音堂""。1932年，安息日会由华西联合会贵东区会执委会派传教士李德馨至遵义老城租房设堂传教;1948年于丰乐路建礼拜堂。1939年9月，中华圣公会由鄂湘教区传教士杨廷璋至遵义新东门租房传教，同时开办遵道小学;1948年在中华南路建的""马可堂""竣工使用。1946年，卫道会美国籍牧师卫格尔到遵义老城西门沟租房传教，并成立卫道会遵义分会，不久于法院街建成教堂。遵义基督教有着积极支持中国革命的光荣传统。1935年红军两次进入遵义时，遵义基督徒以药物支援了红军;原内地会福音堂曾作过苏维埃银行营业厅，并为邓发、傅连章等领导同志提供住处。该会瑞士籍传教士薄复礼离开遵后，曾为红军翻译一张法文贵州省大地图、募集一万银元和一批药物，并于1936年向西方如实报道了红军;1988年，原红军首长肖克题词称赞薄复礼为""中国人民的老朋友""，并在后来的电视片《长征纪实》中留下了珍影。三自爱国运动发起后，遵义基督教也积极响应和支持，于1959年5月28日联合各宗派成立了遵义市基督教三自爱国运动委员会，并举行联合礼拜。文革期间，各教堂被迫关闭。改革开放后，1982年复堂。复堂后的遵义基督教，配合政府工作，1982年3月24日，为了支持政府修建政协大楼，让出丁字口""福音堂"";1993年10月16日，为了配合市政规划，让出中华南路""马可堂""黄金地段。1997年9月27日，遵义基督教迁至政府补偿的现遵义杨柳街""基督教堂""。目前，遵义基督教堂有信徒2000余人，工作班子为三自爱国运动委员会、教务委员会和堂务委员会，三块牌子一套人马;本届成员8人，牧师1人，副牧师1人，传道员1人。为加强自身建设，内强素质，外树形象，遵义基督教正着重一手抓工作，一手抓学习。除礼拜四外，每天均有新旧约查经聚会、要道学习、诗班团契等活动。讲台事奉中，遵义基督教同工们比较重视圣经真理在社会主义社会中的积极意义，弘扬圣经中的爱国主义和伦理道德，强调基督徒离恶向善，作盐作光，做国家的好公民。遵义基督教也积极担当社会责任，曾为地震、泥石流、洪涝、雪凝等自然灾害，以及关顾孤残儿童、空巢老人、留守儿童、火灾家庭、患病人士等社会公益事业，捐款约80万元，被区政府评为""扶贫济困""先进团体、""五好宗教""活动场所;2012年6月，被中国基督教两会评为""为经济社会发展做出积极贡献""的全团性先进团体，还获得贵州省省级优秀""和谐寺观教堂""荣誉称号。未来，遵义基督教还将循着三自爱国道路，坚持基督教中国化方向，积极参与中国基督教的神学思想建设活动，为建设更加荣神益人的基督教会而努力奋斗。",106.919800,27.687190
遵义市马可堂,,贵州省,遵义市,,贵州省遵义市中华南路73号2楼,日13:00,,106.931139,27.686274
儋州市那大教堂,,海南省,儋州市,,海南省儋州市那大镇东风路156号,日10:00,,109.575680,19.509310
三亚市基督教堂,,海南省,三亚市,,海南省三亚市(红沙镇)基督教堂,日9:00,,109.563774,18.243565
琼海市加积教堂,,海南省,,琼海市,海南省琼海市加积镇五德街40号,日12:30,,110.467621,19.244394
文昌市基督教会,,海南省,,文昌市,海南省文昌市文城镇沿江路九号,日10:00,,110.760300,19.618500
保定市伯特利堂,2006年06月24日,河北省,保定市,莲池区,河北省保定市莲池区莲池南大街1768号,,"伯特利堂坐落于古城保定市莲池区莲池南大街1768号，是保定市基督教两会的直属堂，保定地区教会的中心堂。于2006年6月24日奠基，2007年9月24日竣工，同年11月23日献堂并正式投入使用，占地面积11.5亩，建筑面积6100平方米，可容纳3000人聚会。目前，有9位牧师，1位长老，3位传道员，15位工作人员。自建成投入使用以来，承担了崇拜聚会、圣礼举行、节期活动、工人培训、会议学习、来访接待、社会服务等方面的工作。在牧养工作中，不仅顾及本堂，还兼顾下属的25个县(市、区)教会的义工培训、主日聚会、两大圣礼的主持、培灵会等方面的需求。伯特利堂积极宣传党的宗教信仰自由政策、宣传正信宗教，带领广大信徒为构建宗教和谐及社会和谐做贡献。曾被国家宗教事务局评为""首届全国创建和谐寺观教堂先进集体"";被中国基督教两会评为""中国基督教公益慈善事业先进集体"";被河北省民族宗教事务厅评为""弘扬爱国爱教传统、共建和谐河北先进集体"";多次被保定市委、市政府和省、市宗教部门评为""五好宗教活动场所""、""维护社会稳定工作先进集体""。",115.497180,38.821360
保定市基督教会,,河北省,保定市,,河北省保定市花园街76号,日9:00,,115.458750,38.877570
沧州市基督教会,,河北省,沧州市,,河北省沧州市李家花园13号,日9:30,,116.860809,38.309776
承德竹林小区基督教堂,,河北省,承德市,,河北省,日9:00,,117.906593,40.781170
邯郸市基督教会,,河北省,邯郸市,,河北省邯郸市西街190号,日9:30；14:30,,114.493390,36.618530
廊坊基督教会,,河北省,廊坊市,,河北省廊坊市建国道24号,日9:30,,116.720796,39.519804
奏皇岛市基督教会,,河北省,秦皇岛市,,河北省奏皇岛市民族路文明里,日9:30；14:00,,119.608688,39.938644
石家庄市基督教福音堂,1921年,河北省,石家庄市,新华区,河北省石家庄市新华区新华路94号,,"石家庄市基督教福音堂，位于石家庄市新华区新华路94号，是石家庄市基督教两会直属堂。1921年，丹麦神召会冉彼得牧师主持建造，共耗资3万美元。原""福音堂""为脊瓦式建筑格式，砖木结构，宽9米，长20米，建筑面积200平方米，可容纳400人。教堂顶部用汉白玉石雕刻一横幅，上书""归耶和华为圣""六个大字。大门两侧以白玉石雕刻两竖联，文曰""尽心尽性尽力尽意""、""一主一信一洗一神""。原""福音堂""至今仍然使用。1998年，石家庄市基督教两会自筹资金在原址后方建立新堂，于12月20日献堂，新堂长45.9米，宽21米，高39.42米(至十字架顶部)，建筑面积约3200平方米，可容纳两千人聚会。组织架构:堂管会设有教会事工部、财务事工部和总务事工部。教务事工涵盖了讲道牧会、日常聚会、圣礼主持、节期崇拜、诗班圣乐、青年事工、老年事工、查经祷告、重大活动等事工;财务事工涵盖了财务室和开箱组等事工;总务事工涵盖了售书室、房产基建、伙食供给、卫生清洁、车辆管理、消防安全、音控管理、后勤保障、堂会服侍等事工。现有教牧及工作人员30位。福音堂牧养石家庄周边50多个聚会堂点的上万名信徒。",114.480350,38.047580
唐山市教会,,河北省,唐山市,,河北省唐山市建国路北区五家庄街3号,日9:30,,118.206826,39.627476
邢台市礼拜堂,,河北省,邢台市,,河北省邢台市新西街78号,日9:30；日下午2:30,,114.498500,37.060300
张家口市基督教会,,河北省,张家口市,桥西区,河北省张家口市桥西区清真寺巷1号,日9:30,,114.869370,40.819560
安阳市教会,,河南省,安阳市,,河南省安阳市红星路中段39号,日8:30,,114.359426,36.108647
焦作市教会,,河南省,焦作市,,河南省焦作市生产南街61号,日8:30,,113.230640,35.240520
开封市西门大街礼拜堂,1935年,河南省,开封市,鼓楼区,河南省开封市鼓楼区西门大街131号,,"毗邻开封市鼓楼区西司河畔，在西门大街131号，伫立着一座庄严而秀美的以现代建筑工艺结合传统风格的教堂——开封市西门大街礼拜堂。1933年豫中信义会派王天修来开封传教。1935年在西门大街原154号，购民房5间，开始布道并办识字班。同年，一对美国传教士夫妇从禹县来到西门大街，购地2.217亩建堂。1986年重新开放，1997年原地扩建，建筑面积约1580㎡。因西门大街是开封主干道之一，依傍于""大宋御河""西岸并临街而立的西门教堂就成为了一座亮丽的景点式教堂。西门大街教堂现有信徒约1500人，主日崇拜分为上、下午两场。周间活动包括:识字班、祷告会、同工会、见证会、查经班、电脑班、吉他班、民乐队、舞蹈组、赞美操组、提摩太青年团契、赞美团契、研经团契等。教堂设有12个组，分别为:圣餐组、迎宾组、服务组、司琴组、购物组、电工组、后勤组、财会组、马大组、文字组、早祷组、信仰咨询组。每组设立正、副组长各一名，大家彼此配搭，共同服侍，荣神益人，兴旺福音!该堂现有牧师3人、长老1人、神学生4人、堂委7人，义工传道员15人。教会异象为""三个一"":一支队伍，着力打造一支凝聚在基督里的同工队伍;一间学校，教会当满足信徒信仰、生活等之学习与灵命成长的需求;一个家庭，要让每一个来到教会之人都能感受到浓浓的基督之爱!""三个一""的西门教会，虽初具规模，却需要在上帝的带领与圣灵的感动下不断地发展、提高、壮大，前方，我们""当走的路甚远""(王上19:7)……",114.339220,34.799990
开封市西门里礼拜堂,,河南省,开封市,,河南省开封市西门里,日9:00,,114.398773,34.602852
开封市南关礼拜堂,,河南省,开封市,,河南省开封市医院前街,日8:30,,114.348602,34.780281
