Chrnm,Drctnm,Prvn,Pftn,Cont,Spfcadd,Mastm,Chrintdc,Topshr,Kcrsusp,Longit,Latit
教堂名称,教堂主管,所属省份,所属地级市,所属区县,具体地址,弥撒时间,天主教堂简介,是否为国内朝圣地,是否为国家文物保护单位,经度,纬度
安徽省圣母无染原罪天主堂,郑福起,安徽省,安庆市,潜山县,官庄镇,,,,,117.048470,30.506762
官庄镇天主堂,郑福起,安徽省,安庆市,潜山县,官庄镇,,,,,116.613129,31.015831
安庆市耶稣圣心堂(原主教座堂),胡小树神父,安徽省,安庆市,迎江区,安徽省安庆市锡麟街52号,,安庆天主堂坐落于安庆市孝肃路和锡麟街交汇处，地处繁华商业街区，交通便利。整个建筑群占地面积5841平方米，建筑面积6091平方米，由耶稣圣心堂、神父楼、门厅及庭院组成，是近现代天主教重要的史迹及代表性建筑。,,全国重点文物保护单位,117.048200,30.506105
蚌埠天主堂,张德信 神父,安徽省,蚌埠市,龙子湖区,安徽省蚌埠市淮河路412号,,奉耶稣圣心为主保的蚌埠天主堂历史悠久，教友虔诚，热情，荣主益人，圣教广扬!耶稣圣心尔国临格于中国!(那个照片不是这个教堂),,,117.370030,32.945260
五河县天主堂（若瑟善终堂）,王东平神父,安徽省,蚌埠市,五河县,安徽省五河县中兴路120号天主堂,,位于中兴路与淮河路交汇处，五河宾馆斜对面。,,,117.890938,33.144440
茆家窝天主堂,茆守海      邵秀杰,安徽省,亳州市,蒙城县,安徽省亳州市蒙城县篱笆镇孙圩村茆家窝天主堂从蒙城县汽车站坐到篱笆汽车站下车向西五公里到了。,,光绪十一年【1885】，茆宗先会同法国神父禄世道在茆家窝建天主教堂七间和女教堂一所，住房32间，发展教友200多人，修女2人，设小型医疗室，创办小学。现在正在恢复教堂，请为我们祈祷。,,,116.379143,33.047600
涡阳县天主教堂,刘启仁神父,安徽省,亳州市,涡阳县,西关曹子巷11号乘火车-涡阳站,,始建1895年在现今张火公所，1903年在涡阳北门外偏西涡河南岸购得姓肖中式瓦.草屋一处，1904年聂思聪(法)神父任第一任本堂，传教13年.1917年从上海调来徐佩名(中)神父传教4年.1921-1952年先后有谢书麟(中)应屏国(意)那义威(意)毛雅廷(意)四位神父(副本堂略)1952年春毛雅廷神父回意大利后，由堂里胡学名.凌士英两位修女坚守至改革开放有万杰来任本堂神父至2005年.2007年刘启仁神父从主教府调来至今,,,116.215810,33.492850
巢湖市西圣行政村露德天主堂,,安徽省,巢湖市,,安徽省巢湖市西圣行政村,主日弥撒:8:00,主日弥撒:8:00,,,117.889370,31.623290
池州市贵池县天主堂,范敏修女,安徽省,池州市,贵池县,安徽省池州市贵池县秋浦路6号,,新教堂正在建设装修当中，请各位教友为此祈祷，光荣天主!,,,117.567330,30.686730
圣类思教堂,主管张德信神父代管教堂李红修女,安徽省,滁州市,凤阳县,凤阳县南苑小区天主堂2，3路到妇幼保健站下车,,,,,117.554222,32.858170
类思天主堂,,安徽省,滁州市,凤阳县,滁州市凤阳县天主堂2，3路公交到教堂,,凤阳教堂2006年开堂，能容纳300-400教友，教友甚少，请主内弟兄姊妹为我们祈祷,,,117.554222,32.858170
阜阳市天主堂,李合亮神父,安徽省,阜阳市,颍州区,安徽省阜阳市颍州区双清路颖州区双清路122号西临西二环阜南路东临阜王路北临清河路南临南二环,,,,,115.796190,32.888830
阜阳市颖上县天主堂,许小波神父,安徽省,阜阳市,颖上县,颖上县解放北路天主堂巷颖上县解放北路天主堂巷,,,,,115.807907,32.886532
合肥市天主堂,,安徽省,合肥市,庐阳区,安徽省合肥市金寨路45号,,,,,117.263880,31.833480
合肥基督君王主教座堂,凌旭神父,安徽省,合肥市,新站区,合肥市新站区扶疏路天主堂（老皖江厂菜场附近）平日弥撒早上07:00在小圣堂举行，主日弥撒下午2:00在大圣堂举行。公交站牌：季大圩，蓝天酒店用品城,,,,,117.323936,31.917931
合肥露德圣母堂,程忠良神父,安徽省,合肥市,中市区,三孝口金寨路光明小区1号（老46中对面交通银行旁边的教堂巷）乘坐17/122/126/133/162/701/901路公交车三孝口站牌下车，金寨路老46中对面的教堂巷。（火车站可以乘坐1路公交到廻龙桥站牌下，往回走一站路即到）,主日弥撒早上08:30，平日弥撒早上07:00.,主日弥撒时间早上08:30，平日弥撒早上07:00.每周四晚7:30-8:30朝拜耶稣圣心一小时祈祷活动;每周六晚7:30-8:30圣经学习;主日弥撒后，青年聚会，慕道班学习。,,,117.275238,31.858946
淮北天主堂,张老师,安徽省,淮北市,烈山区,安徽省淮北市烈山区烈山镇宋庄从市里乘12路车,,,,,116.953499,33.928364
临涣镇天主堂,王神父,安徽省,淮北市,濉溪县,安徽省淮北市濉溪县临涣镇天主堂安徽省淮北市濉溪县临涣镇天主堂文昌宫南100米,,濉溪县汽车站乘车到临涣文昌宫下,,,116.558769,33.687122
淮北市相山区晚餐堂,徐祖华,安徽省,淮北市,相山区,安徽省淮北市相山区钟楼,,101省道淮北段,,,116.794250,33.959990
黄山市天主堂,沈新远,安徽省,黄山市,屯溪区,安徽省黄山市屯溪区黎阳后底西20号横江桥直行至红绿灯左转约1000米即到,,,,,118.315100,29.695800
六安圣若瑟堂,张载云神父,安徽省,六安市,金安区,六安市金安区东大街堂子巷,,公交301路始发站边,,,116.492393,31.752460
马鞍山市天主堂,,安徽省,马鞍山市,雨山区,雨山区采石洪家巷火车站坐4路车到采石,,,,,118.459801,31.650660
采石洪家巷耶稣圣心堂,,安徽省,马鞍山市,雨山区,马鞍山采石洪家巷,,安徽马鞍山天主堂和采石洪家巷耶稣圣心堂是一个堂重复,,,118.496132,31.663639
候庄圣若瑟天主堂堂,李丽华,安徽省,宿州市,砀山县,安徽省砀山县周寨镇候庄,,候庄天主堂是安徽北部最早接受信仰的地方。原河北保定主教范学淹曾在此主持教务。现以荣休张振东神父在此备修。,,,116.453700,34.559020
砀山县汪阁圣若瑟天主堂,李丽华修女,安徽省,宿州市,砀山县,安徽省砀山县李庄镇汪阁天主堂在310国道旁边,,,,,116.486300,34.389380
关帝庙镇圣维雅奈天主堂,宋延思,安徽省,宿州市,砀山县,安徽省宿州市砀山县关帝庙镇省道101354公里处（庞桥）,,,,,116.394200,34.351580
黄新庄沙勿略堂,,安徽省,宿州市,砀山县,安徽省宿州市砀山县关帝庙镇黄新庄,,,,,116.394200,34.351580
郑庄天主堂,郑福启,安徽省,宿州市,砀山县,砀山――谢集,,,,,116.212418,34.479759
天主教蚌埠教区八里井圣母圣心堂,李掌印修士,安徽省,宿州市,砀山县,安徽省砀山县关帝庙镇八里井村,,圣母圣心堂,,,116.394200,34.351580
玄庙镇中华圣母堂,汤霞,安徽省,宿州市,砀山县,安徽省宿州市砀山县玄庙镇,,砀山城北20公里,,,116.361900,34.564420
砀山方济各沙勿略天主堂,赵神父,安徽省,宿州市,砀山县,安徽省砀山县城关镇育新南街41号天主教堂砀山县中心医院对面,,砀山火车站乘1，2，3路公交车到中心医院下。砀山汽车总站乘7路公交车到中心医院下车,,,116.342148,34.421452
曹庄镇圣母堂,郑福启,安徽省,宿州市,砀山县,安徽省宿州市砀山县曹庄镇,,砀山---谢集线，向北3公里,,,116.203600,34.423690
王井中华圣母天主堂,汤霞,安徽省,宿州市,砀山县,玄庙镇,,,,,116.977280,33.640040
灵璧县天主堂,王新建神父,安徽省,宿州市,灵壁县,安徽省灵壁县车站西天主堂县汽车站西斜对面,,,,,117.548973,33.538372
韦集天主堂,,安徽省,宿州市,灵璧县,安徽省灵璧县韦集镇,,,,,117.557747,33.391293
白庙天主教堂,,安徽省,宿州市,灵璧县,安徽省灵璧县杨疃镇白庙村白庙小学西南角50米1南可从小朱桥下车向北行1300米左右（建意路线）2北可从灵璧县乘5路公交至小郭桥下车向东1500米左右,,,,,117.528244,33.605343
灵璧县杨疃镇白庙村德肋撒天主堂,,安徽省,宿州市,灵璧县,安徽省灵璧县杨疃镇白庙村从县城汽车站乘5车，小朱桥下车,,本堂始建于2004年10,,,117.524612,33.587360
泗县圣母无染原罪天主堂,徐瑞霞修女,安徽省,宿州市,泗县,泗县新市街天主教堂泗城一小西50米,,圣母无染原罪堂外观精致优美，环境优雅宜人。堂内能容纳千人左右。,,,117.889229,33.476032
杜楼镇杜庄天主堂,,安徽省,宿州市,萧县,安徽萧县杜楼镇杜庄耶稣圣心堂,,交通便利，,,,116.856583,34.194420
李圩教堂,,安徽省,宿州市,萧县,刘集镇李圩村没有直通公交，需到刘集镇坐三轮车到达,,该教堂建于2003年，由天主教固镇管辖神父与李圩村级周边教徒联合组织建设,,,117.269630,33.776970
萧县赵庄镇李酒店村天主堂,刘桂荣,安徽省,宿州市,萧县,萧砀公路路北,,教堂环境优美，交通便利，所在村庄人员多半为教友，教堂建立已有数十年历史，教堂可容纳一千余人，为两层建筑，精美，优雅。,,,116.673553,34.222500
杜楼镇杜庄天主堂,刘先生,安徽省,宿州市,萧县,杜楼镇杜庄交通便利，教堂古典优雅，,,耶稣圣心堂,,,116.856583,34.194420
宿州市天主堂,程神父,安徽省,宿州市,埇桥区,安徽省宿州市港口路沱河2号桥北首,,,,,117.024467,33.629955
天主教蚌埠教区宿州耶稣圣心堂,马琳修女,安徽省,宿州市,埇桥区,港口中路895号天主堂17路公交10路公交天主教堂站,,,,,116.977280,33.640040
铜陵圣母无原罪天主堂,过老师,安徽省,铜陵市,狮子山区,铜陵市东郊联盟村（宏福东第旁边）2、16、13路到狮矿住宅区下。,,,,,117.835175,30.926394
耶稣圣心堂,吴双荣,安徽省,芜湖市,繁昌县,繁昌城关东门山头222号芜湖市-繁昌,,框架式;建于2001年。能纳200人。有160名教友,,,118.171921,31.085032
芜湖市圣若瑟堂,沈宗贺神父,安徽省,芜湖市,镜湖区,安徽省芜湖市镜湖区吉和街28号,,,,全国重点文物保护单位,118.385480,31.340720
南陵县露德圣母堂,,安徽省,芜湖市,,西门河滩上,,97年台湾郎士明六万美元建成现是乞丐窝,,,118.334050,30.914650
河沥溪大圣若瑟堂,凌旭神父,安徽省,宣城市,宁国市,宁国市河沥溪大圣若瑟堂从宣城至宁国的车路经河沥溪桥在东津小学边，宁国市1、2、5路公交车都有停靠站,,由于没有座堂神父，去年9月份教区派吴小满、季红两位修女来传教，老教堂被拆除，目前暂在一座二层的旧楼上约260平米的小堂，属危楼，冬天冷夏天热，地方政府正筹划兴建新堂。,,,119.006142,30.634642
汪溪镇姚高宗汪村圣母领报堂,,安徽省,宣城市,宁国市,汪溪镇姚高宗汪村,,,,,119.062828,30.760500
宣城市耶稣圣心,刘学伟神父,安徽省,宣城市,宣州区,安徽省宣城市宣州区状元中路1号,,宣城圣堂是1891年(光绪十七年)5月，开始建造，至1894年(光绪二十年)4月，当时的一位倪主教祝圣了此圣堂，宣城市圣堂是以耶稣圣心为主保的圣堂。宣城天主堂直到2010年9月复堂，这座圣堂是一座非常典型的徽派式建筑，独具特色。,,,118.756390,30.941390
宣城市水东镇进教之佑天主堂,刘学伟神父,安徽省,宣城市,宣州区,宣城市水东镇幸福路18号,,"水东天主堂位于宣城市东约30公里处，是安徽省唯一的朝圣地，已有130年的悠久历史。圣堂初始，为1871年(同治十年)建造，1876年(光绪二年)被毁。现在圣堂为第二次建造，此堂于1878年(光绪四年)5月24日奠基，1880年(光绪六年)5月24日竣工，耗时两年整。圣堂为哥德式建筑风格。总占地面积700平方米，鸟瞰教堂呈十字形。内部为砖木结构，古朴典雅，巧构精致，具有皖南建筑风格，中西结合，别具特色。教堂用工牢固、坚实，虽经胆余年的风吹雨蚀，仍耸立天际，完好无损。每年""进教之佑""""圣母主保""两大瞻礼，朝圣之日，四面八方信友，千里迢迢奔赴水东，跪俯圣母脚下，朝拜圣母，蒙母降福，沐浴圣母之泽闰，效法圣母之芳表，永随吾主耶稣基督之脚步。",,,118.965889,30.788342
天通苑天主堂,李建民神父,北京市,,昌平区,,,,,,116.069679,39.619133
燕子口天主堂,李建民,北京市,,昌平区,燕子口村,,,,,116.977280,33.640040
西三旗北京教区修院,,北京市,,昌平县,,,,,,116.320503,39.747780
平房天主教堂,本堂神父:杨科,北京市,,朝阳区,朝阳区平房正街87号,,平房天主教堂始建于1932年，位于朝阳区平房街正街87号，占地4000多平方米，曾先后用作灯泡厂、敬老院，1991年复堂，北京教区神学院迁入。1996年进行了维修与扩建，加建了钟楼，使教堂内设施更加齐全，,,,111.611534,34.656422
牛坊村天主堂,本堂神父：肖恩孝神父,北京市,,大兴区,北京市大兴区长子营镇牛坊村东北端,主日:7:00;平日:晚6:00,牛坊堂区位于北京市大兴区长子营镇牛坊村东北端。100多年前，天主教传入牛坊地区，1919年由法国遣使会会士建立第一座堂;文革时期被损坏，1987年重建了一座可容100余人的教堂;又因教友人数不断增多，且房屋年久失修，2001年3月再次动工，到7月初建成了长34.2米、宽15米、高16米，可容500多人的教堂弥撒时间:主日:7:00平日:晚6:00,,,116.621155,39.714504
西胡林天主堂(圣母圣心堂),罗春海神父,北京市,,大兴区,北京市大兴区榆垡镇西胡林村北京南站943路永定门-固安或永定门-霸州，东胡林下西行1000米,主日:6:30;平日:7:00,位于北京市大兴县榆垡镇西胡林村的西胡林教堂始建于1888年，文革期间，被拆毁。国家落实政策以后，1984年归还，1986年重建，1987年祝圣开堂。堂区占地面积3796平方米。该堂号称北京教区的南大门。自开堂以来，历任本堂神父为王学群神父、宋占平神父、陈燕斌神父，以及肖恩孝神父、孙永书神父。弥撒时间:主日:6:30平日:7:00,,,116.306557,39.497540
求贤村天主堂,馬曌神父,北京市,,大兴区,大兴区求贤村,,,,,116.289047,39.508270
天主教西红门天主教堂,白神父,北京市,,大兴区,大兴区西红门镇宏康路8号3层白色楼3层地铁4号线高米店北下车，五环旁,,西红门天主教堂每周日80.30弥撒，弥撒结束后圣经学习半小时，每周五晚7点-9点学唱歌。西红门祈祷所QQ122574893,,,116.335556,39.777073
大兴县全国神哲学院,,北京市,,大兴区,北京市大兴区兴业大街圣和巷5号天主教神哲学院,,,,,116.320503,39.747780
中国天主教神哲学院,,北京市,,大兴区,北京市大兴区兴业大街圣和巷5号天主教神哲学院,,,,,116.320503,39.747780
牛坊耶稣圣心堂,郭文武,北京市,,大兴区,长子营乡牛坊耶稣圣心堂,,,,,,
圣母圣心堂,孙永书,北京市,,大兴区,西胡林圣母圣心堂,,,,,,
南岗子德勒撒天主堂(普爱堂),杨科神父,北京市,,东城区,崇文区幸福大街永生巷6号8路公共汽车幸福大街下车南行100米,主日:7:00;8:00;平日:7:00,南岗子天主堂，原称作普爱堂，建于1910年，由两栋双层楼及一些平房组成，占地面积43.5亩(合2887.1平方米)，是北京仁爱会修女和若瑟会修女集资两万银元在原放生池(今永生巷)购买的一块地而建成的。该堂主要用于修女们疗养、静修之用，并开设诊所，后增设缝纫班，义务为穷人和大龄孤儿及社会上贫困的女孩子提供服务。1923年修建了这座哥特式教堂(即今日的教堂)，堂身长32.5米，宽13.8米，钟楼高15米，占地448.5平方米。1958年后，该堂被破坏。1986年，一度被占用的教堂重新恢复，由北京教区管理，教堂内院是若瑟修女会的初学院所在地，北京教区大部分修女是在这里培养的，1991年贾西成神父首任本堂司铎，现任本堂是罗春海神父。南岗子教堂平日弥撒时间为早晨6:30，主日和节日分别举行3台弥撒，以满足堂区近千人的宗教生活。弥撒时间:主日:7:008:00平日:7:00,,,116.427830,39.889460
东交民巷天主堂(圣弥厄尔天主堂),本堂神父：高阳神父,北京市,,东城区,东城区东交民巷甲13号10441103729台基厂下车地铁2号线，5号线崇文门站,平日:6:30a.m;7:00a.m;主日:7:00a.m;8:00a.m;10:15a.m(韩语弥撒);11:30a.m(韩语弥撒);6:00p.m,东交民巷天主堂始建于1901年(光绪二十七年)，是由法国神父高嘉里负责建造。位于北京市东城区东交民巷甲13号。教堂为哥特式建筑，现为国家级文物保护单位。东交民巷堂建筑风格非常讲究。教堂东西两面墙上装有清末从法国进口的彩色花玻璃。堂内顶部用肋状拱券增加高度。东西宽三间，南北进深十四间，内有圆柱支撑，地板也有花砖甬道。东交民巷教堂是外国人在北京修建的最后一座教堂，从建成至今100余年，未受到任何破坏，保存完好。弥撒时间:平日:6:30a.m7:00a.m主日:7:00a.m8:00a.m10:15a.m(韩语弥撒)11:30a.m(韩语弥撒)6:00p.m,,,116.412292,39.904804
圣弥额尔天主教堂,高扬  马照,北京市,,东城区,长安街正义路南东交民巷,,,,,116.977280,33.640040
圣德胁撒堂（南岗子）,罗春海,北京市,,东城区,永生巷6号,,,,,116.977280,33.640040
北京东堂（若瑟堂）,李山  刘保卫,北京市,,东城区,王府井大街87号,,,,全国重点文物保护单位,116.977280,33.640040
北京东堂(王府井圣若瑟天主堂),本堂：孙永书 副本堂：罗茂英,北京市,,东城区,王府井大街74号103、104、108、111路电车灯市西口下车向南50米；地铁五号线灯市口下柏树胡同西行300米,,北京天主教东堂坐落东城区王府井大街路东74号，是北京四大天主教堂之一。它是东城区重点保护文物。1655年(清顺治十二年)皇家赐给利类思、安文思二位神父一所宅院和空地，修建一堂，规模不大，奉若瑟为主保。被称为北京城内第二教堂。1720年地震，房屋倒塌，次年重修。堂内有郎世宁所绘圣像多幅。1807年(喜庆十二年)神父们因搬运堂内图书，引起火灾，将房屋烧毁，教堂无恙。不久，教堂被责令拆除，东堂遂废。1884年经田类思主教向国外募捐巨款，重建大堂。1900年6月13日再次被毁，1904年又重建，即今之天主堂。1966年8月21日，东堂关闭。1980年开始修复，同年12月24日正式开堂。自1990年起该堂被列为北京市重点文物保护单位。为了展示教堂在王府井大街的文化特色，2000年上半年配合王府井大街扩建工程，北京市政府拨巨款对东堂进行全面整修，拆除院墙，扩建堂前广场，加喷泉地灯，改建圣若瑟纪念亭。值得一提的是，原有院门因在道路红线内而不得不向里挪了2米。但其建筑风格和色彩与教堂配合得如此丝丝入扣，使不少老北京都以为它是原来的老院门。亭内雕像洁白，入夜灯光绚丽，东堂迎来了它历史上从未有过的辉煌。2000年9月11日再次复堂开放。开堂之夜，北京市委书记贾庆林亲自进入堂前广场视察并向傅铁山主教祝贺。刘淇市长也来东堂视察。东堂是老教友集中的堂区，多年来广大教友在堂区神父的带领下热心事主，热爱公益，积极参与堂区事务，堂区福传事业颇有成效。新东堂重新开堂后，为发挥她独特的信仰和文化优势，堂区神父与堂务会根据教区的指示精神，正在实施新的牧灵福传与社会服务目标，以求在原基础上取得更大的进步。东堂院内，中间为天主堂，坐东朝西，面阔25米，共约30间，坐落在青石基上，堂顶立十字架3座，中间大，两旁小。堂内有18根圆形砖柱支撑，直径65厘米，柱础为方形，堂内两侧挂着耶稣受难等多幅油画。原院内堂北为惠我女校;堂南、西有教室，东有一院，内有花池、平房、楼房，为神父住处。堂东为一大空地，是学校操场。占地近1万平方米。东堂内曾保存有多幅宫廷画师郎世宁绘的圣像,,,110.343323,40.518242
立教村天主堂,孙神父,北京市,,房山区,北京市房山区琉璃河镇立教村,,,,,116.069679,39.619133
南郊东管头村天主堂,张继雄神父,北京市,,丰台区,丰台区东管头村,,,,,116.316170,39.862984
长辛店教堂,陈世福,北京市,,丰台区,长辛店镇教堂胡同41号,,,,,116.977280,33.640040
东管头村天主堂,陈世福,北京市,,丰台区,芦沟桥乡东管头村天主堂,,,,,121.312927,29.694271
北京教区神哲学院,罗春海,北京市,,海淀区,北京市海淀区清河镇后八家村248号神哲学院,,,,,116.334755,40.019226
城南金星天主堂,郭神父,北京市,,海淀区,北京佳美思味特食品厂内,,,,,116.300819,39.994396
北京天主教神哲学院,,北京市,,海淀区,北京市海淀区后八家248号,,,,,116.340614,40.012592
西三旗天主堂,张之茂神父,北京市,,海淀区,枫丹丽舍西路旗胜家园底商4层,,,,,116.977280,33.640040
正福寺天主堂,郭四庭神父,北京市,,海淀区,,,,,,116.977280,33.640040
后桑峪天主堂,贺兵神父,北京市,,门头沟区,西郊门头沟后桑峪村,主日:6:00;平日:6:00,弥撒时间:主日:6:00平日:6:00,,,115.770432,40.011784
耶稣圣心堂,郭四廷,北京市,,门头沟区,门头沟后桑峪村耶稣圣心堂,,,,,115.770432,40.011784
石景山天主堂,郭文武神父,北京市,,石景山区,老山小区,,,,,116.977280,33.640040
牛牧屯天主堂(圣若瑟堂),赵亮神父,北京市,,通州区,北京市通州区西集镇牛牧屯村北京通州区西集镇牛牧屯村,主日:7:30;平日:晚:5:00,弥撒时间:主日:7:30平日:晚:5:00,,,116.938354,39.786835
贾后疃天主堂(圣母无染原罪堂),本堂神父：滕神父,北京市,,通州区,通州区潞城镇贾后疃村从北京火车站可以乘坐938路支4到刘庄下车，步行10分钟就到了,主日:6:00;7:30;平日:6:30,贾后疃天主堂，座落在北京市通州区甘棠乡贾后疃村。是北京教区郊区堂口中的第一大堂口，堂区共有教友1000多人。贾后疃堂始建于1898年，在文革期间曾用作礼堂、仓库，直至1972年被拆毁。落实政策后1986年重建，同年8月15号，即圣母圣天瞻礼之际祝圣。弥撒时间:主日:6:007:30平日:6:30,,,116.676712,39.941360
贾后疃天主堂,贺斌,北京市,,通州区,,,,,,116.320503,39.747780
牛牧屯天主堂,张继雄,北京市,,通州区,,,,,,116.320503,39.747780
通州区龙庄新天主堂,孙晓野神父,北京市,,通州区,通州区龙庄,,,,,114.262474,36.847961
龙庄新天主堂,刘谦逊,北京市,,通州区,觅子店乡龙庄新天主堂,,,,,121.312927,29.694271
北京西堂(西直门圣母圣衣天主堂),张洪波神父,北京市,,西城区,西城区西直门内大街130号交通路线：1、地铁4号线新街口站D出口；2、地铁2号、13号线西直门站A出口向东300米；3、公交7、111、105、608路新开胡同站。,平日:7:00a.m主日:8:30a.m6:00p.m,西直门堂始建于1723年(清雍正元年)，由德理格神父主持修建。1701年意大利味增爵会传教士德理格神父，受罗马传信部指派，随铎罗特使来华，1711年到达北京。后留在宫庭教授皇子西学。西堂奉圣母圣衣为主保，是一座典型的哥特式教堂。1764年12月10日，德理格神父去世。死后也如他的前辈利玛窦、汤若望、南怀仁等外国传教士一样，被安葬在阜城门外马尾沟的天主教墓地。因礼仪之争，康熙之后采取了禁教政策。1811年(清嘉庆十六年)，清政府下令允许在朝中供职的外国传教士继续留居北京，其他人必须迁居外地，不许传教，违者将驱逐出境。就在同一年，西直门堂4位神父被驱逐出境，教堂被拆除。1867年(清同治六年)，西直门堂获重建。1900年6月15日又被义和团焚毁，1923年重建，现在教堂的圣母山西侧有一块《改建圣母圣衣堂碑记》记录着西堂的盛衰。1994年，在各级政府部门的支持下，西堂得重新开放，恢复了正常的宗教活动。复堂后第一任本堂张继雄神父，继之庞文贤神父、方斌神父、刘永斌和刘振田神父。现任本堂是张洪波神父。自恢复宗教生活后，历任本堂神父均重视堂区建设，注意发挥教友的积极性，唱经班、辅祭班、读经班等礼仪生活团体逐渐发展，并走向正规化，特别是唱经班，在历届教区圣歌演唱会中均获得好评。弥撒时间:平日:7:00a.m主日:8:30a.m6:00p.m,,,116.353226,39.945179
北京北堂(西什库耶稣君王天主堂),本堂神父：刘永斌；副本堂：王学群、卞寅,北京市,,西城区,北京西城区西什库大街33号109、124路电车西什库下车向北行50米,,"光绪十三年敕建天主堂，枢机主教公署北堂是北京最大的教堂。位于西安门内的西什库，坐北朝南，本名救世主堂，始建于清光绪十四年。最初的北堂由法国传教士于康熙四十二年建成，因其地位于中海西畔的蚕池口，所以俗称蚕池口堂，落成时康熙帝还亲笔撰书""万有真原""匾额赐赠。到光绪年间扩修西苑，慈禧嫌这个北堂太高，俯视禁苑，大感不便，因而耿耿于怀，命总理衙门与法国教士转敕迁移，交涉不得要领，后由李鸿章作为一个外交事件，与法国政府和罗马教廷直接打交道，另外拨地给银，才在西什库重建了哥特式建筑的北堂，建成后即作为天主教在北京的总堂。义和团运动中，由于这个新修的教堂异常坚固，教士教民固守，竟然未被攻破，后于1901年修补竣工，一直延续下来。""文革""中也被作为中学使用。1985年，教堂修缮一新，更加光彩夺目，成为北京最绚丽的教堂。",,全国重点文物保护单位,116.378624,39.923954
北京南堂,冯国新  张天路,北京市,,西城区,北京市宣武门内前门西大街141号,,,,全国重点文物保护单位,116.374730,39.900500
北京西堂,庞文贤,北京市,,西城区,北京市西直门内大街130号,,,,,116.366000,39.940440
北京北堂（救世主堂）,刘永斌,北京市,,西城区,北京市西什库大街33号,,,,,116.378790,39.924070
北京南堂(宣武门无玷始胎圣母天主堂),主教李山本堂赵庆龙 副本堂:庞文贤、罗茂,北京市,,西城区,北京市宣武门前门西大街141号地铁或公交宣武门站下车即到,,利玛窦为第一任本堂北京教区的主教座堂，主教府，,,,116.374069,39.898361
中国天主教爱国会,,北京市,,西城区,北京市西城后海柳荫街14号,,,,,116.384870,39.938160
宁乡天主堂,刘寅,北京市,,延庆县,延庆县永宁乡天主堂,,,,,116.167168,40.523388
延庆县永宁镇耶稣圣心天主堂,张天路神父,北京市,,延庆县,延庆县永宁镇阜民街黄甲巷7号延流路昌赤路,,,,,116.167168,40.523388
仓山区圣母玫瑰堂,郑长城,福建省,福州市,仓山区,仓山区新民街21号圣母玫瑰堂这照片是泛船浦天主堂的,,福建分福州厦门俩代牧区(1680)1680-1684巴禄。方济1684---1706颜当(闽当)1707--1727马代牧1730---1747桑代牧1747--1748德方济各1757--1778冯代牧1781--1812郭代牧1812---1849罗代牧1849---1882高弥各现分4个教区福州闽北闽东厦门,,,119.324440,26.047489
福州湾边天主堂,李榕华,福建省,福州市,仓山区,福州以南8公里,,,,,119.273450,26.047690
福州市泛船浦天主堂,武小乐 林进德,福建省,福州市,仓山区,福建省福州市仓山区新民街54号天主堂,,,,,119.324650,26.047560
福州市天主之母堂,王更现神父,福建省,福州市,仓山区,福建省福州市仓山区上渡李厝山路6-5号附近福建省福州市仓山区上渡李厝山路6-5号附近。上渡路十字路口向永辉超市方向拐。,,,,,119.298660,26.037730
福清市江镜镇南华村田园下圣家主保堂,,福建省,福州市,福清市,福建省福清市江镜镇南华村田园下我们欢迎各位教友兄弟姐妹光临我们堂，由福州-龙田或到福清，福清-南华，衷心谢谢您们。,,公所建于民国期间，由教友一砖一瓦兴建起来，因五十年代一次火灾烧，热心教友又建起，文革期间，做生产队牛棚，仓库，追求天主信仰的教友，无法朝拜天主。因年久破旧失修，热忱教友后于1996年重建，现很多热心教友都来这里做通功，做主日朝拜天主。现有神父修女开弥撒。,,,119.411873,25.581654
福清市龙田天主堂,,福建省,福州市,福清市,福建省福清市龙田镇三村,,,,,119.469719,25.595972
福清谢塘总堂,,福建省,福州市,福清市,福建省福清市江镜镇谢塘村东村,,,,,119.426018,25.572142
福清市海口天主堂,林运困,福建省,福州市,福清市,福清市海口镇寨边村,,,,,119.464859,25.697762
高山天主堂,,福建省,福州市,福清市,福清市高山镇上街,,,,,119.563087,25.473633
松潭天主堂,,福建省,福州市,福清市,福清市龙江街道松潭,,,,,119.416679,25.702541
福清市沙埔天主堂,老何,福建省,福州市,福清市,福建省福清市沙埔镇西厝门亭,,,,,119.529984,25.432432
福清市谢圹总堂,,福建省,福州市,福清市,福建省福清市32镜镇谢圹村东庄天主堂,,,,,119.460060,25.606571
福清石井天主堂,,福建省,福州市,福清市,福清市石井村,,,,,119.405792,25.739531
福清市西亭天主堂,,福建省,福州市,福清市,福建省福清市融城镇西亭村,,,,,119.381264,25.601973
福清市前垣天主堂,,福建省,福州市,福清市,福清城头镇前垣村,,,,,119.516281,25.711161
福清市星桥天主堂,,福建省,福州市,福清市,福清市城头镇星桥村,,,,,119.499733,25.709642
福清东南天主教教堂,,福建省,福州市,福清市,福清市龙江街道塘东东南村,,,,,119.404907,25.678711
前华天主教堂,海神父,福建省,福州市,福清市,福建省福清市江镜镇前华村福清到前华公交车,,,,,119.383560,25.528282
福清市江阴镇洋边天主堂,严昌礼,福建省,福州市,福清市,福建省福清市江阴镇潘厝村洋边,,,,,119.302124,25.486902
福清松潭天主教,,福建省,福州市,福清市,福清市龙江街道松峰村,,,,,119.408089,25.693850
福清市溪边天主堂,,福建省,福州市,福清市,福清市城头镇溪边村,,,,,119.519585,25.707731
福清市城头天主堂,,福建省,福州市,福清市,福建福清城头镇城头村,,,,,119.513611,25.711153
白墓天主堂,,福建省,福州市,福清市,福清港頭白墓,,,,,119.620644,25.393143
岑兜天主堂,,福建省,福州市,福清市,海口镇岑兜村,,,,,119.324890,26.048204
福清县圣母无坫圣心天主堂,,福建省,福州市,福清市,城关镇东门利桥龙田圣母无坫圣心主保堂长乐以西南35公里,,,,,119.460060,25.606571
福清东阁天主堂,,福建省,福州市,福清市,,,,,,119.407768,25.695604
髙山圣若瑟天主堂,陈学义,福建省,福州市,福清市,髙山上街,,,,,119.324890,26.048204
福清东南天主教,,福建省,福州市,福清市,,,,,,119.404907,25.678711
福清市沙埔天主堂,,福建省,福州市,福清市,沙埔镇西厝,,,,,119.407768,25.695604
福州教区西门若瑟堂,李路加神父,福建省,福州市,鼓楼区,福建省福州市鼓西路166号福州西湖旁。,,,,,119.294510,26.089010
福州市西门教堂,李路加 神父,福建省,福州市,鼓楼区,鼓西路166号,,,,,119.273450,26.047690
小雅阁兰教堂,,福建省,福州市,连江县,透堡镇,,,,,119.273450,26.047690
罗源港头教堂,,福建省,福州市,罗源县,罗源县起步镇港头村罗源收费站旁,,这个教堂是吾主耶稣亲身立的，不过还有一个真教堂漏了登记，那里才是港头的教堂!!!,,,119.557587,26.503780
罗源县乘风村天主堂,,福建省,福州市,罗源县,福建省福州市罗源县乘风村,,露德圣母教堂,,,119.620232,26.465443
罗源县天主堂,陈长栓,福建省,福州市,罗源县,罗源县北环路26号天主堂（福州以北72公里）,,,,,119.551300,26.491270
罗源县天主教堂,徐明,福建省,福州市,罗源县,福建省福州市罗源县凤山镇北环城路26号福建—福州市火车站—罗源县城关,,,,,119.551410,26.491010
白沙多明我天主堂,,福建省,福州市,罗源县,罗源县松山镇白水村白沙自然村104国道罗源到宁德飞鸾路段、离县城所在地14公里左右、在白沙村亿鑫钢铁后门,,"白沙天主教堂建于光绪十八年(1892年)全村有50多户170多人口都是天主教天主教于明崇祯间(1628~1644年)传入罗源。清乾隆五年(1740年)在城关溪尾街设布道所，乾隆十八年(1753年)迁北门林厝里。清道光二十年(1840年)福州教区指派陈师诚为司铎，在北门外岐阳建天主堂，而后教徒渐增，且传播到农村。至民国初，设罗源铎区，岐阳天主堂为总堂，下有港头、白沙、后路、鉴江、河阳5所天主堂，先后驻有神甫9人(其中西班牙籍6人)，下设传道员。岐阳天主堂自清末开始陆续收养弃婴，先雇人代乳，6~7岁送福州教堂就学，为""堂妹""，或收为修女。民国28年(1939年)2月创办私立崇德小学。民国38年全县有教徒2376人。新中国成立后，活动正常。1950年全县有教徒2255人(男1166人，女1089人)，1951年2268人(男1173人，女1095人)。1952年教会开展自立革新运动，教徒2316人(男1194人，女1122人)。1953年有神甫2人，传道员6人，教徒2385人(男1230人，女1155人)。1957年教徒1973人(男1125人，女848人)，神甫1人，传道员3人。""文化大革命""期间，罗源铎区所属教堂关闭，堂所先后被单位占用，教徒活动转移到家庭分散进行。1979年后落实宗教政策，教堂先后归还教会，1981年、1982年先后开放岐阳天主堂和港头天主堂，恢复正常活动。1983年有教徒3600人，1990年4972人。清道光二十年(1840年)在岐阳建罗源县天主堂，有圣堂、男斋、女斋、神甫楼。光绪十六年(1890年)建港头天主堂，光绪十八年(1892年)建白沙天主堂，光绪十九年(1893年)建后路天主堂，光绪二十一年(1895年)在鉴江购民房为天主堂，民国4年(1915年)在河阳(今中房)购民房作天主堂。民国20年罗源县天主堂毁于台风，民国21年福州教会主教宋金铃重建圣堂，为当时县境第一座钢筋混凝土结构的建筑物，建筑面积750平方米，堂厅高15米，前部钟楼高20米，厅内可容2000余人。1979年后又新建秋岭、白水、先锋、下宅等4处天主堂，扩建港头天主堂。1990年，全县天主堂10座，建筑面积1438平方米。",,,119.641663,26.479971
洪山桥天主堂,,福建省,福州市,马尾区,福州以西5公里,,,,,119.273450,26.047690
南溪天主堂,林垂昂,福建省,福州市,闽侯县,,,,,,118.270149,25.329163
南峪镇天主堂,林垂昂,福建省,福州市,闽侯县,,,,,,119.273450,26.047690
上街乡百禄村天主堂,王文华,福建省,福州市,闽侯县,,,,,,119.273450,26.047690
晓星村天主堂,林垂昂,福建省,福州市,闽侯县,,,,,,119.273450,26.047690
南江天主堂,林垂昂,福建省,福州市,闽侯县,,,,,,119.273450,26.047690
晓星村天主堂,江成云神父,福建省,福州市,闽侯县,福建福州闽侯县沙堤晓星村70号,,,,,119.184258,26.082052
闽侯县南屿镇南江圣家天主堂,,福建省,福州市,闽侯县,福建省闽侯县南屿镇南江村,,,,,119.223801,25.975721
青州村天主堂,卞谦勇,福建省,福州市,闽侯县,福建省闽候县上街镇青州村劳光126,,,,,119.480827,26.008232
闽清县天主堂,,福建省,福州市,闽清县,闽清县城关北大路47号天主堂福州以西52公里,,,,,118.867607,26.224519
平潭小庠砂美天主堂,陈云,福建省,福州市,平潭县,福建省平潭县流水镇砂美村,,在平潭坐流水码头车到流水码头在坐东庠岛的客船到小庠岛下船,,,119.860893,25.586250
平潭县东方明珠天主堂,杨先生,福建省,福州市,平潭县,福建省福州市平潭县东方明珠天主堂,,,,,119.801758,25.499969
西楼村天主教堂,林哲,福建省,福州市,平潭县,福建省福州市平潭县流水镇西楼村西楼,,,,,119.864639,25.559351
屿头教堂,,福建省,福州市,平潭县,屿头乡13个村基本都有一个教堂,,,,,119.273450,26.047690
福州台江区耶稣圣心堂,本堂神父 卞祖魁,福建省,福州市,台江区,苍霞洲敬义弄8号耶稣圣心堂,,,,,119.314140,26.052700
古槐圣若瑟堂,,福建省,福州市,长乐市,福建省长乐县古槐镇龙田村古槐山庄长乐以南10公里,,长乐县古槐镇龙田村玫瑰山庄圣母朝圣地于1993年4月30日举行开幕负责人:郑文英,,,119.548592,25.885363
长乐市鹤上镇云路露德圣母堂,,福建省,福州市,长乐市,长乐市鹤上镇云路村航空：福州长乐国际机场出，往城关方向车路12公里到云路村环岛左转直行1公里即到铁路：火车站坐车往长乐金峰班车，到云路天桥下，右转1公里直行即到陆路：沈海高速长乐营前出往机场方向前行10公里左右，到云路天桥，右转1公里直行即到,,,,,119.532341,25.935469
白鹭教堂,王天官,福建省,福州市,长乐市,福建长乐白鹭教堂,,,,,119.588371,25.932852
长乐市城关（塔山）天主堂（原县堂）,陈健神父,福建省,福州市,长乐市,福建省长乐市三峰巷3号,,,,,119.523240,25.962830
露德圣母堂,,福建省,福州市,长乐市,福建长乐市鹤上云路村,,,,,119.523240,25.962830
玄义玫瑰圣母堂,,福建省,福州市,长乐市,古槐镇龙田村,,福州教区朝圣地，郑长城主教家乡,,,119.273450,26.047690
雁塘露德圣母堂,,福建省,福州市,长乐市,雁塘村交通便利，停车宽区,,长乐最早的教堂之一,,,119.345512,26.017933
鹤上天主堂,,福建省,福州市,长乐市,长乐以东6公里,,,,,119.493408,26.438089
长乐市松下天主堂（耶稣圣心堂）,,福建省,福州市,长乐市,长乐市松下镇松下村,,,,,119.632774,25.978001
长乐市漳港镇百户村（圣家堂）天主堂,林善德本堂神父,福建省,福州市,长乐市,长乐市漳港镇百户村,,,,,119.617790,25.913322
长乐市城关湾下楼天主堂,郑品官本堂神父,福建省,福州市,长乐市,长乐市岐后湾下楼村,,,,,119.607193,26.028191
金峰小德兰天主堂,,福建省,福州市,长乐市,长乐市金峰镇解放路,,,,,119.615158,25.971939
雁塘玫瑰圣母堂,,福建省,福州市,长乐市,雁塘,,,,,119.273450,26.047690
长乐市漳港镇百户圣家堂,林德华神父,福建省,福州市,长乐市,长乐市漳港镇百户村,,,,,119.617790,25.913322
长乐壶井普世君王堂,,福建省,福州市,长乐市,文武砂镇山顶村长乐城南站＞文武砂车＞壶井＞君王堂,,"1904年，福音傳到了壺井，全村初期教友有林章明、林光闊、林光赠、林鎖光、林炳光、林道開、林早光、林平俤、林細俤等十餘人。起初通功所設在林章明家樓上;1923年，遷到林道國廳堂(現天主堂前)。在壶井乡早期教史中，有一位值得称颂的人------林金妹先生(圣名若瑟)，在县堂帮助王玉成司铎传教，是玉公的得力助手。1930年，陈木妍修女来到壶井，一面教书一面传播福音，她的传教工作始终得到了壶井村第一朵童贞花林杏娇(圣名玛利亚)的全力帮助。1938年，王玉成司铎用林道国、林道开新建的一座六扇五作为圣堂，并定""耶稣君王""为壶井公所主保。1938年，王诗棠先生与陈木妍修女在壶井共办要理班，有百余男女信友领洗入教。1941年，王玉成司铎、高师谦司铎陪同宋金铃主教来到壶井圣堂，为教友施行坚振圣事，圣况空前。1955年，教难暴发，虽历经风早期风雨雨，教友人数仍然不断增加。90年代初，旧堂已显太小，1991年，经总主教若望-杨树道批准，教友群策群力，拆旧堂建新，堂于1994年完成前期工程。1995年，建成修女楼。1996年，又铺上了水泥路。2007年9月中旬，动工修建停车场，并筹建教堂钟楼，即对五层教堂进行全面装修。",,,119.586227,25.907892
金峰会所,林佳善,福建省,福州市,长乐市,长乐以东北15公里,,非官方:叶伯杨树道主教,,,119.273450,26.047690
武平耶稣圣心堂,慕雅修女,福建省,龙岩市,武平县,武平县平川七坊路教堂巷（原七坊中心小学后）七坊路紫金大酒店后，沿河大道原七坊中心小学后，左手转教堂巷（县委党校后）,,亲爱的主内弟兄姐妹们;位于福建省龙岩市武平县城关天主堂全体教友，在主内向你们问安!祝愿天主的恩惠与慈爱，常与你们同在!感谢天主!武平城关天主堂始建于1903年，时有土木结构的圣堂、主教楼、神父楼、教士楼和修女楼等各一座，占地7.41亩。1951年后，外籍神职人员都先后离境，各教堂的活动随着情况的变化而停止，各教堂房屋均空着无人使用。1966年至1976年，武平各教堂的房舍，遭到了不同程度的毁坏，原有的教具、用具等几乎散失一空。1970年后武平县委将党校设在教堂内至1987年，原有主教座堂踪迹全无。宗教政策落实后，武平天主教堂始得归还，由于当时资金及技术有限，教友收集了当地居民拆房留下的旧瓦片和旧砖块，在仅有的土地上建起了一座简易的黄泥砖木结构瓦房圣堂。1988年9月28日武平天主堂正式对外开放，教会房产仅剩700平方米。因建造时期资金及技术条件受限，房屋质量欠佳，加之年久失修，圣堂已成危房，屋顶瓦片残缺，时有落沙，逢初春梅雨时节，更有漏雨现象，内墙多处裂缝，外墙剥落，椼木腐蚀严重，门窗破损程度深，时有飞鸟飞入做巢，且电路老化，易引发火灾。经过多次维修，勉强能维持现今教会活动。但圣堂存在各方面的安全隐患，如遇恶劣天气(如刮大风、下暴雨、多雨季节或轻微地震)，极有可能坍塌。此外，堂内仅有一口井和一个公用水龙头，饮水极不方便。加之外围墙不坚固，公用卫生间男女不分，人身安全得不到保障。如今我们将在这块有限的土地上建造三层半高，多用途的教堂建筑物;作为主日弥撒、办公、活动、作息等用途;总建筑面积为3299.25平方米，造价估计需要693万4608元人民币，教会无存款，教友大多是年老入教，家境贫困，教会仅靠教友奉献微薄收入难以实现。因此很需要有主内弟兄姐妹伸出援手，助我们一把，更求全体教友的?代祷?。款项请寄:中国建设银行福建省龙岩市武平县支行户名:武平城关天主教堂银行账号:35001697407052510181如有个人愿意作进一步鼎力相助，或给予指教，欢迎联络丁修女武平城关天主教堂,,,116.106819,25.098989
长汀玫瑰圣母堂,蔡神父,福建省,龙岩市,长汀县,水门巷西内街62+1号天主堂县城古城门后教师进修学校旁,,始建时间不详。1966年文化大革命开始，天主教活动被禁止，城关教堂被占用，三洲教堂改作畜牧场。1985年12月，长汀天主教堂归还。,,,116.357650,25.833480
光泽中桂天主堂,,福建省,南平市,光泽县,光泽县寨里镇中桂天主堂,,,,,117.339111,27.832542
光泽县城关天主堂,,福建省,南平市,光泽县,光泽县二一七路天主堂,,,,,117.333809,27.542030
建瓯八角楼天主堂,,福建省,南平市,建瓯市,建瓯市八角楼22号,,,,,118.320900,27.031481
朱山村天主堂,,福建省,南平市,邵武市,邵武市城郊朱山天主堂,,,,,117.353409,27.156378
邵武市法蒂玛圣母堂,,福建省,南平市,邵武市,邵武市五四路277号,,,,,117.489939,27.334810
王亭村天主堂,,福建省,南平市,邵武市,邵武市水北镇王亭天主堂,,,,,117.432777,27.370192
大埠岗天主堂,,福建省,南平市,邵武市,邵武市大埠岗镇天主堂,,,,,117.353409,27.156378
沿山天主堂,,福建省,南平市,邵武市,邵武市沿山镇天主堂,,,,,117.364601,27.300341
桐木天主堂,,福建省,南平市,泗水县,星村镇桐木村天主堂,,,,,118.492729,26.375963
武夷山露德圣母堂,,福建省,南平市,武夷山市,武夷山市南门街74号,,,,,118.032999,27.746766
樟湖坂天主堂,,福建省,南平市,延平区,南平市樟湖镇贵岭,,,,,118.506584,26.387642
南平市天主堂,吴弈顺,福建省,南平市,延平区,南平市超骧路42号天主堂,,无原罪始胎圣母堂,,,118.181590,26.642510
南平教堂,何林,福建省,南平市,,,,,,,118.177864,26.640562
福安城关天主教堂,刘士杰,福建省,宁德市,福安市,福安市中兴东路68号从福安市长途汽车站坐2路公交车到老民族宾馆下车即可！,,福安城关天主教堂是一座清代老堂，文革后归还教会，现由闽东教区地上教会管理。堂区建有敬老院两座(荣圣幸福敬老院、崇一敬老院)，堂区成立爱心会，专门爱心送温暖于贫穷可怜的弟兄姐妹，目前堂区本堂司铎刘士杰神父，副本堂司铎阮希鹉神父，堂区近期修缮完毕，连同新成立的崇一敬老院使老堂焕然一新，欢迎主内兄弟姊妹前来。,,,119.651321,27.081783
福安溪潭天主教堂,,福建省,宁德市,福安市,福安市溪潭镇,,教堂建于明清时期，尖顶，以前还有育婴堂接受照顾孤儿。当地的原著民皆为本教兄弟姐妹。教堂大概能容纳两千人左右。,,,119.618431,27.000740
福安市穆阳天主堂,凌春,福建省,宁德市,福安市,福建省福安市穆阳镇西城街148号天主堂福安市穆阳镇，福安市去周宁县的方向。,,老教堂。附近有康厝教堂、邮亭教堂等，现由闽东教区官方教会管理。,,,119.538719,27.060051
罗江玫瑰圣母堂,陈神父,福建省,宁德市,福安市,福建省福安市赛歧开发区罗江天主堂104国道福安段,,闽东教区主教座堂,,,119.669388,26.970171
下白石天主堂,黄先生,福建省,宁德市,福安市,福建福安市下白石镇岐后路,,沈海高速下白石山口处左拐即可看见教堂,,,119.684914,26.809801
六屿天主堂,郑先生,福建省,宁德市,福安市,福建福安市下白石镇六屿村下屿路,,,,,119.680489,26.839161
西隐天主堂,冯祥神父,福建省,宁德市,福安市,福建福安市溪潭镇西隐村,,,,,119.589790,26.964432
苏洋天主堂,刘先生,福建省,宁德市,福安市,福建福安市赛岐镇苏洋村花园里,,,,,119.672447,26.920870
湾坞天主堂,吕先生,福建省,宁德市,福安市,福建福安市湾坞乡湾坞村,,,,,119.717751,26.831352
后林教堂,刘,福建省,宁德市,福安市,福安市下白石镇后林村福安市下白石镇后林村,,,,,119.686859,26.808212
岭头村天主教堂,黄女生,福建省,宁德市,福安市,福安市溪潭镇岭头村,,,,,119.534683,26.998142
福安市溪填天主教堂,陈神父,福建省,宁德市,福安市,福建福安市溪潭镇溪填村,,,,,119.623528,27.002312
顶头村天主堂,韩小刚,福建省,宁德市,福安市,福安市下白石镇顶头村腾江路148号顶头村天主堂福安市下百石镇高速路口下，往西4公里。,,"下白石镇顶头村是福安最早传入天主教的地方。顶头村天主教堂又称天主教""多明我堂""，始建于清光绪十三年(1887年)，系土木结构，1931年毁于台风。现有教堂为1932年重建，1937年落成。主体建筑是西洋风格，坐西向东，面积约1000平方米，面阔三间，进深八柱，纵向双坡顶，大门两侧次间为攒尖顶钟楼。砖石结构，硬山顶，面阔三间，进深九间。圆穹天顶，正门两侧钟楼高24米，方型钻天顶，高高耸立，十分壮观，门窗哥特式，置百叶窗，大门两侧置抱鼓一对。从正门步入，便是一个宽敞的大厅，12根方形柱子支撑着高24米的圆拱顶棚下，悬挂着4盏玻璃吊灯，据说大厅可容纳千人。""文革""期间，教堂钟楼等处曾遭毁坏。1983年落实宗教政策后，政府陆续拨款修缮，现有六座建筑物，占地面积6770平方米，为闽东规模最大、福安最早的天主堂。1991年顶头天主堂被福安市人民政府公布为市级文物保护单位，现由闽东教区官方教会管理。现今教堂内部因常年漏雨，正在修缮之中。顶头天主堂也是中国教会礼仪之争的地点之一。",,,119.599571,26.784266
外塘天主堂,郑先生,福建省,宁德市,福安市,福建福安市甘棠镇外塘村下郑路,,此圣堂建于上世纪八十年代后期，可容纳2500人。,,,119.651428,26.916552
双峰天主堂,冯先生,福建省,宁德市,福安市,福建福安市溪潭镇双峰村,,此圣堂为哥特式建筑，可容纳2000人。,,,119.607422,27.029562
福安罗江天主堂,陈神父,福建省,宁德市,福安市,福建福安市赛岐经济开发区罗江外巷,,此堂是在原明清时期的老教堂基础上，于上世纪九十年代重建的，为仿歌德式风格的现代建筑。可容纳4000人。,,,119.641365,26.933620
福安赛岐天主堂,,福建省,宁德市,福安市,福建福安市赛岐前进街百二坎路,,此天主堂为现代建筑风格，是上世纪九十年代，在老教堂的基础上重建的，可容纳3000人。,,,119.677773,26.962563
福安顶头多名我堂,韩小刚神父,福建省,宁德市,福安市,福安市下白石镇顶头村,,"顶头天主教堂位于福安市下白石镇顶头村，又称""多明我堂""。始建于清光绪十三年(1887年)，系木构建筑。民国20年毁于台风。现存教堂为西式风格建筑物，重建于民国21年。系当时福安规模最大的天主教堂，占地面积940平方米，朝东，面阔3间，进深9间，砖木混凝土结构。主楼纵向硬山顶，高14米，穹隆顶天。大门两侧钟楼高24米，方型钻天顶，顶部设有十字架。尖顶及十字架于""文化大革命""中被毁。教堂各侧一幢附属西式建筑，系该堂的神父楼，占地面积800平方米。目前教堂和神父楼保存较好。1991年，福安市人民政府公布为县级文物保护单位。现教堂由闽东教区官方教会管理。近日教堂经过重新翻修，焕然一新，欢迎主内兄弟姊妹前来。",,,119.665833,26.837502
福安市溪东天主堂,,福建省,宁德市,福安市,福安市溪东天主堂,,"2004年被列为福安市级文物保护单位的溪东天主堂因年久失修，破损严重。近日，福安市文物保护部门表示，作为闽东第一座教堂的溪东天主堂目前亟待修复。据福安市方志办冯克光介绍，溪东天主堂始建于明崇祯四年(1621年)，重建于清道光二十二年(1842年)。2004年9月8日，溪东天主堂被列入福安市级文物保护单位。溪东天主堂是外国传教士在闽东建立的第一座教堂，由民房改建而成，其中西合璧的宫殿式建筑在国内较为少见。溪东天主堂占地面积393平方米，整个建筑群由会客厅、神父楼及主建筑教堂组成。神父楼的门窗采用西式风格的百叶窗，因年代久远，窗户上的木条已部分脱落。据介绍，因年久失修，溪东天主堂多处受损，受2006年""桑美""台风影响，溪东天主堂受损情况更加严重，屋顶上瓦片已经破损，雨天时常漏水。相关人员表示，作为福安市级文物保护单位，溪东天主堂亟待修复。",,,119.755981,26.814367
下白石天主教堂,陈神父,福建省,宁德市,福安市,下白石镇岐后村,,,,,119.572861,26.767921
外洋村天主堂,赵日生,福建省,宁德市,福安市,穆云乡外洋村天主堂,,,,,119.572723,26.794981
湾坞镇半屿天主教堂,,福建省,宁德市,福安市,半屿村沈海高速互通口南二公里,,,,,119.729500,26.784372
上湾天主堂,,福建省,宁德市,福安市,溪潭镇上湾村,,,,,119.572723,26.794981
福安下白石镇凤山村教堂,,福建省,宁德市,福安市,凤山村,,,,,119.665894,26.842302
古田县南山路天主堂,王素刚,福建省,宁德市,古田县,福建省古田县南山路9号宁德以西120公里,,修女:詹雪莺,,,118.746060,26.577620
宁德市蕉城区城关天主教堂,詹思禄（非法主教）,福建省,宁德市,蕉城区,宁德市蕉城区北大路1号宁德市汽车北站后面.公交车:宁德市客运南站-宁德客运北站下.全程票价一元.,,教堂位于宁德蕉城区北站后，现为闽东教区公开教会非法主教詹思禄座堂。,,,119.523613,26.664450
岚口天主堂,黄先生,福建省,宁德市,蕉城区,福建宁德市蕉城区飞鸾镇岚口村,,,,,119.554619,26.573252
三都天主堂,罗先生,福建省,宁德市,蕉城区,福建宁德市蕉城区三都镇罗厝里,,,,,119.729225,26.597101
岐头天主教堂,韩先生,福建省,宁德市,蕉城区,福建宁德市蕉城区城南镇岐头村,,,,,119.547974,26.636351
贵岐天主堂,赖先生,福建省,宁德市,蕉城区,福建宁德市蕉城区城南贵岐村,,,,,119.559837,26.632362
吴厝天主堂,田彩亮,福建省,宁德市,蕉城区,宁德市塔山吴厝天主堂,,,,,119.549057,26.651529
三都澳天主教堂,,福建省,宁德市,蕉城区,宁德市三都澳村,,,,,119.526230,26.660220
宁德蕉城贵歧村教堂,赖其丰,福建省,宁德市,蕉城区,蕉城区城南镇贵歧村东胡市场至贵歧村,,本堂能容纳2000人，名圣心堂，全村皆为教友.,,,119.532127,26.661402
下墩阮厝天主堂,王素刚,福建省,宁德市,蕉城区,漳湾镇南埕村下墩阮厝天主堂,,,,,119.306648,26.711712
沙江镇天主堂,,福建省,宁德市,霞蒲县,沙江镇处店上街16号天主堂福安以东南64公里,,,,,119.973900,26.779951
霞浦慕亭下圣若瑟天主教堂,朱神父,福建省,宁德市,霞浦县,霞浦县松港街道慕亭下村,,该村为天主教村落。教堂为罗马式建筑，内部宽敞，教堂全部采用圣经故事彩色玻璃窗装饰。内部祭台左右两边的墙龛上分别设圣母像、若瑟抱小耶稣像、祭台中央设耶稣圣心像。祭台上方为穹顶结构绘制有三位一体壁画。,,,120.002991,26.884811
霞浦城关耶稣圣心天主教堂,朱神父,福建省,宁德市,霞浦县,福建省霞浦县松城街道上西坑6号上，下环公交（1路，10路）,,霞浦一小和六中附近,,,120.004662,26.884703
霞浦县沙江镇天主教堂,罗神父,福建省,宁德市,霞浦县,沙江镇,,,,,119.973663,26.779095
霞浦耶稣圣心堂,朱神父,福建省,宁德市,霞浦县,上西坑6号,,,,,120.005560,26.885170
岭头天主教堂,,福建省,宁德市,仙游县,岭头村沈海高速湾坞互通口往两公里,,,,,119.572861,26.767921
涵江天主堂,陈荔雄神父,福建省,莆田市,涵江区,福建省莆田市涵江区塘北36号莆田以东十五公里,,,,,119.116300,25.458790
莆田天主堂,韩克允神父,福建省,莆田市,荔城区,福建省莆田市十字街天主堂莆田天主堂位置东面顶务街南面东大路西面十字街北面文献路也就是古谯楼的左前方,,莆田天主堂位于莆田市区上十字街从莆田汽车站乘坐1路公交车在十字街下车，沿着十字街向北走200米右转即到莆田天主堂联系电话13706082577,,,119.014496,25.430782
东洋天主堂,,福建省,莆田市,荔城区,福建省莆田市黄石镇东洋村天主堂莆田以南10公里,,,,,119.122009,25.376190
大埔圣母玫瑰堂,,福建省,莆田市,仙游县,仙游县大埔圣母玫瑰堂（莆田以西45公里）,,,,,118.691830,25.362030
湖南村圣母玫瑰堂,李新容,福建省,莆田市,秀屿区,福建省莆田市秀屿区平海镇东美村湖南（福州以南95公里泉州以东北88公里,,湖南村是一湘教友携家航海，遇风浪飘至平海澳，聚居繁衍，故名湖南村，并建堂崇拜为莆田天主教祖堂,,,119.281830,25.194601
岩下天主堂,陈荔雄神父,福建省,莆田市,秀屿区,福建莆田市秀屿区南日镇岩下天主堂莆田乘车---石城（轮渡）——南日码头——（乘车）岩下,,南日岛总堂,,,119.463531,25.206036
汀歧天主堂,郑炳勇神父,福建省,莆田市,秀屿区,福建省莆田市秀屿区埭头镇汀岐村莆田以南35公里,,,,,119.237343,25.271091
樟林天主堂,,福建省,莆田市,秀屿区,福建省莆田市埭头乡（莆田以南35公里）,,,,,119.236008,25.255112
英田天主堂,,福建省,莆田市,秀屿区,福建省莆田市埭头乡（莆田以南35公里）,,,,,119.236008,25.255112
上店圣若瑟堂,,福建省,莆田市,秀屿区,福建省莆田市平海乡上店村福州以南95公里泉州以东北88公里,,,,,119.258308,25.186882
溪边劳工若瑟堂,李新容,福建省,莆田市,秀屿区,福建省莆田市秀屿区平海镇溪边村福州以南95公里泉州以东北88公里,,,,,119.245941,25.227661
石狮耶稣圣心堂,,福建省,莆田市,秀屿区,福建省莆田市平海镇上店村石狮福州以南95公里泉州以东北88公里,,,,,119.252441,25.183323
谢厝圣若瑟堂,,福建省,莆田市,秀屿区,福建省莆田市秀屿区平海镇东美村福州以南95公里泉州以东北88公里,,,,,119.281830,25.194601
平海圣母玫瑰堂,本堂司铎.李,福建省,莆田市,秀屿区,福建省莆田市秀屿区平海镇平海天主堂莆田以东43公里，湄洲岛东北对岸,,,,,119.274971,25.178593
刘厝天主堂,,福建省,莆田市,秀屿区,福建省莆田市埭头镇潘宅村刘厝自然村莆田以南35公里,,,,,119.262428,25.309694
曾厝天主堂,,福建省,莆田市,秀屿区,福建省莆田市埭头乡（莆田以南35公里）,,,,,119.236008,25.255112
告杯天主堂,,福建省,莆田市,秀屿区,福建省莆田市埭头镇告杯岛莆田以南44公里,,,,,119.236008,25.255112
郊下天主堂,李神父,福建省,莆田市,秀屿区,莆田市秀屿区平海镇石井村,,,,,119.295044,25.190660
东岱圣心堂,郑珍富，陈荔雄神父,福建省,莆田市,秀屿区,福建莆田南日东岱圣心堂,,东岱圣心堂是一座有3兄弟建立起来的,,,119.144966,25.444689
埭北周村天主堂,李新容,福建省,莆田市,秀屿区,福建省莆田县平海乡埭北周村福州以南95公里泉州以东北88公里,,法蒂玛圣母堂,,,119.274971,25.178593
南日岛天主堂,,福建省,莆田市,秀屿区,福建省南日岛岩下文明村平海以东,,,,,119.463234,25.202950
草湖天主堂,,福建省,莆田市,秀屿区,福建省南日岛草湖村天主堂,,,,,119.109680,25.454330
后峰天主堂,刘金太,福建省,莆田市,秀屿区,南日镇万峰后方我们这里是福建沿海的一个岛，名为<南日岛>；交通还算方便。,,本堂由佘山圣母主保;1995年在堂负责人刘文荣的带领下，十八户教友齐心协力盖起一座规模较小的堂厅;到了2012年;因家家户户经济发展，外加教友户数增加;大家商量重建教堂，纷纷出资，把过去堂厅翻新重建;现教堂已占地面积400平方米，可容纳150人;教友全部有200多人左右。,,,119.495895,25.210068
湖头天主堂,林勇泉,福建省,泉州市,安溪县,福建省泉州市安溪县湖头镇,,,,,118.035522,25.233080
东海滨城教会团体,胡冰,福建省,泉州市,丰泽区,福建东海滨城,,,,,118.668884,24.861515
洛阳镇天主堂,公主福,福建省,泉州市,惠安县,泉州市惠安县洛阳镇泉州以东北29公里,,,,,118.694504,24.957653
惠安天主堂(耶稣圣心堂),江连谟,福建省,泉州市,惠安县,泉州市惠安县洪厝蓝（泉州以东北29公里）,,,,,118.778687,25.023031
埔塘天主堂,孙光垣,福建省,泉州市,惠安县,惠安县张坂镇玉园村（泉州以东北29公里）,,,,,118.784485,24.925953
泉州市天主堂(圣家堂),林勇泉,福建省,泉州市,鲤城区,泉州市鲤城区花巷许厝埕25号（市人民政府后面）（厦门以东北94公里）,,E-mail:22380105@163.com宗教古迹:宋元时期的基督宗教墓碑存于海外交通史博物馆(尤其是安德肋主教的墓碑),,,118.587471,24.908072
金淘天主堂,林勇泉,福建省,泉州市,南安市,福建省南安市金淘镇下墟街,,小德兰堂,,,118.356873,25.118582
涂岭天主堂,江连谟,福建省,泉州市,泉港区,福建省泉州市泉港区涂岭镇,,,,,118.845268,25.176401
永春天主堂,林勇泉,福建省,泉州市,永春县,福建省泉州市永春县五里街镇,,,,,118.270149,25.329163
将乐味增爵天主堂,王加文,福建省,三明市,将乐县,将乐县建设街玉华巷9号天主堂,,,,,117.471344,26.725088
宁化县天主堂,,福建省,三明市,宁化县,宁化县城关,,,,,116.654430,26.261780
宁化进教之佑圣母堂,,福建省,三明市,宁化县,宁化县城关天主堂,,,,,116.650543,26.258228
沙县耶稣圣心堂,王加文,福建省,三明市,沙县,沙县文庙路154号,,,,,117.792680,26.396170
泰宁天主堂,,福建省,三明市,泰宁县,泰宁县岭上街天主堂,,,,,117.175728,26.897409
朱口天主堂,,福建省,三明市,泰宁县,泰宁县朱口天主堂,,,,,117.175800,26.900120
尤溪天主堂,,福建省,三明市,尤溪县,尤溪县城关镇水东天主堂,,,,,118.206253,26.176472
厦门市玫瑰圣母堂,江神父,福建省,厦门市,思明区,厦门市磁安路15号旧城北堂厦门轮渡站附近，开禾路口可入，需要打听，比较难找。,,http://www.xmdiocese.org/cn_Contact.html鼓浪屿耶稣君王堂厦门市鼓浪屿鹿礁路34号邮编:361001电话:+865922066150E-mail:info@xmdiocese.org或xmctkp@gmail.com玫瑰圣母堂厦门市磁安路15号邮编:361002电话:+865922054501E-mail:info@xmdiocese.org或xmctkp@gmail.com,,,118.073257,24.455431
鼓浪屿耶稣君王天主堂,,福建省,厦门市,思明区,鼓浪屿鹿礁路34号,,,,,118.072800,24.443588
厦门市露德圣母堂,,福建省,厦门市,,美西厦门以北10公里,,,,,118.178459,24.486412
福安步下天主堂,刘神父,福建省,漳州市,福安市,福建省福安市步下村福安九路公交车,,福安城关,,,119.659019,27.085741
康厝乡天主堂,凌春,福建省,漳州市,福安市,福建省福安市康厝乡天主堂,,,,,119.669388,26.970171
穆阳镇天主堂,凌春,福建省,漳州市,福安市,福建省福安县穆阳镇东街96号,,,,,119.538719,27.060051
林下路德圣母堂,蔡炳瑞,福建省,漳州市,龙海市,龙海市九湖镇林下村坑尾,,,,,117.596298,24.464891
港尾镇梅市村天主堂,蔡国全,福建省,漳州市,龙海市,漳州以东23公里,,,,,117.651848,24.511517
圣母无原罪堂,蔡国全,福建省,漳州市,龙海市,漳州以东23公里,,,,,117.651848,24.511517
古城圣母玫瑰堂,蔡国全,福建省,漳州市,龙海市,漳州以东23公里,,,,,117.651848,24.511517
石码天主堂(圣家堂),沈智宏,福建省,漳州市,龙海市,福建省龙海市石码镇锦江道16号（漳州以东23公里）,,,,,117.824580,24.444920
龙海市露德圣母堂,,福建省,漳州市,龙海市,漳州以南10公里,,,,,117.651848,24.511517
永定县天主堂,王冬仁,福建省,漳州市,龙海市,漳州以西205公里,,,,,117.709840,24.503300
白水镇庄林天主堂,蔡国全,福建省,漳州市,龙海市,漳州以东23公里,,,,,117.651848,24.511517
大埔天主堂,蔡国全,福建省,漳州市,龙海市,漳州以东23公里,,,,,117.651848,24.511517
后坂圣母玫瑰堂,刘恒平神父,福建省,漳州市,龙文区,福建省漳州市龙文区后坂天主堂,,,,,117.765152,24.495901
岭东若瑟堂,,福建省,漳州市,龙文区,漳州以东,,五月一日的朝圣庆典,,,117.709840,24.503300
南靖天主教堂,卓炎生,福建省,漳州市,南靖县,福建省漳州市南靖县山城镇三卞村深浪社,,,,,117.373421,24.516912
天宝镇天主教堂,,福建省,漳州市,芗城区,福建省漳州市芗城区天宝镇,,,,,117.565979,24.584013
漳州市耶稣圣心堂,蔡国全,福建省,漳州市,芗城区,芳华北路20号（中山公园西门边）厦门以西69公里,,,,,117.709840,24.503300
诗浦天主堂,郭传雄,福建省,漳州市,芗城区,悦港路诗浦民俗文化区漳州南,,诗浦天主教会于1902年由原龙溪县翰苑村(现龙文区后坂村)天主教传道先生严然来本村施教布道而传入。1929年，教友经商议后向漳州本堂神父呈请批准建诗浦圣堂，并奉罗阁圣人为主保。1958年期间，罗阁堂被诗浦大队占用，后改为第二生产队队间。文革后落实宗教政策，1983年上半年经教友多方努力，终于向生产队讨回了罗阁堂，重新恢复宗教活动;并把罗阁主保瞻礼日改在每年的十月一日。由于朝圣教友逐年增多，1993年原教堂进行扩建。2007年因城市改造需要，诗浦天主堂搬迁至悦港路诗浦民俗文化区重建，2009年1月建成。新建成的教堂是一座哥特式二层钢筋混凝土建筑，占地面积558㎡，总建筑面积275㎡。2009年6月6日举行了隆重的诗浦天主堂建堂八十周年暨迁建落成祝圣典礼。由厦门教区教区长蔡炳瑞神父主礼祝圣。愿光荣归于仁慈的天主圣父!愿罗阁圣人助佑大家神形安康!,,,117.673599,24.498161
长泰县法蒂圣母堂,蔡炳瑞,福建省,漳州市,长泰县,长泰县武安镇龙泉北路52号,,5月13日瞻礼本日,,,117.753600,24.626340
诏安县天主堂,,福建省,漳州市,诏安县,福建漳州诏安县天主堂,,,,,117.690163,24.473841
陇西天主堂,葛永军,甘肃省,定西市,陇西县,县医院对面（位于陇西县南街）,,,,,104.663048,34.990353
岷县天主教堂,刘兴福 神父,甘肃省,定西市,岷县,和平路坐1路车地税局下车,,,,,104.032402,34.436333
嘉峪关天主堂,韩神父,甘肃省,嘉峪关市,酒钢厂区,嘉峪关市酒钢厂区九号门向南1公里,,重复,,,98.288071,39.819561
嘉峪关大众街天主堂,韩元庆,甘肃省,嘉峪关市,,嘉峪关市大众街天主堂张掖以西北220公里,,教友:1000,,,98.301941,39.784149
嘉峪关市天主教堂,韩元庆,甘肃省,嘉峪关市,,嘉峪关市钢城路,,,,,98.299942,39.786732
兰州市城关区耶稣圣心堂,韩志海主教,甘肃省,兰州市,城关区,兰州市金昌南路328号从火车站乘1路、126路、9路、127路等公交车到广场西口下车，向南300米即到。,兰州教堂主日弥撒早7:00中午10:00、平日弥散:早7:00。,兰州教堂主日弥撒早7:00中午10:00、平日弥散时间:早7:00。,,,103.830917,36.043430
耶稣圣心堂,胡沛贤神父,甘肃省,兰州市,城关区,兰州市金昌南路328号从火车站乘1路、126路、9路、127路等公交车到广场西口下车，向南300米即到。,,,,,103.830917,36.043430
兰州市耶稣圣心堂,陈国基,甘肃省,兰州市,城关区,甘肃省兰州市金昌南路328号（北京以西1813公里）路线：从火车站乘车到广场西口下车，向南200米即到.,,修女:6位(圣家会),,,103.837680,36.050560
陈官营天主堂,杨正钧,甘肃省,兰州市,西固区,兰州市西固区陈官营丁家庄309号（北京以西1813公里）陈官营路线：兰州火车站坐102，101路车陈家营下车，向东150米至陈坪街道办事处西侧，向北280米，向西150米，向北50米即到（兰州二十一中以北60米）。,,主教:韩志海手机:0028613893303685修女:6位(圣家会)教友:1500,,,103.598511,36.107800
兰州市西固区陈官营天主堂,,甘肃省,兰州市,西固区,陈官营丁家庄兰州火车站乘102路公交车到陈官营下车往东150米，向北280米，向西200米，向北50米。,,民国六年(1917年)在一位外籍女信友的捐助下，从当地教友家中购买了6.5亩土地，建起了欧式风格的正式教堂，建筑总面积约800㎡。到解放初期，陈官营教堂经常有2~3位修女为信友提供教理讲解服务，定期有神父来讲道、做弥撒。1965~1966年间，西固区政府为修人防工程而拆毁了天主教堂，剩余的20余间平房及地皮交由陈官营大队团结生产队使用。1981年国家开始恢复宗教政策，归还教会财产。1984年由教友代表出面，接收了西固区政府归还的陈官营天主堂教产——现金2万元和6.5亩土地永久使用权。1980年至1987年，被关押的袁嘉禄、杨立柏、赵永让等几位神父相继出狱后，到陈官营都是在教友家里做弥撒，教友们如久旱逢甘霖，神父走到哪里，教友们都主动跟随到哪里，趋之若鹜，热情高涨。1988年教友们集资了15万元，历时一年半，建成了现在教堂北面的二层小楼，上下共18间，约450㎡。1996年教友们又集资了70万元，历时两年，重建了砖混结构的哥特式教堂，建筑面积650㎡，可容纳800人参与弥撒。2008~2009年投资200万元建成了教堂南面的钢混结构四层楼房，建筑面积约1800㎡。主要用于修会活动和培训。2011年7月中下旬，在本堂杨神父的号召和带领下，教友们筹资筹劳，顶着35℃的高温酷暑天气，着手硬化教堂活动广场，热烈的劳动场景感天动地。自陈尔智领洗入教已历210年，他播下的天主教信仰种子经历了艰难的孕育和残酷的考验后，已生发成为一棵参天大树——陈官营天主堂的教友已发展到1000余人，堂里有固定的本堂神父和修女为教友们提供牧灵服务，每天早晨都有虔敬的弥撒和恳切的祈祷声，祈祷着世界和平，国泰民安与和谐稳定。每个星期天都有两台弥撒，参与弥撒的教友约400人次，圣诞节等四大瞻礼日更是达到1000多人次。,,,103.850250,36.034290
兰州西固区下川村圣弥额尔天主堂,爱心使者,甘肃省,兰州市,西固区,兰州西固区下川村（下川小学对面）到西固坐42路316路下川下车步行500米到,,,,,103.501701,36.155670
下川村天主堂,陈宇,甘肃省,兰州市,西周区,兰州市西周区下川下川村天主堂（北京以西1813公里）,,,,,103.493439,36.160870
成县天主堂,,甘肃省,陇南市,成县,天水以东南138公里,,,,,105.889650,34.570240
徽县城关镇先农街天主堂,李德禄,甘肃省,陇南市,徽县,天水以东153公里,,,,,105.889650,34.570240
礼县天主堂,,甘肃省,陇南市,礼县,甘肃省礼县天水以西南95公里,,,,,105.178440,34.189070
武都县天主堂,王春彦神父,甘肃省,陇南市,武都县,清蒸行一中{中学}隔壁成县以西南145公里,,从管理站打的士到一中{中学}门口下车向西走几步即到,,,105.565369,33.674282
甘肃省陇南市西和县天主教堂,李神父,甘肃省,陇南市,西和县,西和县汉源镇大水街,,,,,105.298943,34.009121
西和天主堂,,甘肃省,陇南市,西和县,李建国神父,,,,,106.336349,33.738369
东华镇南园天主堂,方明生,甘肃省,平凉市,华亭县,平凉以南73公里,,,,,106.674770,35.542580
玉都乡天主堂,徐诚,甘肃省,平凉市,泾川县,玉都镇在平凉市东边90公里，在泾川县城北30分钟的车程，具体地点玉都乡街道西侧.主教座堂在平凉市北后街71号，主教电话:13993322206,,,,,107.313034,35.454552
平凉教区主教座堂,主教：韩纪德,甘肃省,平凉市,崆峒区,甘肃省平凉市北后街71号天主堂西安以西北沿着312国道295公里,,由秦州分出去平凉监牧区(1930)西班牙嘉布谴会管理平凉升教区(1950)1930--1951高金铿1987--1999马骥,,,106.681000,35.540310
上里塬柳树河天主堂,李永忠,甘肃省,庆阳市,华池县,庆阳以北62公里,,,,,107.638374,35.734219
龚家塬天主堂,马年红神甫,甘肃省,庆阳市,宁县,庆阳马家岭龚家塬天主堂（平凉以东北165公里）（平凉以东北215公里）,,,,,107.650803,35.748932
三十铺天主堂,卢凡（神父),甘肃省,庆阳市,庆城县,三十里铺街道剧场隔壁三十铺天主堂庆阳市以北71公里，庆西公路56km，曲庆公路15km.乘车路线：西安—环县，平凉—环县西峰—环县过了三十铺收费站，三十铺中街路口下车向东200米就到。,,原广福镇即今天三十里铺，比马岭教堂早建两年，1888年购地建的堂，并于民国四年(1915年)，环县张九才率领的农民抗税暴动中被人纵火焚毁。三十里铺的教堂虽遭此厄运，但两年后重建。现已有教友一千多名，其包括:曹塬、钟家塬、百步寺、解放沟、梁腰岘等地。,,,107.209579,36.668690
三十里铺天主堂,卢凡,甘肃省,庆阳市,庆城县,甘肃省庆阳县三十里铺平凉以东北165公里,,诊所一座养老院一座,,,107.650803,35.748932
庆阳县天主堂,,甘肃省,庆阳市,庆城县,庆阳县皇城开发区（平凉以东北165公里）（平凉以东北215公里）,,庆阳堂口历史悠久原堂址被侵占后落实政策迁至皇城开发区至今有教友三百多人,,,107.650803,35.748932
辛家沟天主堂,陈更,甘肃省,庆阳市,庆城县,庆阳县辛家沟天主堂（平凉以东北165公里）（平凉以东北215公里）,,,,,107.650803,35.748932
西峰区火巷天主堂,吴军,甘肃省,庆阳市,西峰区,平凉以东北165公里,,,,,106.674770,35.542580
岸峪救世之母天主堂,王弥禄,甘肃省,天水市,甘谷县,甘肃省甘谷县岸峪村,,,,,105.305229,34.603493
甘谷县土桥天主堂,陈勤义司铎,甘肃省,天水市,甘谷县,,,,,,105.298943,34.009121
甘谷县北关天主堂,仵建朝,甘肃省,天水市,甘谷县,甘肃省甘谷县北关天主堂天水以西49公里,,,,,105.332184,34.741581
渭阳天主堂,陈勤义,甘肃省,天水市,甘谷县,甘谷渭阳乡,,,,,105.392128,34.760681
甘肃天水渭南天主堂,卢神父,甘肃省,天水市,甘谷县,天水以北18公里,,此堂区属于天水教区教友集中，人数最多，福传活跃的堂区，目前堂区有教友近千人，但被一位姓谢的神父搅乱了,,,105.889650,34.570240
甘肃备修院,,甘肃省,天水市,麦积区,甘肃省天水市甘肃备修院,,1999年10月5日举行开学典礼院长:杨哓斌杨晓斌现已离开教会不再从事福传工作...,,,105.889650,34.570240
甘泉进教之佑天主堂,尹嘉录司铎,甘肃省,天水市,麦积区,甘泉中学旁,,,,,105.937981,34.452549
秦安县天主堂,,甘肃省,天水市,秦安县,甘肃省秦安县秦城区（天水以西北69公里）,,堂区教友办的裁缝厂以维持教会发展经费,,,105.691582,34.570702
天水市东关主教座堂(天水教区),教区长赵建章神父,甘肃省,天水市,秦州区,天水市秦州区建设路112号,,该教堂是于1991年在旧址上建成的哥特式大教堂，能容纳两千多人。是天水市东关一大景点。一进天水东大门，就可以看见高高耸立的神圣建筑。,,,105.735678,34.580370
天水市圣家会女修院,,甘肃省,天水市,秦州区,甘肃省天水市西安以西328公里,,院长:陶元德修女,,,105.889650,34.570240
天水市西关天主堂,,甘肃省,天水市,秦州区,甘肃省天水市西关解放路三新巷18号西安以西328公里,,最初开放的西关教堂原来为女修院原主教堂圣德肋撒在东关，已成为住家。东关主教座堂主教府诊所一座招待所一座,,,105.889650,34.570240
天水市秦州区太京镇圣维雅纳天主堂,王主教 刘神父,甘肃省,天水市,秦州区,秦州区太京镇甸子村天水市南湖车站坐14路公交车甸子村即到,,,,,105.550407,34.562660
天水市太京圣维雅纳教堂,周鹏,甘肃省,天水市,秦州区,,,,,,103.493439,36.160870
清水县天主堂,,甘肃省,天水市,清水县,天水以东北54公里,,,,,105.889650,34.570240
古浪县土门镇天主堂,胡德有,甘肃省,武威市,古浪县,甘肃省武威市古浪县土门镇由兰州或武威乘车至土门镇，向南200米。,,"这是一座新旧结合的教堂，也是兰州教区文革中幸存的几座教堂之一，上世纪八十年代又进行了扩建，逞""丁""字形，是古浪的一座中心堂口，所辖教友1400多。",,,103.066589,37.620781
古浪县裴家营镇小德兰天主堂,陈光福,甘肃省,武威市,古浪县,古浪县裴家营镇,,裴家营镇小德兰教堂是在1999年由当时的本堂李成全神父负责修建，是在资金缺乏，条件有限的情况下修建的。本地的信友生活贫困，靠做一些小生意来维持生计，但他们信仰虔诚，热心事主，是甘肃兰州教区的热心教友。,,,103.516800,37.475029
上河湾村天主堂,胡德有,甘肃省,武威市,古浪县,土门镇上河湾村天主堂兰州以西北180公里,,上河湾村天主堂即土门天主堂.,,,103.493439,36.160870
黄花滩天主堂,陈光福神父,甘肃省,武威市,古浪县,甘肃省武威市古浪县黄花滩乡黄花村,,,,,103.127884,37.668850
安家山村天主堂,杨成全,甘肃省,武威市,古浪县,永丰滩乡安家山村天主堂（兰州以西北180公里）,,,,,103.493439,36.160870
古浪县大和乐堂口,,甘肃省,武威市,古浪县,黄花滩乡新西村,,,,,102.897650,37.470130
新城村天主堂,杨清乾神父,甘肃省,武威市,凉州区,金羊镇新城村天主堂凉州，公交9路，到发放路口下车，步行即到,主日弥撒:早上10:30,主日弥撒:早上10:30,,,102.676781,37.942741
松树庄天主堂,韩元忠神父,甘肃省,武威市,凉州区,凉州区松树乡松树庄天主堂兰州以西北278公里.武威市区往西12公里，原圣言会,主日弥撒:冬季:早上7:30，10:30点.夏季:早上6:00，10点.,"据1623年在西安发现的""大秦景教流行中国碑""的可靠历史资料记载，早在唐朝时(公元618—907)由于唐太宗(公元650—683)的恩待，加之借丝绸之路的畅通，景教在内地甘州和凉州开始有了发展。后因伊斯兰教派在中亚的不断传播和扩展，商道被阻，传教士无法进入内地，本土的传教士又后继无人，这样基督教团体在甘肃逐渐消失了。基督信仰第二次传入甘肃是随着利玛窦(P.MatthieuRicci，意大利人，1552.10.6—1610.5.11卒于北京)和庞迪我(P.DidacedePantoja，西班牙人，1571—1618.1卒于澳门)等耶稣会士在明末进入中国而开始的，尽管利玛窦神父未曾来到过甘肃，但其会友方德望(P.EtienneFaber或LeFevre，法国人，1598—1659.5.22卒于汉中)却在康熙四年(1665)在陕西汉中而来到过甘州和凉州传教。因方神父的谦逊和爱人精神，博得了当地的非基督徒的爱戴，在他去世之后，当地人曾修庙膜拜以求护佑，称他为""方土地爷""。此时的甘肃教区仍由陕西教区代管，因当时传教士人员的缺乏，甘肃的基督徒团体无法得到充分的照应。为了使这些已建立起来的基督团体，能得到适当的照顾和发展，1878年，教宗良十三世决定把甘肃和毗邻的新疆伊犁一带划分为一个独立的教区并委派圣母圣心会加以管理和照顾。1878年10月27日，是甘肃传教历史上的一个可喜的日子，因为在这一天圣母圣心会士韩默理(FerdinandHamer，1878-1889在位)神父被祝圣为甘肃的主教，自此甘肃的教会有了牧人。韩主教接受了重任后遂与几位会士来到甘肃，他们在甘肃的首要工作就是，要找到一块属于自己的传教落角点，几经努力，终于在凉州西乡(后来改称此地叫""松树"")购得了一块土地并建造了住所，传教士们把松树作为甘肃传教的基点，逐渐扩大传教工作。因传教士们的辛勤耕耘，截止1898年，甘肃已建立起了17个传教站，以及一些服务机构。韩主教调离甘肃去蒙古之后，陶洪伯(陶福音，HuberlusOtto，1891-1922在位)神父于1881年1月11日被祝圣为主教，接受了韩主教的重任。陶主教上任之后，对甘肃的教务做了细致的分析，并在实际的传教过程中发现了甘肃因地域辽阔，区域广大加之交通不便，某种程度上给传教带来了许多困难，遂将划分传教区域的计划呈递了罗马传信部，此高瞻远瞩的计划得到了罗马传信部的同意之后，把甘肃教务一分为二，陇西以东为陇南监牧区，由E.ter-leek监牧负责，而陶主教则主要管理甘北(兰州)代牧区，并把凉州西乡作为其传教驻地——主教府。第一次世界大战后，为适应新的形势，教会在传教布局方面得到了重新调整。1922年3月，教宗比约十一世就甘肃教务作了如下决定:取消伊犁传教区甘北代牧区和陇南监牧区，建立陇南代牧区和陇西代牧区，陇南代牧区由法国和西班牙加布遣会接管，而陇西代牧区由德国圣言会负责，圣母圣心会则去了宁夏和内蒙古传教区服务。这一决定之后，第一批传教士八位圣言会神父，便在濮登博(TheodorBuddenbrick，德国人，1878.6.12—1959.1.18卒于德国)神父的率领下，由山东历经长途跋涉，终于1922年4月14日到达凉州西乡，接管了陇西的教务。在传教士们辛勤工作之下，教务蒸蒸日上，信教团体不断增大，遂于1924年陇西代牧区升格为正式的兰州教区。次年7月，濮代牧也被教廷代表刚恒毅(Mgr.Costantini)主教在山东祝圣为主教。此后松树就成为兰州教区的核心，也是圣言会在西北的大本营。自此之后，圣言会在甘肃的传教事业轰轰烈烈的展开了，创立了西北总修院，为西北培养出了德才兼备的司铎，还建立了公教医院、多处诊疗所和孤儿院。成立了小修院和四所完全小学，为教会和国家培养了大批人才，奉教的人数每年有增无减，各地教堂拨地而起，可谓甘肃传教史上之鼎盛期。然而好景不长，因特殊的历史环境，教会的发展中断了四十年之久，松树教堂被充公，无人珍惜，也无视这赋有历史价值的建筑，致使面目全非。在上世纪八十年代教会又重新走上了开放自由之路，这赋有追忆的历史场所——松树教堂的恢复，时常在教区的议事日程中牵挂着，松树教堂的恢复，不失原貌又不能落后于时代的风格，这是历史赋予我们的挑战，这一愿望终于实现了。",,,102.505882,37.945232
胡家庄天主堂,葛永军,甘肃省,武威市,凉州区,武威市凉州区三沟村胡家庄,,教友:1000,,,102.929153,37.661819
金山乡营盘村天主堂,刘成德,甘肃省,武威市,凉州区,金山乡营盘村天主堂（凉州）（兰州以西北278公里）,,教友:1200,,,103.493439,36.160870
杂沟村圣母圣心天主堂,王军山(会长),甘肃省,武威市,凉州区,甘肃武威市凉州区西营镇杂沟村麻纺厂乘坐到永丰的车就可达到,,,,,102.392639,38.001900
西营乡杂沟天主堂,,甘肃省,武威市,凉州区,市区向西24公里（凉州）（兰州以西北278公里）,,,,,103.718780,36.103960
营盘村天主教堂,,甘肃省,武威市,凉州区,甘肃省武威市凉州区金山乡营盘村三组,,,,,102.277603,38.058201
莲花山村弥额尔天主堂,韩元忠神父,甘肃省,武威市,凉州区,凉州区松树乡莲花山村九组,,,,,102.486343,37.932751
武威市圣若瑟天主堂,杨副主教,甘肃省,武威市,凉州区,武威市西二环路市内乘8路、12路在交警大队下车往南200米即到,,,,,102.641980,37.928180
花儿村天主堂,洪万喜,甘肃省,张掖市,甘州区,新墩乡花儿村天主堂（武威以西北230公里）,,教友:2000,,,102.676781,37.942741
六号村天主堂,杨成铎,甘肃省,张掖市,甘州区,梁家墩镇六号村天主堂（武威以西北230公里）,,教友:800,,,102.676781,37.942741
四号村天主堂,杨清乾,甘肃省,张掖市,甘州区,和平乡四号村天主堂（市区向南24公里）（武威以西北230公里）,,教友:800,,,102.614784,37.917412
大满镇四号天主教堂,扬成全,甘肃省,张掖市,甘州区,张掖市大满镇四号到张掖市坐到汤家什的车,,教友2000人,,,100.401360,38.796520
园艺村天主堂,杨成全,甘肃省,张掖市,甘州区,新墩乡园艺村天主堂（市区向西走7公里）（武威以西北230公里）,,圣家会初学院:3位初学负责人:洪彩琪修女,,,102.676781,37.942741
张掖市耶酥圣心天主堂,曾宝平 神父,甘肃省,张掖市,甘州区,张掖市劳动南街什字火车站乘1路车到市区欧市街什字下车，即电力大厦向南200米；或市区内乘18路到天主教堂下车即可。随时欢迎各位来宾朋友光临！主佑平安！,,,,,100.478010,38.929670
张掖新墩镇园艺村天主堂,胡德有神父,甘肃省,张掖市,甘州区,甘肃省张掖市新墩镇园艺三社张肃公路6公里农科所向北500米,,,,,100.369247,38.916561
盘山村天主堂,韩兴国,甘肃省,张掖市,山丹县,陈户乡盘山村天主堂（山丹向南40公里）武威以西北111公里,,教友:1450不是天主堂，接电话的也不是教友，这是个骗财的团伙骗财的,,,102.614784,37.917412
甘泉村中华圣母堂,李成全,甘肃省,张掖市,山丹县,老军乡甘泉村天主堂武威以西北111公里,,修女:8位教友:1500电话号码是空号,,,102.614784,37.917412
潘庄村中华圣母天主堂,,甘肃省,张掖市,山丹县,甘肃省张掖市山丹县老军乡潘庄村二社,,本地教友近1500,,,101.383507,38.476959
山丹南湖神圣慈悲教堂,邱学山神父,甘肃省,张掖市,山丹县,南湖公园东门外交通车站山丹下车，坐出租车,,兰州教区的神父好像是三年轮换一次，请注意跟新。谢谢!,,,101.088610,38.784490
任家镇天主堂,,甘肃省,张掖市,,武威以西北230公里,,,,,102.641980,37.928180
圣家会修女张夜市诊所,,甘肃省,张掖市,,武威以西北230公里,,,,,102.641980,37.928180
玉窖若瑟堂,,广东省,潮州市,潮安区,凤塘镇玉窖村潮州市至揭阳市中段,,,,,116.533882,23.585392
圣母玫瑰堂,,广东省,潮州市,潮安区,彩塘镇仙乐二村圣母玫瑰堂（潮州以南34公里）,,,,,116.651138,23.515451
潮安郭陇堂,,广东省,潮州市,潮安区,,,,,,116.660904,23.451321
渔沧巷天主堂,,广东省,潮州市,潮安区,中心医院渔沧巷天主堂汕头以北46公里,,,,,116.642593,23.666050
伯多禄堂,,广东省,潮州市,潮安区,庵埠镇竹牌街伯多禄堂（潮州以南34公里）,,,,,116.678090,23.462440
潮安露德圣母堂,,广东省,潮州市,潮安区,潮安大道旁,,,,,116.678090,23.462440
东门溪桥天主堂,,广东省,潮州市,饶平县,广东省潮州市饶平县三饶镇东门溪桥饶平县三饶镇东门溪桥边,,暂时没有照片这座教堂才新建几年网上都搜索不到的。应该是地区和修建时间的问题但是这座教堂是属于比较新颖和华丽的。,,,116.831810,23.982231
霞西天主堂,张义平,广东省,潮州市,饶平县,黄冈镇霞西天主堂汕头以东北56公里,,,,,116.422325,23.407127
潮州圣母进教之佑堂,,广东省,潮州市,湘桥区,广东省潮州市湘桥区环城西路84号內汕头以北46公里,,注:在潮州市中心医院的院中,,,116.627602,23.669453
湘桥区桥东街道六亩管区耶稣圣心堂,,广东省,潮州市,湘桥区,汕头以北46公里,,,,,116.433100,23.250290
莞城天主教堂,,广东省,东莞市,,广东省东莞市莞城迈豪街９巷（第九通道）,每周日早上9:00,耶稣圣心堂弥撒时间:每周日早上9:00,,,113.754356,23.040730
莞城天主教堂,杨四喜神父,广东省,东莞市,,广东省东莞市迈豪街九巷8号市内可乘1、8、15、16、18、21、28、C3路公交车，东莞市人民公园下车。从虎门过来可乘L1到文化广场下车。自已开车用导航可以一步步设置：东莞市--莞城区---人民公园西门既到。本教堂距离人民公园西门约100米。,,该教堂只有几十平方，又不好找，请大家为该教堂祈祷。希望能尽快建一座大教堂，好使我们能更好的过信仰生活。杨四喜神父,,,113.755722,23.038998
大岭山天主堂,,广东省,东莞市,,东莞市大岭山镇振华路玉兰街二巷1号,,这个是基督教不是天主教,,,113.842178,22.900042
塘厦镇新教福音堂,,广东省,东莞市,,东莞市塘厦镇翻身路11号,,这个是基督教堂,,,114.072563,22.807060
石龙镇天主堂,,广东省,东莞市,,东莞市石龙镇中山西路线香街40号,,这个是基督教堂,,,113.874260,23.105841
油甘埔天主堂,,广东省,东莞市,,东莞市凤岗镇油甘埔乡,,这个是基督教堂,,,114.172661,22.719732
东莞市城区万寿路基督教堂,,广东省,东莞市,,东莞市城区万寿路仁和里四巷1号,,这个是基督教堂,,,113.756950,23.044682
虎门镇太平堂,,广东省,东莞市,,东莞市虎门镇运河北路34号,,这个是基督教堂这个是基督教不是天主教,,,113.673070,22.820040
道滘镇道滘堂,,广东省,东莞市,,东莞市新兴路新兴横街二巷2号,,这个是基督教堂这个是基督教不是天主教,,,113.751790,23.020670
清厦村天主堂,,广东省,东莞市,,东莞市清溪镇老圩清厦村,,这个是天主堂,,,114.161034,22.835632
大朗天主教堂,石神父,广东省,东莞市,,大朗镇富华中路492号东莞市内公交车：大朗嘉荣商场（天桥）站的公交车有93路，86号，207路，常平与大朗镇区的有：18路，2路等瑞林培训二楼（大朗嘉荣超市天桥路口向北方向前行300米左侧即安利达电器商场正对面）,,这里是地上教会还是地下教会,,,113.930580,22.930521
莞城寮步天主堂,许轩主,广东省,东莞市,,东莞市寮步镇缪边金松路上95号,,这是错的目前东莞市寮步镇缪边金松路上95号没教堂,,,113.874847,22.997391
塘厦天主堂,石伟 神父,广东省,东莞市,,东莞市塘厦镇龙背岭164--16444号二楼4路、9路、81路、82路、225路。164路.----龙背岭加油站对面下车,,本堂区是在09年开放给当地基督徒，广州教区为满足于当地信友的信仰生活。感谢天主及教会教长。同时也请求所有的主内弟兄姐妹为似于新生儿的堂区祈祷。,,,114.038322,22.802443
大朗天主教堂,,广东省,东莞市,,大朗鎮福華中路492號,,,,,113.809372,22.991451
佛山市天主堂,叶耀民,广东省,佛山市,禅城区,佛山市福宁路明心街3号,,,,,113.119970,23.025690
大沥镇蛇龙村天主堂,,广东省,佛山市,南海区,,,,,,115.864731,22.913490
大沥镇九潭村天主堂,,广东省,佛山市,南海区,,,,,,115.864731,22.913490
九江镇天主堂,,广东省,佛山市,南海区,,,,,,115.864731,22.913490
罗村镇芦塘旧村天主堂,张喜舟神父,广东省,佛山市,南海区,罗村镇芦塘旧村天主堂,,,,,113.198463,22.831491
顺德耶稣圣心天主堂,刘存保神父,广东省,佛山市,顺德区,大良东康路163号耶稣圣心天主堂东康路天主教堂在妇幼保健医院附近，您可乘坐公交车，东乐路高坎路口站下车。十字路口向右转，徒步5分钟到达教堂。我们教堂门口有圣宗徒伯多禄和保禄的石雕圣像。,弥撒:6:30平日、主日、瞻礼弥撒在龙眼教堂;大良:每月首六:晚7:30朝拜圣体、玫瑰经.8:00弥撒;每周六:晚上7:30朝拜圣体、玫瑰经.8:00弥撒(主日前夕弥撒);主日:7:30朝拜圣体、玫瑰经，圣体降福。普通话，8:30.英语:10:00;其他小圣堂，根据需要安排弥撒。(常规计划，每月一次弥撒)主日晚上8:00，容桂弥撒时间是主日，瞻礼的下午2:30.,顺德堂区涵盖:北滘(水口教堂)乐从(平步教堂)龙江(东头-天佑门教堂)均安(南沙教堂)勒流(龙眼教堂)大良(总堂)杏坛、容桂、陈村、伦教。(占时没有活动)我们是罗马天主教会，不是什么所谓爱国教会或忠贞教会。所以希望天主的子女们询问问题时免谈。愿我的服务能指给你天堂的路。谢谢大家配合。天主保佑。弥撒时间:6:30平日、主日、瞻礼弥撒在龙眼教堂。大良:每月首六:晚7:30朝拜圣体、玫瑰经.8:00弥撒每周六:晚上7:30朝拜圣体、玫瑰经.8:00弥撒(主日前夕弥撒)主日:7:30朝拜圣体、玫瑰经，圣体降福。普通话，8:30.英语:10:00.其他小圣堂，根据需要安排弥撒。(常规计划，每月一次弥撒)主日晚上8:00，容桂弥撒时间是主日，瞻礼的下午2:30.,,,113.261086,22.832233
甘竹天主堂(龙江东头天主堂),刘存保神父,广东省,佛山市,顺德区,,,,,,112.003240,23.071010
龙江镇东头村天佑门圣家堂,,广东省,佛山市,顺德区,江门以东50公里,,,,,113.111030,22.560280
勒流龙眼圣家堂,刘存保神父,广东省,佛山市,顺德区,,,,,,111.961922,21.850882
桂州镇圣母玫瑰堂,,广东省,佛山市,顺德区,江门以东50公里,,,,,113.111030,22.560280
东山圣方济各天主堂,彭增僅,广东省,广州市,东山区,广东省广州市东山区山河后街26号（培正一横路直入）东山总站（东山大街）3、215、21（夜）；培正路站：811、813；达道路站：40、44、183、222、225、811、813；东山总站（东华北路）1、76、1（夜）；新河浦路：811、813；东山大街485；龟岗大马路485；长城大厦站40、44、183、222、225、811；恤孤院路811、813；合群路485、811、813,,,,,113.302345,23.122877
广州市番禺区大石街临时教堂活动点,彭增仅神父,广东省,广州市,番禺区,广州市番禺区大石街岗东路28号每个星期六晚上8:00正弥撒。星期一、三。五晚上八点钟聚会祈祷、圣经分享。星期天早上8:30分祈祷聚会。请弟兄姐妹们踊跃参加。愿主祝福我们！,,广州方向来可以坐288、309、301、562.211、304到大石站(大石家私城对面)下车行一百米就是大石牌坊啦。直走大约五百米左右到三叉路口，转左走大约五百米就到。广州市番禺区大石街岗东路28号。在大石中心小学、大石小学、大石中心幼儿园附近。由番禺市桥坐公交车309、301.288.番禺公交13号、96号到大石(大石家私城)站下车，往后走几十米，过对面大石牌坊。直走大约五百米左右到三叉路口，转左走大约五百米就到。,,,113.308610,23.019280
广州海珠区中大祈祷所,,广东省,广州市,海珠区,工业大道南石溪村新业路,,没有找到,,,113.297874,23.097277
河南宝岗圣家堂,裴神父,广东省,广州市,海珠区,河南同福中路天主堂,,,,,113.634071,23.124653
沙面露德圣母堂,陳志江,广东省,广州市,荔湾区,沙面大街14号廣州地鐵一號線黃沙站D出口,,,,,113.247688,23.107250
广州市天河圣安多尼活动点,陈志江神父,广东省,广州市,天河区,广州市天河区五山路金富苑273号坐公交车在师大后门站下车，或坐地铁3号线E出口，然后沿五山路往北方向（注意不要上立交桥，走立交桥旁的路）走到头（走到头是立交桥下的一堵围墙，墙另一面是铁路），左转再走大约一百米左手边就是金富苑，五山教堂就在一楼，留意就能看到。（金富苑是一栋现代居民楼的建筑。）,每周六下午4:30举行弥撒。平日不开门。,每周六下午4:30举行弥撒。平日不开门。,,,113.344604,23.144730
渔沙坦乡路济亚堂,,广东省,广州市,天河区,广州市龙洞渔沙坦乡凤凰山坐84A到凤凰公司站，往上山小路走约5分钟即到。其实是教会墓地教堂，平时不开放。,,"天主教广州教区安息楼是天主教广州教区坟场的一部分，原座落于市区淘金坑，""文革""期间被占用。1985年，广州市政府落实宗教政策，将坟场迁址于天河区龙洞渔沙坦乡的凤凰山。新建的坟场包括安息楼(存放教徒骨灰，又称小圣山)、安息廊、陵园及圣路济亚堂。首期工程安息楼于1994年6月落成，广州及香港的教友共300多人参加了落成典礼。",,,113.384392,23.211931
广州市耶稣圣心堂(石室圣心大教堂),甘俊邱主教,广东省,广州市,越秀区,广州市一德路旧部前56/8号天主堂,,广东教区分出澳门教区成立于1858年属于巴黎外方传教会1859--1886明坚牧1886--1900邵坚牧1901--1914桥坚牧现教区4个主教4位石室教堂全部是用花岗石砌成，故称石室始于1863年，落成于1888年历时25年始建成，为哥德式建筑。至今有120多年的历史。,,全国重点文物保护单位,113.261124,23.114721
中华无原罪圣母广州女修会,,广东省,广州市,越秀区,广州市一德路石室大堂,,会长:叶秋园修女,,,113.258537,23.112970
东山天主教堂,,广东省,广州市,越秀区,,,,,,115.559853,23.185310
石室圣心大教堂,,广东省,广州市,越秀区,一德西路石室,,教堂一百多年历史，哥特式双塔建筑,,,113.260223,23.114042
林寨镇中前天主堂,廖宏清,广东省,河源市,和平县,紫金以北186公里,,,,,115.069084,24.280373
田心镇天主堂,廖玉华 蔡少光,广东省,河源市,龙川县,龙川县黎咀虎口天主堂（兴宁以西56公里）,,,,,115.353218,24.295971
虎口天主堂,廖玉华 蔡少光,广东省,河源市,龙川县,龙川县黎咀虎口天主堂兴宁以西56公里,,,,,115.248283,24.088770
赤光瑶坑天主堂,廖玉华 蔡少光,广东省,河源市,龙川县,龙川县黎咀虎口天主堂（兴宁以西56公里）,,,,,115.353218,24.295971
旺宜村天主堂,陈波,广东省,河源市,龙川县,龙川县通求镇旺宜村、上高新屋兴宁以西56公里,,,,,115.301437,24.086481
老隆天主堂龙川县二渡河天主堂,廖玉华 蔡少光,广东省,河源市,龙川县,兴宁以西56公里,,,,,115.248283,24.088770
县城圣母堂,周大念,广东省,河源市,紫金县,广东省河源市紫金县城镇安良街87号长布以西南41公里,,,,,115.183980,23.635320
柏埔镇天主堂,叶善亭,广东省,河源市,紫金县,河源以东20公里,,,,,114.702460,23.734170
黄塘镇腊石村天主堂,叶善亭,广东省,河源市,紫金县,长布以西南41公里,,,,,114.946243,23.688232
公庄天主堂,庄神父,广东省,惠州市,博罗县,公庄镇,,,,,114.383270,23.533312
惠州天主教堂,余朕尊神父,广东省,惠州市,惠城区,广东省惠州市惠城区黄家圹40号从惠州市汽车总站坐3路公共汽车到黄家塘站下车,,,,,114.394928,23.079630
黄家塘天主堂,余信望,广东省,惠州市,惠城区,惠洲市橋東黃家塘40号天主堂,,,,,114.420708,23.089291
一条龙村圣若瑟堂,范育裕,广东省,惠州市,惠东县,惠东县梁化镇梁化屯上楼村天主堂,,广东东部原属香港教区(惠阳以北38公里),,,114.685501,23.091530
淡水天主教堂,王神父,广东省,惠州市,惠阳区,惠洲淡水白云坑（变电所旁）,,,,,114.437210,22.779198
范和岗天主堂,,广东省,惠州市,惠阳县,,,,,,115.991463,22.956211
恩平黄金宅天主堂,,广东省,江门市,恩平县,开平以西南60公里,,负责人:刘其瑞教友,,,112.238518,22.291811
赤坎镇底街28号天主堂,,广东省,江门市,开平县,江门以西南56公里,,负责人:邓超伟教友,,,113.111030,22.560280
江门教区北街天主堂（圣母无玷圣心主教座堂）,梁建森主教,广东省,江门市,蓬江区,江门市北街海傍街六十七号广州以南100公里,,"华理柱(JamesEdwardWalsh)，玛利诺外方传教会士，1891年4月30日生于美国，1915年12月7日晋升神父，1927年2月1日任江门代牧，5月22日祝圣主教，1936年7月回国任马利诺外方传教会第二任总会长，1948年再度来华，出任天主教教务协进会秘书长，在1958年10月18日在上海被判处20年徒刑，直到1970年7月10日，因中美关系将要有重大变化，才被提前释放，成为最后一个被中国释放的西方传教士。1981年7月29日去世(90岁)。玛利诺神父会于1963年在香港开办了一所名为""华德学校""的小学以表扬华理柱神父在华传教的辛劳。阿道夫·柏增主教(AdolphJohnPaschang)，玛利诺外方传教会士，1895年4月16日生于美国，1921年5月21日晋升神父，1937年6月17日任江门代牧，11月30日祝圣主教，1946年4月11日升为江门主教，1968年2月3日去世(72岁)。玛利诺神父会亦于1969年在香港开办一所名为""柏德学校""的小学以纪念这一位来华传教的玛利诺会士柏增神父的辛劳。李盘石(1911年-2007年)，1981年晋牧。梁建森，2011年晋牧。2009年11月25日经选举为天主教江门教区正权主教[1]，获得圣座正式批准[2]后，于2011年3月30日在圣母圣心主教座堂举行祝圣典礼。教区神父:叶耀民黄升德杨洪才彭金融李嘉芳张喜舟陈示科黄理赐",,,113.117690,22.602190
江门市北街圣母无玷圣心堂,梁建森主教,广东省,江门市,蓬江区,江门市北街海傍街六十七号澳门以北60公里,,圣母无玷圣心主教座堂，有中国庙宇式圣堂、由美国玛利诺外方传教会创办的圣母洁心会修女院新院和主教府，男、女修院。江门教区过去江门监牧区(1924)由玛利亚会管理江门代牧区(1927)华里株1924---1937柏1937---1946江门教区1946柏增现江门教区包括中山市肇庆市佛山市江门市及二十二县，现任教区主教:梁建森(2011年3月30日晋牧)神父:梁建森叶耀民李嘉芳杨洪才彭金融张喜舟陈仕科黄礼赐,,,113.117690,22.602190
圣母洁心会女修院会院,陈院长,广东省,江门市,蓬江区,江门市蓬江区北街海傍街67号（江滨公园对面或者江门技校旁边）广州以南100公里,,"1840年美国传教士挪夏礼从广州到新会县在一个名叫新盛街的圩集设立一个福音讲道所。从此西洋宗教开始在五邑侨乡发展起来。江门教区包括:江门、新会、中山、佛山、肇庆、云浮、阳江、台山、开平、恩平等地。天主教堂约有36座，而神父一共有七位，分别是:梁建森、黄升德、黄武德、李嘉芳、杨洪才、彭金融、王叙谦。而位于北街的圣母无玷圣心主教座堂就是其中最为重要的教堂之一，由本堂神父梁建森主管，亦即2011年教宗亲自拣选晋升的江门教区主教，梁神父除了主管北街主教座堂外，还负责台山、开平、恩平、阳江等11座教堂，但一般情况下只有四大瞻礼才会分别在这11座教堂主持弥撒，而女修院的几个修女有时也会过来做传教工作。北街天主教堂共有4座建筑物，外面的庭院是男修院，现作出租用途。而女修院则深藏于最里面的绿树丛中被一道铁门将其与男修院相隔开来，女修院是由美国玛利诺外方传教会创办的圣母洁心会会院，自冯院长逝世后由陈院长接管，老修女有4位，其中最为年长的一位已有90多岁高龄，年轻修女有20多位，整个江门教区的修女们都是在这里学习后被分派到教区每间教堂服务的。另外还有最早兴建的主教府，自从搬迁到中山教堂休养的李磐石主教逝世后，江门教区一直都没有主教，直至2011年，圣座才晋升梁建森神父为江门教区主教。而主教府后面就是主教座堂，一座单层的呈""工""字型的庙宇式圣堂，富有中国特色，其占地面积只有430平方米，可容纳数百信徒，每天早上和礼拜日信徒们都聚集在这里参与弥撒敬拜天主。原本是圣母无玷圣心主教座堂，后来主教搬至中山休养，现有中国庙宇式圣堂、修女院新院和空置了的主教府，旧的男、女修院现作出租之用。江门教区历史及历届主教:1923年，由美国玛利诺外方传教会出资购地65市亩，然后在此基地上建立天主教堂，当时共有砖、瓦、木、混凝土结构的楼房4座，面积约为2639平方米，江门天主教正式成立。1924年-1927年，成为江门监牧区，由美国玛利诺外方传教会管理。1927年-1935年，升格为江门代牧区，美国玛利诺外方传教会华里柱主教为代牧区主教。1937年-1968年，升格为江门教区，美国玛利诺外方传教会柏增主教为教区主教。1981年-2007年，江门教区，李磐石主教为教区主教，圣名保禄。2011年，江门教区，梁建森神父晋升为教区主教。",,,113.116707,22.600998
圣若瑟天主堂,杨洪才神父,广东省,江门市,蓬江区,常安路旧巷15号（大红鹰酒店斜对面第一条小巷直入50米或佐丹奴对面第一条小巷直入50米）广州以南100公里,,,,,113.037720,22.518791
圣三天主堂,,广东省,江门市,台山市,台山市田头镇文明村圣三天主堂,,负责人:陈继光教友,,,112.790176,22.250895
耶稣圣心堂,,广东省,江门市,台山市,台山市海宴中镇佑村乡坦安耶稣圣心堂,,负责人:朱松发教友,,,112.575493,21.784870
台城镇天主堂,,广东省,江门市,台山市,台山市台城镇桔园路44号,,,,,112.790090,22.250920
渡头村圣母领报堂,,广东省,江门市,台山市,赤溪镇（台山以东南56公里）渡头村圣母领报堂,,负责人:廖美德,,,112.990189,21.990120
白冷天主堂,吴庆辉,广东省,揭阳市,惠来县,广东省揭阳市惠来县东港镇百冷村,,,,,115.991463,22.956211
吉成村天主堂,余信望,广东省,揭阳市,惠来县,广东省惠来县葵潭镇吉成村天主堂（普宁以南43公里）,,,,,115.981018,23.070581
高美村天主堂,林家,广东省,揭阳市,惠来县,广东省惠来县东港高美村天主堂,,,,,115.983177,22.947844
曲溪天主堂,李作欣神父,广东省,揭阳市,惠来县,,,,,,115.418793,22.792353
大山湖教友村,余志坤,广东省,揭阳市,揭东县,,,,,,115.842278,23.425699
上围村天主堂,李作欣神父,广东省,揭阳市,揭东县,汕头以西56公里,,,,,116.433100,23.250290
东风村若瑟堂,李作欣神父,广东省,揭阳市,揭东县,广东省揭阳市揭东县霖磐东风村广东省揭阳市揭东县霖磐东风村（港尾）揭陆省道S335霖磐镇区往南2公里,,,,,116.246880,23.553459
凤林乡耶稣君王堂,余志坤,广东省,揭阳市,揭东县,炮台镇涵华路天主堂,,,,,116.383072,23.530260
炮台镇圣妇亚纳天主堂,余志坤,广东省,揭阳市,揭东县,炮台镇涵华路天主堂,,,,,116.491943,23.511063
祠堂埔天主堂,韩家尚,广东省,揭阳市,揭西县,广东省揭西县河婆镇宫墩村祠堂埔238省道,,建于1983年。,,,115.848740,23.406961
连城天主堂,黄文墨,广东省,揭阳市,揭西县,广东省揭西县坪上镇连城村连城天主堂深圳乘车四小时车.广州乘车五个钟，,,,,,115.904259,23.393524
四楼村天主堂,,广东省,揭阳市,揭西县,广东省揭阳市揭西县坪上镇四楼村深圳乘车四小时车.广州乘车五个钟，,,,,,115.912117,23.400007
上山天主堂,吴学成神父,广东省,揭阳市,揭西县,揭西上砂镇上山村揭阳以西67公里,,由法国董神父始建于清末，占地面积1500平方米，堂内可容纳教友一千余人，辖区现有教友:约3500名。,,,115.686691,23.546391
揭西县老人院,院长：黄佩君  副院长；王惠君,广东省,揭阳市,揭西县,揭阳以西67公里,,教友:十五万名公所堂口:三十二间,,,116.412110,23.566060
岸洋天主堂,余少青,广东省,揭阳市,揭西县,揭阳以西67公里,,教友:十五万名公所堂口:三十二间包括大洋天主堂客潭圣家堂欣堂角天主堂祠堂角天主堂连城天主堂棉湖解放里天主堂等,,,116.369827,23.570440
赤告岭天主堂,彭超轩,广东省,揭阳市,揭西县,揭西县五云镇赤告岭国道,,玫瑰堂,,,115.780960,23.403063
汕头棉湖解放里天主堂,余少青,广东省,揭阳市,揭西县,广州以东460公里,,汕头教区(深圳以东北四小时乘车)分出广州代牧区汕头代牧区(1914)由巴黎外方传教会负责1914--1935实茂芳1935--1949何(华)敬谦汕头教区1946何(华)敬谦1949黄克仁苏秉绳陈秉1981--1997蔡体远主教现任代理主教:庄建坚主教,,,113.273240,23.157920
大溜埔村露德圣母堂,,广东省,揭阳市,揭西县,广东省揭阳市揭西县南山镇北溪管大溜埔村,,,,,115.949661,23.520552
河婆镇天主堂,庄建坚主教,广东省,揭阳市,揭西县,揭西县东风居委揭阳以西67公里,,,,,115.842278,23.425699
下埔天主堂,黄文俭,广东省,揭阳市,揭西县,广东省揭西县五云镇下埔村二队,,,,,115.780960,23.403063
上辽天主堂,,广东省,揭阳市,揭西县,广东省揭阳市揭西县南山镇上辽村,,,,,115.965950,23.500612
尖田天主堂,庄主教,广东省,揭阳市,揭西县,广东揭西县坪上镇尖田村东往揭西县城滨江公园沿河路一直往客谭村、尖田村方向大概3公路即到！,,,,,115.847229,23.426590
大洋新安天主堂,邹新月,广东省,揭阳市,揭西县,揭阳市揭西县大洋乡新安教堂交通便利，从五经富镇到大洋大概14KM,,新安天主堂有1500人左右教友，建于18年前新期天主堂有1500人左右教友，建于十年前,,,115.991455,23.623833
白石天主堂,蔡谦益,广东省,揭阳市,揭西县,广东省揭西县上砂镇上联村揭阳以西60公里,,位于上联村，又名白石村，于2006年华侨回乡斥资重修。,,,115.695694,23.494230
棉湖解放路天主堂,黄神父,广东省,揭阳市,揭西县,解放路天主堂,,教堂能容纳800多个教友,,,116.397797,23.523026
南山镇天主堂,,广东省,揭阳市,揭西县,南山镇四联村,,,,,115.959030,23.506866
桐树坪天主堂,庄建坚,广东省,揭阳市,揭西县,良田乡桐树坪村,,,,,116.266884,23.570601
灰寨镇马路居委深园村天主堂,,广东省,揭阳市,揭西县,灰寨镇马路居委深园村马路路口做摩托车到深园村即可,,,,,116.360069,23.540470
中华圣母堂,余少青,广东省,揭阳市,揭西县,金和镇竹宅村,,,,,116.221390,23.560390
大埔寮天主堂,林和隆,广东省,揭阳市,普宁市,广东省普宁市南径镇大埔寮乡,,,,,116.267479,23.356262
安仁耶稣圣心堂,陈鸿业,广东省,揭阳市,普宁市,广东省普宁市梅塘镇安仁管理区天主堂,,,,,116.122520,23.402082
耶稣君王堂,,广东省,揭阳市,普宁市,广东省揭阳市普宁市,,,,,116.165730,23.297340
圣母升天,,广东省,揭阳市,普宁市,普宁市大坝镇横山村,,,,,116.179710,23.379541
马前山天主堂,,广东省,揭阳市,普宁市,普宁市洪阳镇前山村,,,,,116.234291,23.439182
池美天主堂,李神父,广东省,揭阳市,普宁市,普宁市里湖镇池美村,,,,,116.027954,23.349180
流沙什石洋圣若瑟天主堂,林和隆,广东省,揭阳市,普宁市,流沙什石洋天主堂广东省普宁市流沙大南山镇什石洋村,,,,,116.176819,23.265781
大埔寮村若瑟堂,林和隆  神父,广东省,揭阳市,普宁市,南径镇大埔寮村,,,,,116.267479,23.356262
池美天主堂,李映岳,广东省,揭阳市,普宁县,里湖镇池美天主堂揭阳以西南41公里,,李映岳神父你好，还好有您的教导,,,116.027229,23.348791
大埔寮天主堂,林和隆,广东省,揭阳市,普宁县,里南径大埔寮天主堂（揭阳以西南41公里）,,,,,116.266884,23.570601
汕头教区揭阳圣弥额尔堂,张文贵神父,广东省,揭阳市,榕城区,广东省揭阳市榕城区天福路汕头以西40公里,,,,,116.381042,23.538990
揭阳市试验区仙阳圣母无染原罪堂,,广东省,揭阳市,榕城区,广东省揭阳市渔湖经济试验区仙阳村,,,,,116.420532,23.548113
汕头教区众心修女院,院长：黄佩君 副院长；王惠君,广东省,揭阳市,,汕头以西56公里,,五座教堂，十座经堂,,,116.433100,23.250290
田头天主堂,,广东省,茂名市,电白县,阳江以西南92公里,,,,,111.955160,21.861820
汤坑玫瑰圣母堂,梁丈清 黄键生,广东省,梅州市,丰顺县,五华以东南89公里,,,,,102.707370,25.043470
蕉岭叟乐天主堂,,广东省,梅州市,蕉岭县,广东省蕉岭县叟乐管理区梅州以北45公里,,梅州教区分出汕头代牧区嘉应监牧区(1929)属玛利诺会嘉应代牧区(1935)1926--1946福尔德嘉应教区(1946)福尔德1989--2000种全章现任主教:廖宏清(2003.9.25日晋牧)梅州市(嘉应)(汕头以西北196公里),,,116.172394,24.615242
蕉城天主堂,岳神父,广东省,梅州市,蕉岭县,县城安宁街,,,,,116.138000,24.310053
梅州市圣家堂,,广东省,梅州市,梅江区,梅州市赤岌一路23号,,梅州教区分出汕头代牧区嘉应监牧区(1929)属玛利诺会嘉应代牧区(1935)1926--1946福尔德嘉应教区(1946)福尔德1989--2000钟全章现任主教:廖宏清(2003.9.25日晋牧)梅州市(嘉应)(汕头以西北196公里),,,116.118720,24.316780
东石镇洋背天主堂,,广东省,梅州市,平远县,广东省梅州市平远县东石洋背天主堂梅州以西北66公里,,平远县东石镇洋背村建天主堂于1890年建立。,,,115.946205,24.717016
石正镇天主堂,,广东省,梅州市,平远县,梅州以西北66公里,,,,,116.130608,24.282211
源潭天主堂,白亚坡,广东省,梅州市,五华县,广东省五华县五华县长布镇源潭天主堂五华县以西南57公里,,,,,115.449928,23.784952
河东镇水寨天主堂,廖玉华,广东省,梅州市,五华县,广东省五华县河东镇水寨天主堂（梅县以南82公里）,,,,,115.760780,23.923531
棉洋镇北斗寨天主堂,廖玉华,广东省,梅州市,五华县,广东省五华县棉洋镇北斗寨天主堂（梅县以南82公里）,,,,,115.716522,23.630119
华阳天主堂,廖玉华,广东省,梅州市,五华县,广东省五华县五华县华阳天主堂（五华县以西南57公里）,,,,,115.490370,23.614850
北斗天主堂,蔡少光神父,广东省,梅州市,五华县,广东省梅州市五华县棉洋镇北斗天主堂QQ：1323019118QQ空间主页：http://fathercai.qzone.qq.com,,北斗天主堂始建于1885年，由法籍董中和神父设计兴建，后由加籍慕道宏神父续建两钟楼，为哥德式建筑风格，巍峨壮观，气势雄伟，能容纳500人左右，北斗村为教友村，周围有2000多教友。天主堂曾经风雨和人为破坏。2001年由新任本堂蔡少光神父主持全面维修工作，使教堂再现当年的风采和神韵。时代在发展，北斗天主堂与时俱进，正以福音爱的精神和优美的环境迎接海内外朋友前来朝圣参观。,,,115.714462,23.629383
华城福音堂,,广东省,梅州市,五华县,华城镇华西中学侧,,,,,115.611237,24.057087
耶稣圣心堂,周大念,广东省,梅州市,兴宁市,宁新镇则思桥（梅县以西南57公里）,,,,,115.750725,24.138378
泥坡镇金刚寨天主堂,,广东省,梅州市,兴宁市,梅县以西南57公里,,,,,115.998131,24.253950
则思桥天主堂,杨神父,广东省,梅州市,兴宁市,兴宁市宁新镇则思桥天主堂205国道,,圣心堂,,,115.751572,24.137280
东山里号天主堂,庄仲可,广东省,清远市,连州市,东山里71号天主堂（阳山以北81公里）,,,,,113.056038,23.661531
劳工主保天主教堂,庄步兴神父,广东省,清远市,青城区,清远市青城区峡山东路清远市青城区康乐路与峡山东路交汇处,,,,,113.057260,23.662960
清城中路84号天主堂,庄步兴,广东省,清远市,清城区,清远市清城中路84号天主堂,,,,,113.056038,23.661531
清远天主堂在建设中,邓文娟,广东省,清远市,清城区,新城东28号区横河路囗博王家私后面,,新教堂的工程已完成70%了，只因资金短缺，所以工程进度缓慢，请大家为之代祷。,,,113.056038,23.661531
黎埠镇淇潭村天主堂,,广东省,清远市,阳山县,清远以北151公里,,,,,113.062690,23.697950
南门街天主堂,,广东省,清远市,阳山县,阳山镇南门街6号天主堂（清远以北151公里）,,,,,113.056038,23.661531
耶稣圣心堂,庄步兴神父,广东省,清远市,英德市,英德市英城允章路59号,,"荣获过""全国和谐寺观教堂先进集体""称号。",,,113.416289,24.172588
陵园路58号天主堂,庄仲可,广东省,清远市,英德县,东山里71号天主堂（广州以北137管理）,,,,,113.056038,23.661531
汕头市潮南区湖西亚纳天主堂,,广东省,汕头市,潮南区,潮南区陈店镇湖西二片天主堂,,亚纳堂,,,116.310287,23.268177
德肋撒堂,,广东省,汕头市,潮南区,广东省汕头市潮南区仙城镇老五乡宽湖村许厝,,,,,116.303162,23.236113
沙陇镇永安天主堂,,广东省,汕头市,潮南区,,,,,,116.422325,23.407127
德肋撒堂,,广东省,汕头市,潮南区,潮南区仙城镇老五乡天主堂,,,,,116.293533,23.220715
两英镇古溪天主之母堂,李喜光,广东省,汕头市,潮南区,两英镇古溪天主堂潮南区两英镇古溪美鹤路,,,,,116.382812,23.210772
大圣若瑟堂,,广东省,汕头市,潮南区,潮南区仙城镇东浮山天主堂,,,,,116.293533,23.220715
大圣若瑟堂,,广东省,汕头市,潮南区,潮南区峡山镇沟头天主堂,,,,,116.391617,23.246208
潮南区陇田镇永安德肋撒天主堂,,广东省,汕头市,潮南区,潮南区陇田镇永安天主堂,,,,,116.491989,23.153883
圣母进教之佑堂,,广东省,汕头市,潮南区,潮南区峡山镇西港天主堂,,,,,116.391701,23.246250
玫瑰堂,,广东省,汕头市,潮南区,潮南区仙城镇长春天主堂,,,,,116.293533,23.220715
长春村玫瑰堂,,广东省,汕头市,潮南区,仙城镇长春村玫瑰堂,,,,,125.324509,43.911377
家美天主堂,,广东省,汕头市,潮南区,家美乡家一村,,广东省汕头市潮南区家美乡家一村,,,116.875992,23.610733
两英镇后洋天主堂,黄伟南,广东省,汕头市,潮南区,两英镇后洋天主堂,,露德圣母堂,,,116.383789,23.224966
崎沟村天主堂,,广东省,汕头市,潮南区,俩英镇崎沟村天主堂,,,,,116.422325,23.407127
东浮山若瑟堂,,广东省,汕头市,潮南区,仙城镇东浮山若瑟堂,,,,,116.602478,23.261606
榕堂圣母领报堂,,广东省,汕头市,潮南区,仙城镇榕堂圣母领报堂,,,,,116.289131,23.226912
胪岗镇港头天主堂,,广东省,汕头市,潮南区,,,,,,116.453613,23.195782
后洋村露德圣母堂,,广东省,汕头市,潮南区,俩英镇后洋村露德圣母堂,,,,,116.383789,23.224966
古溪村天主之母堂,,广东省,汕头市,潮南区,俩英镇,,,,,116.387817,23.326363
径口村路德圣母堂,,广东省,汕头市,潮南区,仙城镇径口村路德圣母堂,,,,,116.301849,23.211952
成田镇天主堂,,广东省,汕头市,潮南区,,,,,,116.488739,23.187891
湖西亚纳堂,,广东省,汕头市,潮南区,陈店镇湖西亚纳堂,,,,,116.572083,23.210991
许（）乡小德兰堂,,广东省,汕头市,潮南区,仙城镇许（）乡小德兰堂,,,,,116.433100,23.250290
海门镇和睦天主里耶稣圣心堂,陈永耀,广东省,汕头市,潮阳区,,,海门镇和睦天主里耶稣圣心堂井都镇双山村圣德兰堂沙陇镇望上村天主堂,,,115.365020,22.778700
山力村天主堂,,广东省,汕头市,潮阳区,广东汕头市潮阳区贵屿镇南阳山力村,,圣家堂创建于1894年，与1994年重建.,,,116.388084,23.352535
贵屿镇华美天主堂,,广东省,汕头市,潮阳区,潮阳区贵屿镇华美天主堂,,圣母堂,,,116.349800,23.314741
联堤圣心堂,郭进本,广东省,汕头市,潮阳区,广东省汕头潮阳区贵屿镇南阳乡联堤五片圣心堂,,,,,116.371574,23.337364
西二村天主堂,陈希天,广东省,汕头市,潮阳区,西舻镇西二村天主堂（汕头以南10公里）,,,,,116.422325,23.407127
潮阳市市区圣堂,林闲珠,广东省,汕头市,潮阳区,座落于东山脚下公园北面的市区圣堂汕头以南10公里,,,,,116.733711,23.386066
汕头市海门天主堂,,广东省,汕头市,潮阳区,汕头潮阳区海门镇,,,,,116.628334,23.194012
德肋撒堂,,广东省,汕头市,潮阳区,潮阳区沙陇镇双山天主堂,,,,,116.613983,23.265591
大圣若瑟堂,,广东省,汕头市,潮阳区,潮阳区西胪镇天主堂,,,,,116.508629,23.377750
天主慈悲堂,,广东省,汕头市,潮阳区,潮阳区沙陇镇望上天主堂,,,,,116.613983,23.265591
西胪镇大圣若瑟堂,,广东省,汕头市,潮阳区,潮阳区西胪镇西二天主堂,,,,,116.508629,23.377750
耶稣圣心堂,,广东省,汕头市,潮阳区,潮阳区贵屿镇南洋天主堂,,,,,116.387917,23.326273
玫瑰堂,,广东省,汕头市,潮阳区,潮阳区铜孟镇潮下天主堂,,,,,116.422325,23.407127
耶稣圣心堂,,广东省,汕头市,潮阳区,潮阳区市内东山天主堂,,,,,116.613983,23.265591
圣家堂,,广东省,汕头市,潮阳区,潮阳区铜孟镇肖渡天主堂,,,,,116.415436,23.273678
耶稣圣心,,广东省,汕头市,潮阳区,南阳联堤五片,,,,,112.539600,33.003600
寨头若瑟堂,林应杰,广东省,汕头市,潮阳区,金灶镇新寨头村,,,,,116.602478,23.261606
关埠埔上村天主堂,,广东省,汕头市,潮阳区,金玉镇关埠埔上村天主堂,,,,,116.422325,23.407127
柳岗村天主堂,,广东省,汕头市,潮阳区,金玉镇柳岗村天主堂,,,,,116.422325,23.407127
谷饶镇案前村天主堂,,广东省,汕头市,潮阳区,谷饶镇案前村天主堂,,,,,116.422325,23.407127
山历村圣家堂,,广东省,汕头市,潮阳区,贵屿镇山历村圣家堂,,,,,116.726830,23.390680
上桥许村玫瑰堂,,广东省,汕头市,潮阳区,金玉镇上桥许村玫瑰堂,,,,,116.433100,23.250290
竹桥魏村无原罪圣母堂,,广东省,汕头市,潮阳区,金玉镇竹桥魏村无原罪圣母堂,,,,,116.487373,23.258293
和美乡后村西无原罪堂,,广东省,汕头市,潮阳区,贵屿镇和美乡后村西无原罪堂,,,,,116.819031,23.473461
波头村天主堂,,广东省,汕头市,潮阳区,灶蒲镇波头村天主堂,,,,,116.422325,23.407127
新寮村天主堂,,广东省,汕头市,潮阳区,金玉镇新寮村天主堂,,,,,116.422325,23.407127
玉窑村耶稣升天堂,,广东省,汕头市,潮阳区,铜盂镇玉窑村耶稣升天堂,,,,,116.776398,23.382429
肖渡村圣家堂,,广东省,汕头市,潮阳区,铜盂镇肖渡村圣家堂,,,,,116.726830,23.390680
联堤村耶稣圣心堂,,广东省,汕头市,潮阳区,贵屿镇联堤村耶稣圣心堂,,,,,116.371574,23.337364
新歧管区潮下村玫瑰堂,,广东省,汕头市,潮阳区,铜盂镇新歧管区潮下村玫瑰堂,,,,,116.404892,23.280205
山力圣家堂,,广东省,汕头市,潮阳区,贵屿镇南阳山力村,,,,,116.386864,23.348911
汕头教区澄海禄格堂,林鸿,广东省,汕头市,澄海区,广东省汕头市澄海区外环西路西门外吴厝村,,,,,116.767670,23.467449
澳头露德圣母堂,,广东省,汕头市,金平区,汕头红星五座1-2楼广州以东460公里,,汕头教区(深圳以东北四小时乘车)分出广州代牧区汕头代牧区(1914)由巴黎外方传教会负责1914--1935实茂芳1935--1949何(华)敬谦汕头教区1946何(华)敬谦1949黄克仁苏秉绳陈秉1981--1997蔡体远主教现任代理主教:陈时,,,116.758499,23.459492
汕头德兰幼稚园,修女主任：黄映君,广东省,汕头市,金平区,汕头红星五座1-2楼广州以东460公里,,汕头教区深圳以东北四小时乘车分出广州代牧区汕头代牧区(1914)由巴黎外方传教会负责1914--1935实茂芳1935--1949何(华)敬谦汕头教区1946何(华)敬谦1949黄克仁苏秉绳陈秉1981--1997蔡体远主教现任代理主教:陈时臬神父,,,116.758499,23.459492
汕头教区圣家堂,黄柄章 0745--8442112 柯维恿：0745-8273895,广东省,汕头市,龙湖区,广东省汕头市外马路133号广州以东460公里,,汕头教区(深圳以东北四小时乘车)分出广州代牧区汕头代牧区(1914)由巴黎外方传教会负责1914--1935实茂芳1935--1949何(华)敬谦汕头教区1946何(华)敬谦1949黄克仁苏秉绳陈秉1981--1997蔡体远主教现任代理主教:黄炳章神父,,,116.679760,23.355820
汕头教区汕头圣家堂,黄炳章，柯维勇,广东省,汕头市,龙湖区,广东省汕头市紫虹庄紫虹中路,,,,,116.726013,23.389219
云澳镇下势山（赤石湾）天主堂,负责人：林伶,广东省,汕头市,南澳县,,,,,,115.659960,23.301480
捷胜镇圣母升天堂,,广东省,汕尾市,城区,广东省汕尾市城区捷胜镇,,这里还出过一位神父呢,,,115.454117,22.716810
新墟村天主堂,林奇文,广东省,汕尾市,城区,汕尾市城区新墟村天主堂海丰以南27公里,,教友村凤山新墟天主堂:位于汕尾市区东城路南侧，面朝品清湖。民国八年(1919)，经张美丰介绍，新圩村陈妈雀等百余人信仰天主教。民国十六年(1927)，新圩村创建德肋撒堂，全村教徒颇热心，适白英奇、郭世良两位神父到该村传播福音，是年捐资又建筑新教堂一座，堂内悬挂圣女小德肋撒像，称圣女小德肋撒堂。之后，由雷志远神父、陆谦祥神父先后管理该堂教务。新中国成立后，该堂停止宗教活动。1978年以后，落实宗教政策，该堂恢复宗教活动。因年久失修，教堂破旧不堪，而且狭小，因随着信众人数增加，为适应开展正常宗教活动，于1997年，在各级党政重视下，由陈伯禄、林汉冰等热心信众牵头组成筹建组，先后筹资70多万元，建成了雅观的新教堂(建筑面积420平方米)、综合楼、圣母山、围墙等，现占地面积1800平方米，总建筑面积约700平方米，1989年3月，政府宗教工作部门依法批准新墟天主堂登记为宗教活动场所。该村是天主教徒聚居村，现有天主教信众500余人，现任堂务组长林奇文。,,,115.396141,22.785521
石头龙村圣母领报堂,,广东省,汕尾市,城区,广东省汕尾市城区东冲镇石头龙村,,就在崎坑乡隔壁的村落,,,115.418793,22.792353
东冲镇圣若翰天主堂,,广东省,汕尾市,城区,广东省汕尾市城区东冲镇,,,,,115.418793,22.792353
东家清村中华诸圣堂,,广东省,汕尾市,城区,广东省汕尾市城区东冲镇东家清村,,,,,115.336197,22.862671
圣方济各沙勿略小堂,,广东省,汕尾市,城区,广东省汕尾市城区东冲镇桥头埔村,,,,,115.443130,22.783173
石奎村耶稣君王堂,,广东省,汕尾市,城区,广东省汕尾市城区东冲镇石奎村,,,,,115.424515,22.819170
坑尾村天主堂,,广东省,汕尾市,城区,汕尾市田乾镇坑尾村汕尾市政府东南方20公里,,,,,115.375504,22.787098
牛皮地圣母无原罪堂,姚神父,广东省,汕尾市,海丰县,广东汕尾海丰可塘牛皮地村,,,,,115.864731,22.913490
扬厝坑天主堂,姚克韩,广东省,汕尾市,海丰县,可塘牛皮地天主堂（海丰县）惠阳以东132公里全县有二十个堂口,,,,,115.336861,22.959791
沙港天主堂,姚克韩,广东省,汕尾市,海丰县,可塘牛皮地天主堂（海丰县）惠阳以东132公里全县有二十个堂口,,,,,115.336861,22.959791
中效天主堂,姚克韩,广东省,汕尾市,海丰县,可塘牛皮地天主堂（海丰县）惠阳以东132公里全县有二十个堂口,,,,,115.336861,22.959791
将军帽天主堂,姚克韩,广东省,汕尾市,海丰县,可塘牛皮地天主堂（海丰县）惠阳以东132公里全县有二十个堂口,,,,,115.336861,22.959791
牛皮地天主堂,姚克韩,广东省,汕尾市,海丰县,可塘牛皮地天主堂（海丰县）惠阳以东132公里全县有二十个堂口,,,,,115.336861,22.959791
后门渔夫村,,广东省,汕尾市,海丰县,海丰以西南31公里）教友团体（海丰以南27公里）,,,,,115.323441,22.966589
牛皮地天主教堂,,广东省,汕尾市,海丰县,可塘牛皮地新丰{牛皮地圣母无原罪堂},,牛皮地圣母无原罪堂,,,115.365020,22.778700
下荣尾23号天主堂,庄永看,广东省,汕尾市,陆丰市,东海镇下荣尾23号天主堂（属汕尾市）,,海丰以东30公里这地区有十六间圣堂其中收回十四间,,,115.640182,22.941462
湖东仔村天主堂,苏宗仰,广东省,汕尾市,陆丰市,南堂镇湖东仔村天主堂（属汕尾市）,,海丰以东30公里这地区有十六间圣堂其中收回十四间,,,115.434891,22.818871
甲西新饶村新教堂,,广东省,汕尾市,陆丰市,属汕尾市,,海丰以东30公里这地区有十六间圣堂其中收回十四间,,,115.365020,22.778700
东海天主堂,王隆葵神父,广东省,汕尾市,陆丰市,汕尾市陆丰市东海镇荣尾街23号陆丰市公安局附近,,耶稣圣心堂,,,115.648483,22.923122
星都区中华圣母堂,王隆葵神父,广东省,汕尾市,陆丰市,汕尾市陆丰市星都区青年场村,,中华圣母堂,,,115.502831,22.955332
石溪天主堂,黄荣发,广东省,汕尾市,陆丰市,广东陆丰市八万镇石溪村圣堂路1号,,圣母进教之佑堂,,,115.737923,23.004662
东海镇下荣尾天主堂,,广东省,汕尾市,陆丰市,广东省陆丰市东海镇下荣尾,,,,,115.640182,22.941462
陆丰天主堂,,广东省,汕尾市,陆丰市,广东省陆丰市东海镇下荣尾23号,,,,,115.640182,22.941462
潭头天主堂,郑文逢,广东省,汕尾市,陆丰市,汕尾市陆丰市南塘镇潭头村,,,,,115.844757,22.921921
东山村天主教教堂,卓木青,广东省,汕尾市,陆丰市,广东省陆丰市桥冲镇禾潭管区东山村,,天主教人口比较少，因此没有固定神父及修女!但是東山村的人非常好客!,,,115.799004,22.921391
安美村天主堂,庄泽洪,广东省,汕尾市,陆丰市,潭西镇安美村,,,,,115.434891,22.818871
天主堂,庄泽洪,广东省,汕尾市,陆丰市,潭西镇安美村,,,,,115.434891,22.818871
崎坑乡天主堂,,广东省,汕尾市,陆丰市,海丰以南27公里,,,,,115.439751,22.814651
陆丰东海下园尾天主堂,叶培 庄永看,广东省,汕尾市,陆丰县,陆丰东海下园尾天主堂（属汕尾市）,,海丰以东30公里这地区有十六间圣堂其中收回十四间,,,115.644620,22.945110
新田天主堂,,广东省,汕尾市,陆河县,陆河县新田镇,,,,,115.559853,23.185310
大溪輋天主堂,蔡谦益神父,广东省,汕尾市,陆河县,广东省陆河县东坑镇大新乡墩下村离陆河县县城河田镇15公里,,,,,115.656029,23.304371
河田天主堂,主任司铎：蔡谦益神父,广东省,汕尾市,陆河县,河田镇汕尾市陆河县河田镇岁宝街,,,,,115.656937,23.301926
陆河水唇石湖阁进教之佑堂,司铎：蔡谦益神父,广东省,汕尾市,陆河县,属汕尾市陆河县,,,,,115.659960,23.301480
鹿林村天主堂,,广东省,汕尾市,陆河县,广东省陆河县新田镇鹿林村,,,,,115.523613,23.144011
上凹天主堂,主任司铎：蔡谦益神父,广东省,汕尾市,陆河县,广东省汕尾市陆河县东坑镇竹园上凹村,,,,,115.727020,23.275471
昂塘天主堂,主任司铎：蔡谦益神父,广东省,汕尾市,陆河县,陆河县河口镇昂塘村,,,,,115.602028,23.169861
小郑天主堂,蔡谦益神父,广东省,汕尾市,陆河县,广东省汕尾市陆河县小郑村离陆河县城10公里左右,,属于汕头教区管辖，独尖塔式，建于2011年玫瑰月落成，圣堂由彭姓十九世祖玉堂公后裔和公教会全体教友集资所建。,,,115.711815,23.263763
东坑镇石塔村天主堂,黄生,广东省,汕尾市,陆河县,陆河县东坑镇石塔村属汕尾市,,四位神父五位修女,,,115.725342,23.214161
博背天主堂,,广东省,汕尾市,陆河县,广东省汕尾市陆河县博背村属汕尾市,,五位神父七位修女,,,115.617714,23.440491
螺溪镇高方天主堂,叶自凡,广东省,汕尾市,陆河县,螺溪镇良洞山下村螺溪镇西北2公里,,广东省陆河县螺溪镇高方天主堂位于良洞村委山下村。教堂于一九三六年开始筹备并动工兴建，一九三七年底建成并投入使用，教堂建设期间正直抗日战争爆发，法国神父唐化淳(译音)司铎而毅然受命，自己设计、自己施工，并带领教友一起工作，在一年的时间里，共计耗资银元1一万多元，把占地面积约5000平方米，建筑面积约800平方米的教堂拔地而起，教堂前部主楼为钢筋混凝土结构，前部一楼有会客厅、接待室和休息室，二楼有客厅和二个休息房间，三楼为钟楼，主楼高约35米。教堂后部为混合桁架结构。内有教友祈祷用房，祈祷用房正中央为主祭台，主祭台右边为神功房，左边为祭衣房，神功房和祭衣房前面为副祭台。内设有KTV和投影机，供教友们学习圣经、圣歌和祈祷用。教堂服务半径约6000米，现有教友2000多人.教学可容纳600余人。教堂位于九十多岁高龄叶培神父的出生地---陆河县螺溪镇良洞高方。,,,115.610756,23.388294
陆河坪巷天主堂,本堂：蔡谦益神父,广东省,汕尾市,陆河县,螺溪镇坪巷村县城有到螺溪，书村公共汽车可到达,,由一个德国神父建于清末，正常可容纳1000人，本地教友约为3000人。图为新圣堂,,,115.522263,23.144779
大塘美天主堂,,广东省,汕尾市,陆河县,海丰以南27公里,,,,,115.434891,22.818871
町前天主堂,,广东省,汕尾市,陆河县,海丰以南27公里,,,,,115.434891,22.818871
田乾坑天主堂,,广东省,汕尾市,陆河县,海丰以南27公里,,,,,115.434891,22.818871
麻竹径天主堂,司铎 蔡谦益,广东省,汕尾市,陆河县,上护镇麻竹径,,,,,115.434891,22.818871
汕尾市第五居委天主堂,卓炎昌,广东省,汕尾市,,汕尾是第五居委天主堂海丰以南27公里,,,,,115.498192,22.870573
廊田镇圩坪村耶酥圣心堂,刘俊平,广东省,韶关市,乐昌市,廊田镇圩坪村耶酥圣心堂（韶关以北55公里）,,,,,113.468452,25.153591
横岭村天主堂,刘俊平,广东省,韶关市,乐昌市,廊田镇白山横岭村天主堂韶关以北55公里,,,,,126.398247,41.904602
寨头村若瑟堂,,广东省,韶关市,乐昌市,市镇寨头村若瑟堂,,,,,114.121559,24.916683
圣母进教之佑大堂,刘俊平,广东省,韶关市,南雄县,澄江镇方洞村天主堂（韶关以东北101公里）,,,,,114.338600,24.832903
东堤中路70号天主堂,余联尊 刘俊平,广东省,韶关市,浈江区,东堤中路70号天主堂（广州以北220公里）,,韶州(曲江)原教区分出广州韶州代牧区(1920)属慈幼会1920--1930雷鸣道1930--1946耿其光现属广州教区管辖神甫:刘俊平,,,113.599091,24.808365
天主教深圳宝安耶穌基督君王堂,史绪民神父  王玉朋神父,广东省,深圳市,宝安区,宝安71区上川二路宝安天主堂（宝安残联隔壁）,,深圳地鐵環中線興東站D出口，往前往留仙一路方向右轉(會看到橋，橋上是廣深高速)繼續往前走，留仙一路與上川二路交匯處就是聖堂,,,113.911110,22.583952
九围村黄麻布天主堂,,广东省,深圳市,宝安区,,,,,,113.056038,23.661531
新安镇天主堂,胡庆华,广东省,深圳市,宝安区,宝安三区新安购物中心二楼211号,,宝安三区的教堂现在是在宝安71区宝安耶稣君王教堂，深圳最美教堂,,,113.906456,22.571817
安多尼,,广东省,深圳市,福田区,,,,,,116.628334,23.194012
圣安多尼堂,主任司铎冯国新神父,广东省,深圳市,福田区,福田区农林路天主堂深圳市福田区农林路65号天主堂,,326328374至泽田路口(山姆会员店),,,114.014390,22.544740
天主教深圳市圣安多尼教堂,冯国新,广东省,深圳市,福田区,农林路65号,,,,,114.014122,22.544182
公明天主教堂,鹿神父,广东省,深圳市,光明新区,公明镇松白路旁马田路口南光高速侧乘坐863路m361路，868区间2线，m356路空调，m310路空调，机场5线，310-315线空调，301路b线空调，m284路空调，629路，635路，m215-m218路，m234路，m238路，在公明行政执法队站下车,,http://gmcatholicchurch.blog.163.com/,,,113.871689,22.570772
龙岗天主教堂,刘神父,广东省,深圳市,龙岗区,广东省深圳市龙园路278号二楼,,该教堂已经不存在了，这里原本是租用的地方，现在龙岗天主教堂在同乐天桥附近。该教堂是一座还未加弄的圣堂工地，主保圣名是耶稣圣心，将于2014年5旬节瞻礼全面动工!!可喜可贺啊!!感谢上主仁慈的天父!副本堂神父是王神父地址南联地铁站维也纳酒店左侧!!,,,114.264900,22.727610
龙园路278号天主堂,宋吕军,广东省,深圳市,龙岗区,龙岗龙园路278号天主堂,,,,,114.264900,22.727610
深圳市龙华新区圣母无染原罪堂,王道宇神父,广东省,深圳市,龙华新区,深圳市龙华新区宝湖新村公交车坐到清湖市场站下车车站旁小区内370路658路663路668路726路787路794路796路855路,,教堂还为正式开堂。能容纳150人。,,,114.035965,22.671337
深圳罗湖圣家堂,逯军亮神父,广东省,深圳市,罗湖区,罗湖区太宁路东乐花园乐富楼三号门三楼公交车2、308、363、23、M207到布心花园站地铁5号线太安站D出口,,,,,114.137054,22.573299
龙岗同乐天主教堂,孙神父,广东省,深圳市,罗湖区,深圳市同乐天桥附近E6.938......在同乐天桥或者同乐社区下车。,,,,,114.308723,22.710522
深圳市圣保禄堂,,广东省,深圳市,南山区,南山区南头城兴明北街31号公交车2122226332至南山大道公安分局下车，往北300米左右，南头幼儿园西侧，即到！,平日弥撒上午7:30;主日弥撒上午9;00周六晚上20:00,平日弥撒上午7:30主日弥撒上午9;00周六晚上20:00,,,113.922783,22.544512
南头保禄堂,张神父,广东省,深圳市,南山区,广东省深圳市南山区南头城兴明北街31号21、22、332、201到南山公安分局下车再往北走100米找到南头城幼儿园；或者到南新天桥下车穿过南头古城往北即到！,,教堂原名为育婴堂，由意大利修女所建于1904年。,,,113.924866,22.540920
深圳市南头圣保禄天主堂,张继恒,广东省,深圳市,南山区,广东省深圳市南山区南头城兴明北街31号,,,,,113.922497,22.544744
坪山天主堂,孙徐生神父,广东省,深圳市,坪山新区,坪山六联社区洋母帐大虹路5号2楼18923449303,,,,,114.336838,22.686081
阳江市露德圣母堂,黄武德,广东省,阳江市,江城区,阳江市卜巷街48号露德圣母堂江门以西南175公里,,,,,111.961922,21.850882
纪家镇圣思定中心堂,黄伍神父,广东省,湛江市,雷州市,雷州市纪家镇纪家圩,,,,,109.784058,20.944403
纪家天主堂,林先生,广东省,湛江市,雷州市,广东省雷州市纪家镇市中心,,,,,109.785065,20.950333
圣三堂,邓神父,广东省,湛江市,雷州市,雷州市纪家镇先锋村委会圣三村,,天主教湛江教区圣三堂春节活动丰富多彩，照惯例每年初二晚上有文艺会演。寒假期间，教友学生自编自排许多精彩节目。有唱歌，跳舞，小品，形式多样。本堂神父还特邀两位专业舞蹈老师亲临指导，编排节目。晚会时也有许多教外人士前往欣赏，共享节日气氛一路上鞭炮齐鸣，教友跪地迎接圣体，求福谢恩，感受圣体的神圣威严，像耶稣荣进耶路撒冷一样。教友欢呼雀跃，唱经班随行高声歌唱圣歌赞美天主。游行途经8个教友村，路程近5公里，耗时3个多小时，见证了天主的光荣，为福传注入新的动力。圣三堂是教友集居地，有教友3000多人。,,,109.734070,20.994183
雷城耶稣圣心堂,,广东省,湛江市,雷州市,雷城镇镇中东街1号,,,,,110.095222,20.903261
维多尔天主教堂,,广东省,湛江市,霞山区,湛江市霞山区绿荫路85号,,湛江市天主教爱国会会址及天主教湛江教区主教座堂。1899年11月16日，清政府与法国政府签订了《广洲湾租借条约》，将粤西的吴川县西南部(现湛江市区东部)和遂溪县东南部(现湛江市区西部)划为法国租借地，公元1900~1902年，巴黎传教会到湛江传教的神父，设计并指导本地工匠在广州湾西营(现湛江市霞山区)建造了这座天主教堂。属近代法国殖民地时期建筑。教堂建成后，由法籍神父座堂管理，历经四任，直到1949年全国解放。1950年，法籍神父被限制行动自由，1951年被驱逐出境。此后，教堂一直由解放军驻扎。文革期间，教堂遭到了严重破坏，文革后，教堂成为街道企业霞山机械厂的厂房。后教会出钱让其搬迁，并收回教堂进行修葺，于1984年12月20日举行复堂典礼。1985年6月，湛江天主教爱国会和湛江天主教教务委员会将本部设于教堂内。1990年天主教湛江教地区经批准正式成立，教堂作为主教座堂，成为湛江天主教的传教中心。,,,110.414295,21.195129
大坑头村天主堂,吴庆辉,广东省,肇庆市,鼎湖区,大坑头村,,宁静，优美的小山村，生长出勤劳，淳朴，好客的乡亲们，几百人如一家人和蔼生活!管区吴庆辉神父经常来给乡亲们讲做人的道理。欢迎大家来我们村做客。,,,112.468201,23.050312
肇庆市天主教堂,李照芳,广东省,肇庆市,端州区,勒竹围,,,,,112.468201,23.050312
大湾天主堂,,广东省,肇庆市,高要市,肇庆市以南2公里,,,,,112.567060,23.158150
竹园路石场巷天主堂,马思魂,广东省,肇庆市,,云浮以西60公里,,,,,112.003240,23.071010
耶稣圣心堂,,广东省,中山市,,中山黄圃南坑路14号耶稣圣心堂（澳门以北60公里）,,历史简介:石歧是中山县一个政治，经济文化中心有七百多年的历史的城镇，石歧圣堂原名圣母无原罪堂，于1938年动工1940年落成，由香港城建商建造，落成后日本侵越华，大陆沦陷，但堂内仍有奉献弥撒。直至1965文革期间宗教活动停止，1982年7月26日得以开放。,,,113.345161,22.718382
中山市天主堂,彭金融,广东省,中山市,,广东省中山市石歧镇孙文中路148号天主堂澳门以北60公里,,历史简介:石歧是中山县一个政治，经济文化中心有七百多年的历史的城镇，石歧圣堂原名圣母无原罪堂，于1938年动工1940年落成，由香港城建商建造，落成后日本侵越华，大陆沦陷，但堂内仍有奉献弥撒。直至1965文革期间宗教活动停止，1982年7月26日得以开放。,,,113.377975,22.522175
东凤祈祷所,,广东省,中山市,,,,,,,113.254616,22.693022
珠海香洲天主堂,李定渊,广东省,珠海市,香洲区,人民西路上冲农贸市场二楼公交站：上冲从上冲公交车站边上的加油站旁边的小路进入，到头左转即到。也可从富豪花园小区进入，在富豪花园小区内停车场旁。自驾车：导航至富豪花园,,目前珠海唯一天主教祈祷所，每主日早上9点半弥撒。联系人:李定渊13411359293张录恒13680387204找不到地方的，打电话联系。,,,113.531013,22.259220
华美天主堂,,广东省,,,,,2002年12月竣工,,,,
市镇天主堂,,广东省,,,市镇天主堂,,,,,,
涠洲岛天主堂,,广西壮族自治区,北海市,海城区,广西北海涠洲岛盛塘村公所南宁以东南２３８公里北海以南1小时的船,,教友:3000名二间教堂:盛塘天主堂城仔圣母堂,,,109.131172,21.048931
解放里下村圣母无原罪堂,王伟东，杨祖崇,广西壮族自治区,北海市,海城区,解放里下村２号（南宁以东南２３８公里）圣堂坐落于人民礼堂对面的电影院旁的一条小道上。公共汽车的起点也在同一区。,,北海原教区现在:神父:2位修女:14位(7位老7位年轻)教友:1万名修女(无原罪会)老修女:周姑，黄姑，朱姑，王姑，保连姑圣母圣心会年轻修女:杨美珍，邓翠莲，陈振香,,,108.219200,22.845871
北海天主堂,,广西壮族自治区,北海市,海城区,广西北海市海城区公园路和北部湾中路交汇处，相邻海门广场,,大约建于上世纪80年代，在原天主教北海教区(1924年)主教府旁边，大概容纳500人，其他情况不是很仔细了解，……,,,109.119942,21.478182
红领村天主堂,,广西壮族自治区,北海市,合浦县,北海以北28公里,,,,,109.117500,21.475250
扶绥县天主堂,,广西壮族自治区,崇左市,扶绥县,广西扶绥县天主堂南宁以西南68公里,,教友:100名,,,106.865181,22.349731
那蒙村天主堂,,广西壮族自治区,崇左市,扶绥县,广西扶绥县天主堂南宁以南100公里,,教友:400人那塘教友:75人,,,106.865181,22.349731
龙州县天主堂,黄立现神父,广西壮族自治区,崇左市,龙州县,独山路164号天主堂南宁以西南211公里,,我是现任的本堂神父:13457190645,,,106.865181,22.349731
江龙村天主堂,,广西壮族自治区,防城港市,东兴市,东兴市江平镇江龙村天主堂（越南边境）,,教友:400名(京族),,,108.138489,21.592340
竹山村天主堂,,广西壮族自治区,防城港市,东兴市,越南边境,,教友:200人),,,108.060844,21.543781
罗浮村天主堂,,广西壮族自治区,防城港市,东兴市,越南边境,,教友:800人),,,108.000702,21.555353
横岭乡岑里村,,广西壮族自治区,贵港市,港北区,贵县以东南17公里,,教友:200名,,,109.748665,23.094412
水井垌天主堂,,广西壮族自治区,贵港市,港南区,广西贵港市水井垌天主堂南宁以东200公里,,教友:200名,,,109.610275,23.087969
三塘长兴村教堂,杜神父,广西壮族自治区,贵港市,港南区,贵港市桥圩镇永梧村,,,,,109.733238,22.978952
东井塘天主堂,,广西壮族自治区,贵港市,港南区,桥圩县东井塘天主堂贵州功以南24公里,,,,,109.610275,23.087969
长兴村天主堂,杜神父,广西壮族自治区,贵港市,港南区,桥圩镇三塘镇长兴村天主堂,,修女:2位幼稚园:60名儿童教友:1000名,,,109.610275,23.087969
桂平县天主堂,杨世清神父,广西壮族自治区,贵港市,桂平市,桂平市公园路天主堂坐3路车到终点站，教堂在市环卫局后面。,,,,,110.069038,23.398972
平南县城中华圣母堂,杨世清,广西壮族自治区,贵港市,平南县,平南县城湖路309号天主堂,,,,,110.403000,23.547480
碰田天主堂,,广西壮族自治区,贵港市,覃塘区,贵港以西北21公里,,教友:600名,,,109.573390,23.110840
贵港市县东街天主堂,蒙伟才神父,广西壮族自治区,贵港市,,县东街博爱堂南宁以东200公里,,博爱堂,,,109.610275,23.087969
碰田村天主堂,,广西壮族自治区,桂林市,平乐县,平乐县张家碰田村天主堂,,,,,110.875710,24.554642
西华路天主堂,陶守赢,广西壮族自治区,桂林市,秀峰区,桂林市秀峰区西华路9号,,,,,110.289030,25.281310
桂林市天主堂,,广西壮族自治区,桂林市,秀峰区,解放东路48号,,"很好的一个天主堂，我是一个来这里旅游的旅游者，偶尔路过时发现的，离市中心很近，就在著名的旅游景点""靖江王城""的西南面，位于桂林市的一条很著名的""解放路""上，很好找。我之前本来在贵网页上搜索寻找过桂林市的天主教堂，没找到相关信息，昨天路过时发现了，今天早上去做了弥撒，回来后赶紧补充如上。希望对今后来桂林的教友有所帮助。",,,110.297493,25.278460
土养曹天主堂,,广西壮族自治区,桂林市,永福县,永福县土养曹天主堂,,,,,110.012444,24.720331
东矿天主堂,,广西壮族自治区,来宾市,合山市,宾阳以北８０公里,,教友:140人,,,108.810300,23.217680
高村天主堂,,广西壮族自治区,来宾市,金秀县,金秀县杨木镇高村天主堂（象州以东北９７公里）,,,,,110.000427,24.239962
武宣县经堂村天主堂,刘登高神父,广西壮族自治区,来宾市,武宣县,柳州以南96公里,,教友:750人经堂村1986年有80人领洗,,,109.44626,24.33941
寺村天主堂,,广西壮族自治区,来宾市,象州县,柳州以东南94公里,,宗教活动点:中平，屯抱，运江，石龙等,,,109.448219,24.331652
龙女村天主教堂,,广西壮族自治区,来宾市,象州县,广西象洲县大乐镇龙女村柳州以东南９４公里,,宗教活动点:中平，运江，石龙等,,,109.390419,23.851292
圣母玫瑰堂,黄展才,广西壮族自治区,来宾市,象州县,刘家巷１５４号天主堂（柳州以东南９４公里）,,教友:2100名,,,109.234620,23.727420
成田村天主堂,刘登高神父,广西壮族自治区,来宾市,兴宾区,来宾县市大湾乡成田村天主堂柳州以南六十公里,,教友:500人,,,109.390419,23.851292
柳州市天主堂,郑天仓，蒙善和,广西壮族自治区,柳州市,鱼峰区,广西壮族自治区柳州市驾鹤路91号天主堂柳江河畔旁，江滨公园对面，文惠桥南。,,教友1000人左右神父两名执士一名修女两名礼仪,,,109.414238,24.305790
柳州天主堂,,广西壮族自治区,柳州市,鱼峰区,柳州市驾鹤路91号天主教,,,,,109.416090,24.305210
新宾仁爱街天主堂,,广西壮族自治区,南宁市,宾阳县,贵县以西８７公里,,1998年5月1日教堂与修院祝圣修女:天神之后会教友:60名,,,108.326241,22.808039
圣家修女会院,,广西壮族自治区,南宁市,青秀区,南宁市南国街27—12号,,老修女:4人，年轻修女:27人初学修女:3人，望会:9人会长:关倩兰修女副会长:李玉云教友:市内600名,,,108.325010,22.807950
武鸣县天主堂,,广西壮族自治区,南宁市,武鸣县,南宁以北40公里,,教友:100名,,,108.273310,22.781210
南宁市耶稣圣心堂,谭景团,广西壮族自治区,南宁市,新城区,广西南宁市康乐路二号坐3、10、11、20、26、27、32、37、60、71、73、80、212、215、219、609、802路公交车,主日弥撒:早上8点半，晚上7点半平日弥撒:早上6点半晚上7点半,教友:2800名主日弥撒:早上8点半，晚上7点半平日弥撒:早上6点半晚上7点半教区主教:谭燕全(2003.01.21晋牧),,,108.326240,22.808210
中华天神之后修女院,,广西壮族自治区,南宁市,兴宁区,广西南宁南宁以东200公里,,中华天神之后修院8位修女,,,108.334450,22.868658
广西主教府,谭燕全主教,广西壮族自治区,南宁市,兴宁区,南宁望州兴旺路口0771-2616751,,601、63、215到望州兴旺路口(二里走200米后向右走300),,,108.343086,22.849220
隆林县天主堂,,广西壮族自治区,南宁市,,南宁以西北623公里,,隆林各族自治县(原属安龙教区，教友:6000名3个堂点:隆林县城，那立，禇隘,,,108.334450,22.868658
伯劳口埠天主堂,,广西壮族自治区,钦州市,灵山县,北海以北122公里,,,,,109.117500,21.475250
五马岭村圣伯多禄圣保禄堂,,广西壮族自治区,钦州市,灵山县,檀圩镇石头湖村委五马岭村,,,,,108.630775,21.938831
钦州市天主堂,王次姑、陈相娟,广西壮族自治区,钦州市,钦南区,钦州市板桂街89号坐市内公交到永福广场（刘永福故居“三宣堂”）下车往南走50米即可到达。,,教堂为1983年建成的普通三层民房样式，挂有牌子。每周日上午九点有教友集中在三楼祈祷。无常驻本堂神父，每隔两三个月北海神父不定期巡视，召集教友举行弥撒。,,,108.622101,21.944792
钦州市天主堂,,广西壮族自治区,钦州市,钦南区,板桂衔89号永福广场旁,,,,,108.622192,21.943811
梧州市岑溪市玉梧路天主堂,,广西壮族自治区,梧州市,岑溪市,广西梧州市玉梧路天主堂玉林东北207公里,,修女:2位耶稣圣心仁爱会,,,111.314438,23.474583
梧州市龙圩天主堂,钟优,广西壮族自治区,梧州市,龙圩区,广西梧州市龙圩天主堂梧州市龙圩区大圆塘市场附近,,,,,111.244194,23.421091
梧洲市天主堂,余鹏飞神父,广西壮族自治区,梧州市,万秀区,广西壮族自治区梧州市万秀区民主路维新里25号天主堂玉林东北207公里,,梧洲教区梧州监牧区1936年1930成立自治区是属于玛利诺会所管辖的传教区1931-1939马奕酋梧州教区(1936)1939--1946唐汝琪(美国)主教1951--2007蔡秀峰于1993年12月3日晋牧至2007年8月升天。现在杨世清神父为负责人。,,,111.314438,23.474583
圣母始胎无原罪堂,李远军神父,广西壮族自治区,玉林市,玉州区,玉林市解放路6号天主堂,,,,,110.154266,22.628048
普定天主堂,,贵州省,安顺市,普定县,安顺以西北25公里,,贵阳教区主教:王充一(1988年12月4日于北京受祝圣),,,106.255300,26.405740
镇宁布依族苗族自治县天主堂,镇宁县爱国会,贵州省,安顺市,镇宁布依族苗族自治县,镇宁布依族苗族自治县南街天主堂安顺以西南140公里,弥撒:一年三次,弥撒:一年三次神父:由驻安顺总堂神父主祭,,,105.770480,26.057160
黄果树天主堂,黄果树天主堂教管组,贵州省,安顺市,镇宁布依族苗族自治县,黄果树镇黄果树街上瀑布左上方距贵阳市150公里,,目前由教管组负责。教堂风格融合布依族建筑的特点，石头建筑。教友3000多人。教友集聚地主要在:黄果镇王三寨、殷家庄、偏坡、安庄等布依族人、白水镇打翁、乌拉、大坪地及关岭之坡贡、岩包包等村寨,,,106.661072,26.582710
镇宁天主堂,教管组,贵州省,安顺市,镇宁布依族苗族自治县,贵州省镇宁布依族苗族自治县城关镇南街天主堂,,目前有罗政辉神父座堂养病并兼管黄果树、花江、江龙等两县一区、修女一位。历史上县城百分之八十以上都是天主教信仰，是贵卅最多最集中的教友县份，现除周围布依族村寨外信教群众数千人。,,,105.666451,25.989613
黄果树露德圣母堂,罗正辉神父,贵州省,安顺市,镇宁布依族苗族自治县,镇宁县黄果树天主教堂黄果树大瀑布景区内，黄果树大瀑布景点之一（瀑布对面500米处）。,,,,,105.666924,25.986240
安顺市天主堂,李通神父,贵州省,安顺市,,贵州省安顺市法院街43号贵阳以西97公里从火车南站，向南走10分钟，穿过市镇，教堂在白色佛塔的南面。,,,,,106.256767,26.383690
安顺市天主教仁爱诊所,李通神父,贵州省,安顺市,,贵州省安顺市法院街37号贵阳以西97公里从火车南站，向南走30分钟，穿过市镇，路过作边山上的白色佛塔，转左进入法院街。教堂在白色佛塔的南面。,,,,,106.260666,26.414783
大方天主堂,沈成开神父,贵州省,毕节地区,大方县,贵州省大方县马场镇白泥村贵阳以西坐大巴到大方县，换成去马场方向小巴，再坐摩托车8分钟左右到白泥村天主教堂,,这是一个教友不多且偏僻的小村!教堂由龙成忠神父建于2001年!这里有着不一样的建教历史，朴实而又虔诚的教友们一年也见不着一次神父。因为神父管的地方多，顾不上。,,,105.488861,26.945192
黔西天主堂,沈承开神父,贵州省,毕节市,黔西县,贵州省黔西县老城天主堂,,,,,106.031090,27.029350
花江天主堂,,贵州省,贵阳市,花江县,贵州省花江县,,,,,106.686409,26.331301
花江县天主堂,,贵州省,贵阳市,花江县,贵州省花江县（安龙以北129公里）,,安龙教区教区长:李利民神父:3位修女:7位教友:3万名(大部分属于布依族和苗族人)新神父1998年9月5日受祝圣:林方付,,,106.686409,26.331301
花溪区圣若瑟堂,,贵州省,贵阳市,花溪区,贵州省花溪区高坡镇苗族乡,,,,,106.524055,26.451242
青岩镇天主堂,,贵州省,贵阳市,花溪区,贵州省花溪区青岩镇,,,,,106.688416,26.333208
花溪区圣若瑟天主堂,罗佳伟神父,贵州省,贵阳市,花溪区,贵州省花溪区高坡镇苗族乡,,,,,106.524055,26.451242
贵阳市耶稣圣心堂,罗佳伟神父,贵州省,贵阳市,花溪区,贵阳花溪区青岩镇贵阳至花溪方向35公里处青岩古镇,,,,,106.688843,26.330650
贵阳新华路天主堂,罗佳伟神父,贵州省,贵阳市,南明区,贵阳市新华路兴隆街天主堂,,哥特式致命圣人(真福)堂,,,106.717780,26.568570
清镇县天主堂,,贵州省,贵阳市,清镇市,贵州省清镇县新华路260号,,,,,106.464700,26.548730
清镇天主堂,阮传鑫,贵州省,贵阳市,清镇市,清镇市新华路199号清镇市区乘坐2路星云路红枫湖镇政府斜对面,,清镇天主堂现在由贵阳南堂代管!,,,106.465569,26.549805
青岩镇天主堂,,贵州省,贵阳市,清镇县,贵阳以南30公里,,贵阳教区主教:王充一(1988年12月4日于北京受祝圣),,,106.622980,26.678650
清镇县天主堂,肖泽江,贵州省,贵阳市,清镇县,新华路199号（贵州以西30公里）（离长途汽车站10分钟走路）,,修女:2位贵阳教区主教:王充一(1988年12月4日于北京受祝圣),,,106.465607,26.549385
贵阳市圣心女修院,院长：钟正梅,贵州省,贵阳市,乌当区,贵州省贵阳市圣心女修院贵阳新添寨狮子坝,,老修女:1位年轻修女:26位贵州教区主教:王充一(1988年12月4日于北京受祝圣),,,106.700638,26.560539
狮子坝天主堂,,贵州省,贵阳市,乌当区,贵州市郊区狮子坝圣心修女院内,,2002年9月1日祝圣贵州教区主教:王充一(1988年12月4日于北京受祝圣),,,106.713470,26.589998
贵州天主教备修院,肖泽江助理主教,贵州省,贵阳市,云岩区,贵州省贵阳市陕西路166号,,院长:老院长陈禄俊神父已退养现主管修院是肖泽江助理主教,,,106.713450,26.589940
贵阳市圣若瑟主教座堂（北堂）,马德江神父  赵立勇神父,贵州省,贵阳市,云岩区,贵州省贵阳市陕西路166号0851-6781117；6788594；6756486；6786452,,在火车站乘1路到云岩广场站;乘24路至友谊路站;在客车站乘19路至云岩广场站;49路至红边门站,,,106.713450,26.589940
中华福音工作团（中福团）,赵一舟蒙席,贵州省,贵阳市,云岩区,基隆西定路166号天主堂,,为大陆教会服务的各组织之一创办人:赵松乔先生主任:陈文凤执行秘书:李义,,,121.741526,25.122105
贵阳市吾乐之缘圣母堂,,贵州省,贵阳市,云岩区,鹿冲关（往北10公里）,,贵阳教区主教:王充一(1988年12月4日于北京受祝圣),,,106.622980,26.678650
水城市天主堂,冯银贵神父,贵州省,贵阳市,,普定以西北140公里,,贵阳教区主教:王充一(1988年12月4日于北京受祝圣),,,106.622980,26.678650
六盘水市钟山区天主堂,冯银贵神父,贵州省,六盘水市,钟山区,贵州省六盘水市新桥路178号,,,,,105.480250,26.201410
黄平县天主堂,,贵州省,黔东南苗族侗族自治州,黄平县,贵州省黄平县石阡以西南126公里,,一接电话就说打错了，不是教会,,,107.916380,26.905330
黄平天主堂,刘显军神父,贵州省,黔东南苗族侗族自治州,黄平县,贵州省黄平县旧州镇,,,,,107.779747,26.988180
都匀市耶稣圣心堂,张神父,贵州省,黔南布依族苗族自治州,都匀市,都匀市五街天主堂,,号码错误,,,107.520874,26.260870
都匀市耶稣圣心堂,陈神父,贵州省,黔南布依族苗族自治州,都匀市,都匀市五街（环东北路）天主教堂,,火车站乘13路公交车到卫校下车即可;汽车站没有直达公交车，可达水厂乘13路公交车到卫校下车。,,,107.519882,26.266300
都匀市天主堂,任廷军神父,贵州省,黔南布依族苗族自治州,都匀市,贵州省都匀市环东北路167号,,,,,107.521324,26.260511
都匀市天主堂,任延军神父,贵州省,黔南布依族苗族自治州,都匀市,环东北路167号车站对面过桥一直走到一个壁上大交通图转左，走路5分钟又转右走路10分钟，到了这条路尾端，上走转左5分钟就到天主堂。,,天主堂1892年建筑，1987年修复教友:120名贵州教区主教:王充一(1988年12月4日于北京受祝圣),,,107.520874,26.260870
独山县圣若瑟堂,任延军神父,贵州省,黔南布依族苗族自治州,独山县,独山县和平路天主堂,,,,,107.547173,25.830761
福泉市天主堂,胡大国主教（非官方）,贵州省,黔南布依族苗族自治州,福泉市,福泉市团坡镇（贵定以东51公里）,,贵阳教区主教:王充一(1988年12月4日于北京受祝圣),,,107.373604,26.958950
龙昌镇团坡天主堂,任延军神父,贵州省,黔南布依族苗族自治州,福泉市,福泉市龙昌镇团坡天主堂福泉到瓮安方向的汽车，到化肥厂下车，往团坡方向走10分钟就到教堂,,耶稣圣心堂,,,107.463997,26.773602
团坡镇天主堂,,贵州省,黔南布依族苗族自治州,福泉市,贵州福泉市团坡镇天主堂,,,,,107.373604,26.958950
露德圣母堂,,贵州省,黔南布依族苗族自治州,贵定县,云务区犀头岩露德圣母堂（贵阳以东78公里）,,教友:600名贵阳教区主教:王充一(1988年12月4日于北京受祝圣),,,106.662453,26.580671
露德圣母堂,,贵州省,黔南布依族苗族自治州,贵定县,贵州省贵定县云务区犀头岩,,,,,107.234470,26.584980
惠水县德肋撒堂,,贵州省,黔南布依族苗族自治州,惠水县,贵州省惠水县,,,,,106.656700,26.132900
惠水县圣德肋撒堂,李利民神父,贵州省,黔南布依族苗族自治州,惠水县,长征路119号贵阳以南57公里,,教友:2000名摆金天主教中心:教友1000名威远天主教中心:教友400名贵阳教区主教:王充一(1988年12月4日于北京受祝圣),,,106.656700,26.132900
通州镇天主堂,敖及位,贵州省,黔南布依族苗族自治州,平唐县,惠水以东南84公里,,教友:1000名贵阳教区主教:王充一(1988年12月4日于北京受祝圣),,,106.977570,25.766945
望谟洒琴天主堂,张翊勇神父,贵州省,黔西南布衣族苗族自治州,望谟县,打尖乡洒琴村离县城48公里,,教友村一百二十多户，1000多教友，教堂新建，哥特式,,,106.086342,25.162910
洒琴天主堂,张神父,贵州省,黔西南布衣族苗族自治州,望谟县,打尖乡洒琴村县城坐打尖公交车,,,,,106.086342,25.162910
安龙天主堂,张翊勇神父,贵州省,黔西南布依族苗族自治州,安龙县,贵州省安龙县公园路7号,,,,,105.443330,25.098110
安龙县天主堂,,贵州省,黔西南布依族苗族自治州,安龙县,公园路7号天主堂贵阳以西南303公里,,教友:1300名安龙教区安龙教堂本堂::张翊勇神父，1位修女:1位教友:本县5000名(大部分属于布依族和苗族人),,,106.086342,25.162910
册亨县天主堂,,贵州省,黔西南布依族苗族自治州,册亨县,安龙以东南59公里,,教友:1000名安龙教区教区长:李利民神父:3位修女:7位教友:3万名(大部分属于布依族和苗族人)新神父1998年9月5日受祝圣:林方付,,,106.086342,25.162910
望谟天主堂,张翊勇神父,贵州省,黔西南布依族苗族自治州,望谟县,贵州省望谟县,,,,,106.099620,25.178240
望漠县新天主堂,,贵州省,黔西南布依族苗族自治州,望漠县,安龙以东117公里,,1992年12月8日祝圣教友:200名安龙教区教区长:李利民神父:3位修女:7位教友:3万名(大部分属于布依族和苗族人)新神父1998年9月5日受祝圣:林方付,,,106.086342,25.162910
兴仁县天主堂,林方付,贵州省,黔西南布依族苗族自治州,兴仁县,安龙以西北59公里,,一座两层楼的房子，屋顶上有个十字架教友:600名安龙教区教区长:李利民神父:3位修女:7位教友:3万名(大部分属于布依族和苗族人)新神父1998年9月5日受祝圣:林方付,,,105.185883,25.433681
兴义市天主堂,梅陪恒神父,贵州省,黔西南布依族苗族自治州,兴义市,贵州兴义市老城街有火车、飞机和高速公路直达,,其实现在乌舍也还有很多教友，因为在乌舍还有很多人是信教我感说乌舍有3分之2的人是天主教我必须的说我也是其中一个因为在80年代还有神父去我们那里在我们那里在我家就是教堂那时候在我们周边的很多地方的人也去我家那时候我的爷周银和就是在我们家那里的神父现在我爷爷也故到目前还有两个老人还在一个叫卢廷超一个叫韦引容在我爷爷去世的时候卢廷超韦引容都还去为我的爷爷练经我的圣叫玛利亚罗瑟我还年轻有很多都不是很清楚,,,104.894783,25.173281
兴义市天主教堂,,贵州省,黔西南布依族苗族自治州,兴义市,兴义市一中过去50米,,,,,104.893143,25.093798
兴义市天主堂,,贵州省,黔西南布依族苗族自治州,兴义市,,,,,,104.893951,25.091391
老城街天主堂,梅陪恒,贵州省,黔西南布依族苗族自治州,贞丰县,兴仁以东56公里，离长途汽车站，转左云南街，过第三个桥（星桥），在教育局旁边,,,,,106.086342,25.162910
中华街天主堂,李一飞,贵州省,铜仁市,德江县,德江县中华街22—23号天主堂（石阡以北142公里）,,修生:2位教友:8000名,,,108.121010,28.260742
明溪天主堂,,贵州省,铜仁市,德江县,德江县复兴镇明溪,,,,,107.891617,28.089136
德江县天主堂,姚世伟神父,贵州省,铜仁市,德江县,贵州省德江县中华街22-23号,,,,,108.119870,28.264080
石阡县耶稣圣心小堂,马德江,贵州省,铜仁市,石阡县,贵州省石阡县雷家屯耶稣圣心小堂贵阳以东北320公里,,教友:500名(土家族),,,108.227737,27.578432
石阡县天主堂,裴竹林神父,贵州省,铜仁市,石阡县,贵州省石阡县新华街546号,,,,,108.223300,27.513820
雷家屯耶稣圣心堂,裴竹林神父,贵州省,铜仁市,石阡县,贵州省石阡县雷家屯,,,,,108.227737,27.578432
石阡长征路天主堂,马德江,贵州省,铜仁市,石阡县,贵阳以东北320公里,,修女:雷维哲教友:5000名,,,106.622980,26.678650
思南县天主堂,姚世伟神父,贵州省,铜仁市,思南县,贵州省思南县天主堂石阡以东134公里,,全县教友:3000左右名,,,108.248955,27.936281
思南县教友团体,,贵州省,铜仁市,思南县,石阡以北67公里,,,,,108.223300,27.513820
王家沟天主堂,王文甫、王林教友,贵州省,铜仁市,思南县,贵州省思南县合朋溪镇井坝村到思南后，乘思南到合朋溪的中巴车，全程75公里,,王家沟天主堂默默地为当地教友们服务着，在一个偏僻而美丽的乡村，一个令人陶醉而神秘的地方。是肖泽江主教的故乡。教堂建于九十年代，为300多教友服务。,,,107.962700,27.767172
铜仁县天主堂,裴竹林神父,贵州省,铜仁市,,贵州省铜仁县天主堂,,,,,109.190018,27.714090
镇元县小堂,,贵州省,铜仁市,,贵州省铜仁县天主堂（石阡以南220公里）,,修女:2位,,,108.230911,27.520191
老城四方台天主堂,任神父,贵州省,遵义市,红花岗区,红花岗民主路元天宫巷4号贵阳以北155公里从火车站乘公共汽车或小型巴士，到了丁子口下车，向北走五分钟，到红花岗步行街红50米处（原红旗小学旁边）可到达教堂。,,教友:3000名,,,106.927711,27.683102
遵义市天主堂,任延军神父,贵州省,遵义市,红花岗区,贵州遵义市红花岗民主路元天宫巷4号,,,,,106.922420,27.687550
绥阳县天主堂,马帮耀神父,贵州省,遵义市,绥阳县,贵州省绥阳县,,,,,107.190700,27.947050
绥阳县天主堂,孙红伟,贵州省,遵义市,绥阳县,桐梓以东北43公里,,,,,107.204269,27.951712
桐梓县天主堂,李慕宗,贵州省,遵义市,桐梓县,遵义以北61公里,,,,,106.829220,27.536250
桐梓天主堂,龙成忠神父,贵州省,遵义市,桐梓县,贵州省桐梓县,,,,,106.825020,28.133210
毛田天主堂,,贵州省,遵义市,务川县,石阡以北275公里,,教友:100名,,,106.922142,27.687309
二郎天主教堂,,贵州省,遵义市,习水县,二郎乡,,,,,106.922142,27.687309
习水县天主堂,,贵州省,遵义市,习水县,桐梓以西142公里,,,,,106.357094,28.163094
余庆天主堂,,贵州省,遵义市,余庆县,贵州省余庆县,,,,,107.888250,27.225360
余庆县天主堂,,贵州省,遵义市,余庆县,贵州省余庆县（石阡以西126公里）,,,,,107.888250,27.225360
海口耶稣圣心天主堂,杨海龙神父,海南省,海口市,美兰区,海口市振东街127号从博爱北路水巷口路进,,,,,110.347100,20.043260
海口天主教堂,杨海龙（神父）,海南省,海口市,美兰区,海口市美苑路20号,,,,,110.372530,20.024860
安定县深水田德肋撒天主堂,王神父,海南省,,安定县,海南省安定县深水田,,请给正确的电话号码，谢谢,,,121.385674,37.541691
琼海市烟塘镇马埇坡天主堂,,海南省,,琼海市,海南省琼海市烟塘镇马埇坡,,请给正确的电话号码，谢谢,,,110.553070,19.421930
文昌市抱罗镇昌造村露德圣母天主堂,,海南省,,文昌市,海南省文昌市抱罗镇昌造村,,请给正确的电话号码，谢谢,,,110.713722,19.815962
南马天主堂,,河北省,保定市,安国市,安国市南娄底乡南马村,,福音之家爱的团体,,,115.287331,38.252861
卓头村天主堂,李忠欣,河北省,保定市,安国市,河北省安国市南娄底乡卓头村河北省安国市南娄底乡卓头村,,河北省安国市南娄底乡卓头村,,,115.308472,38.273899
德来小妹妹会,陈焕章,河北省,保定市,安国市,保定以南58公里,,会长张月春修女,,,115.458750,38.877570
小南流天主堂,王永生,河北省,保定市,安国市,保定安国小南流村,,,,,115.295998,38.347672
南马天主堂,李神父,河北省,保定市,安国市,河北安国南楼底南马,,,,,115.287331,38.252861
天主教橄榄树爱心行动福传青年团,王神父,河北省,保定市,安国市,保定市天主堂,,,,,115.567963,38.684731
安国市天主堂,闫海军神父,河北省,保定市,安国市,安兴北大街129号保定以南58公里,,,,,115.317207,38.418270
小南流圣母无染原罪天主堂,王永生神父,河北省,保定市,安国市,小南流从安国在交通局做11路车到小南流即可,,这座教堂始建于1991年经历了多少风风雨雨才走到今天，可容纳200人左右，教友大概有三百人左右虽然它是小了点但教友们的心却是真诚的，欢迎大家的到来!天主与你们同在!,,,115.567955,38.684334
河北省保定市安国市南娄底乡南马村教堂,李红雷,河北省,保定市,安国市,南娄底乡南马村步行,,南马村天主教堂位于保定安国市南娄底乡南马村，属于天主教安国教区，本堂李红雷神父。南马村有教友百余人，教堂耗资200余万，部分由保定教区赞助，2013年11月9日由保定教区安树新主教祝圣。,,,115.287331,38.252861
卓头村天主堂,李忠欣,河北省,保定市,安国市,卓头村安国到南楼底到卓头村，教堂位于S233省道道南，位于卓头村村东南边上。,,"安国教区--卓头村和天主教堂。教堂外观并不壮观，堂里面也并非华丽，但是，每一位教友的心却非常虔诚和善良，他(她)们的信仰告送他们""不要去为了金钱和地位而活着，要为自己的信仰而活，为主而活!""-""河北省保定地区安国市南娄底乡卓头村天主教教堂。""""安国教区-卓头村天主教堂""本堂神父【李神父】本堂位于卓头村东南部的村边道上。堂身长约30米，宽约5米，以北朝南的蹲立在那里，平面呈长方形，外身成青绿色，给始建于1976年不祥月份，重建于1997年约五月份。本堂大概有200名教友，人虽不多堂也不大但本堂从2000年到现在已举办过大概20余次学习，其中分儿童要理学习班、青年学习班、中年人必静学习、圣召培训、婚前辅导....等等.....学习人多时达到过300余人。",,,115.567963,38.684731
耶稣圣心教堂,李忠欣,河北省,保定市,安国市,卓头村S233省道,,到安国后做五路车就直达卓头村。给始建于1976年不祥月份，第一次重建于1997年约五月份。三次重建与2012年(不详)月份。截止到2013年3月19日基本完工。因为资金有限，所以本教堂在设计时就没有以教堂的外观多么华丽为初衷，而是以教堂怎样实惠、怎样建成人多而设计的，教堂面积(不详)要说风格....那只能说是独一无二的卓头风格了。教堂本身墙体是贴的瓷砖(白色)房顶是彩钢板、带院子，院子面积(不详)可容纳三百多人。,,,115.416351,39.106720
博野县天主堂,陈耀民,河北省,保定市,博野县,安国以东15公里,,,,,115.326640,38.418450
周于庄新天主堂,,河北省,保定市,博野县,博野以东北12公里,,,,,115.570053,39.113159
固城天主堂,杨益存,河北省,保定市,定兴县,定兴县固城天主堂（易县以东30公里）,,,,,115.701591,39.133293
石柱村天主堂,高神父,河北省,保定市,定兴县,定兴县往西10公里,,,,,115.807900,39.263150
岗北圣若望·鲍思高教堂,洪亮,河北省,保定市,定州市,定州市开元镇岗北村,,建于2001年,,,114.878342,38.486103
侯家店天主堂,赵平和,河北省,保定市,定州市,定州市侯家店天主堂（安国以西北35公里）,,,,,115.007629,38.586193
小召堂区小德兰堂,刘神父,河北省,保定市,定州市,河北省定州市李亲顾镇小召村,,,,,115.098770,38.271179
北车寄教堂,,河北省,保定市,定州市,定州市北车寄村中心街定无路定州向南5.5公里处，无极，高蓬，邢邑，南木楼还有连台的公交都到，非常方便。,,教堂设施完善，环境优雅，为我们虔诚的祈祷创造了良好的条件，欢迎大家前来侍奉上主我们的天主。,,,115.013321,38.504150
阜头庄教堂,李书民,河北省,保定市,定州市,定州市周村乡阜头庄村从定州走232省道向阜头庄方向走。公交坐定州到北紫荆线到阜头庄下,,,,,114.956268,38.464321
寨西店耶稣圣心堂,赵树堂,河北省,保定市,定州市,定州市明月店镇寨西店村107国道,,本教堂建于2011年，可以容纳一千人左右，本村大约有教友八百人,,,114.878632,38.468552
正定教区小召堂区圣婴德兰天主堂,全体教民,河北省,保定市,定州市,定州市李亲顾镇小召村定州到赵家庄车站西行500米,,我们在这里祈祷歌颂赞美!也热烈欢迎诸位主内的兄弟姐妹为我堂区祈祷，为中华慈母教会祈祷!让基督之光照耀，让基督真理指引，在从伯多禄位传下来的教宗领导下，信从至一至圣至公，同属一栈共属一牧的真理，让福音进入华夏儿女的心里!http://blog.sina.com.cn/s/blog_ed2b1c240101hl41.html小召村的圣人,,,115.109154,38.267929
小召堂区,,河北省,保定市,定州市,小召,,,,,115.458750,38.877570
徐果庄村圣弥额尔堂,,河北省,保定市,高阳县,高阳县徐果庄村西街18号坐保定至高阳或任丘往返车徐果庄西道口下，南行约200米即到。,,该村旧有规模较大的一所教堂，文革期间被拆毁并充公。现有的简易教堂为1992-1993年所建。,,,115.699875,38.725952
徐果庄天主堂,,河北省,保定市,高阳县,徐果庄村高保公路南侧距保定25公里,,道路方便.现被封闭.,,,115.702553,38.722023
蛮子营天主堂,,河北省,保定市,竞秀区,蛮子营,,,,,115.409042,38.893642
永乐天主教堂,高神父,河北省,保定市,涞水县,河北涞水县永乐天主教堂,,,,,114.896713,38.520752
南白楼天主堂,,河北省,保定市,蠡县,河北省保定蠡县留史镇南白楼村,,天主教团体,,,115.738678,38.551952
东河天主堂,,河北省,保定市,蠡县,河北省蠡县辛兴镇东河村,,天主教团体,,,115.622101,38.540253
大候村教堂,陈百都,河北省,保定市,清苑县,清苑县大候村教堂,,,,,115.634834,38.852692
南宋村教堂,马顺宝,河北省,保定市,清苑县,清苑县南宋村教堂,,,,,115.556854,38.636242
东闾圣母朝圣地,,河北省,保定市,清苑县,清苑县东吕村清苑县城做6路到东闾或从保衡路东闾道口坐车,,,是,,115.498512,38.768288
东吕圣母朝圣地天主教堂,路神父,河北省,保定市,清苑县,东吕村二街营头路西100米在清苑县北辛店南辛店坐县城到东吕的车及到,,,,,115.567963,38.684731
邵家庄教堂,,河北省,保定市,顺平县,邵家庄,,,,,115.499596,38.858803
谢庄天主堂,,河北省,保定市,新市区,谢庄天主堂保定以南30公里,,乘保定到阳城公交车谢庄村下车,,,115.570053,39.113159
安庄天主堂,,河北省,保定市,徐水区,河北省徐水县户木乡安庄村,,建于1893年的罗马式大堂，能容纳近千人，本村二千七百多人全是教友，是保定教区最大的教会广扬村。,,,115.570854,39.114262
留村乡师庄天主堂,安树新,河北省,保定市,徐水区,徐水县留村乡师庄天主堂保定以北26公里，107国道留村东师庄村,,,,,115.568092,38.945721
史段梁庄村天主教团体,刘士民,河北省,保定市,徐水区,徐水县史段乡梁庄村天主教团体位于徐水城东10公里（保定以北26公里）,,,,,115.756248,39.057072
椿木峪天主教团体,,河北省,保定市,徐水区,徐水县瀑河乡椿木峪天主教团体保定市乘12路公交车到徐水县然后倒2路公交车到椿木峪即可,,,,,115.438759,39.125462
漕河镇李梁庄,鹿岩磊,河北省,保定市,徐水区,徐水县漕河镇李梁庄（保定以北26公里）,,,,,115.548080,38.954250
谢坊营教友团体,刘士民,河北省,保定市,徐水区,徐水县谢坊营教友团体（保定以北26公里）,,,,,115.571281,39.051250
政村乡政村天主教团体,刘士民,河北省,保定市,徐水区,徐水县政村乡政村天主教团体（保定以北26公里）,,,,,115.538521,39.015430
徐水吴庄天主堂,,河北省,保定市,徐水区,徐水县吴庄村,,,,,115.753143,39.004040
胡渠村天主堂,,河北省,保定市,徐水区,保定以北26公里,,,,,115.458750,38.877570
吴庄天主教团体,,河北省,保定市,徐水区,河北省徐水县崔庄镇吴庄村,,,,,115.753143,39.004040
安家庄村天主教团体,,河北省,保定市,徐水区,徐水县安庄庄户木乡安家庄村天主教团体（保定以北26公里）,,保定以北最大的教会团体，开教历史悠久。,,,115.522682,39.115089
椿木峪天主教堂,,河北省,保定市,徐水区,徐水县瀑河乡椿木峪村驾车京石高速徐水出口出去，往瀑河方向。坐车到徐水后，在坐到瀑河的2路汽车。,,椿木峪是一个风景秀丽的小山村，他南.西.北。都靠太行山脉，东面瀑河水库，山西面还是南水北调的中线工程，小山村非常漂亮。村的东西南北全是果树，春有白花，秋有白果，东西有水，南北有山。教堂坐西朝东，能容纳500人左右。本村有300人左右，都是教友。本村圣地有二刘主教周主教在此安眠。现任本堂神父为三刘神父。,,,115.477905,39.111259
沙口村天主教团体,,河北省,保定市,徐水区,沙口村沙口村西,,,,,115.698517,38.976261
东豹泉村圣若瑟教堂,刘神父,河北省,保定市,易县,流井乡东豹泉村京石高速走楼村到洛平再到豹泉,,教堂坐西向东，九几年建。能容纳120位教友，村里有50人左右教友。,,,115.499596,38.858803
天主教保定教区涿州祈祷所,杨神父,河北省,保定市,涿州市,河北省保定市涿州市范阳路金竹小区6号楼701保定市涿州市区范阳路与火炬南街交叉口金竹花园小区，距离京石高速涿州出口600米,每周日有弥撒夏季上午8:30.冬季9:00,天主教保定教区涿州祈祷所，位于涿州市区范阳路与火炬南街交叉口金竹花园小区，距离京石高速涿州出口600米。每周日有弥撒夏季上午8:30.冬季9:00,,,116.034058,39.482651
义安镇天主教堂,吕神父,河北省,保定市,涿州市,河北省涞水县义安镇保定以北70公里,,本堂历史悠久，注册教友约有1万人。,,,115.771782,39.383492
涞水县天主教总堂,刘神父,河北省,保定市,涿州市,塔北街边城28号,,,,,115.499413,38.858692
南马村天主堂,李红雷,河北省,保定市,涿州市,南马村安国公交-南娄底-南马,,,,,115.567963,38.684731
保定市圣伯多禄圣保禄堂,本堂神父：高神父 贾文质 杨益存 刁立刚,河北省,保定市,,河北省保定市裕华路245号天主堂,,火车站坐1路或4路到保定商场下车古莲花池对面!,,,115.500750,38.858519
安新县天主教团体,陈合昆,河北省,保定市,,保定以东51公里,,,,,115.458750,38.877570
西新庄村天主堂,,河北省,保定市,,,,,,,114.527100,41.340664
东吕天主堂,路志忠神父,河北省,保定市,,东吕村方便,,建于1993完工能容纳5000教友左右，,,,115.458750,38.877570
慈母堂,袁神父,河北省,沧州市,沧县,营子镇陈辛庄,,,,,116.866380,38.314040
大张村天主堂,杨敬畏,河北省,沧州市,东光县,大张乡大张村天主堂泊头市以南22公里,,,,,116.053444,38.054565
张彦恒村天主堂,张会来 何国营,河北省,沧州市,东光县,秦村乡张彦恒村天主堂（泊头市以南22公里）,,,,,116.776123,37.850273
海兴县张会亭天主堂,徐神父,河北省,沧州市,海兴县,河北省海兴县张会亭海兴城南15公里海兴城南18公里,,圣母堂,,,117.501427,37.963100
前羊店玫瑰圣母堂,李永乐,河北省,沧州市,河间市,河北省河间市留古寺镇前羊店村,,古老信仰的传承,,,116.219688,38.568474
东高屯耶稣圣心堂,高树祥,河北省,沧州市,河间市,河北省河间市黎民居乡东高屯河间-七屯,,建于1995年可以容纳200人,,,116.550598,38.446709
河间市天主堂,,河北省,沧州市,河间市,河间市瀛州西路,,,,,116.084160,38.437870
沙勿略堂,李神父,河北省,沧州市,河间市,河北省河间市束城镇大超市村河间东北30千米,,,,,116.350807,38.546993
耶稣圣心堂,李神父,河北省,沧州市,河间市,河间市西村乡西辛庄村河间西北10千米,,,,,116.069984,38.519402
范家疙瘩村若瑟堂,李锡辉,河北省,沧州市,河间市,河北省河间市故仙镇范家疙瘩村若瑟堂献县以北31公里,,,,,116.402920,38.418950
东告天主堂,王聚友,河北省,沧州市,河间市,河间市卧佛堂镇东告村,,,,,116.371033,38.621880
张九村天主堂,张修满神父,河北省,沧州市,河间市,河北省河间市束城镇张九村北京、天津，河间，沧州、大城每天有直达本村的班车。,,,,,116.418320,38.538349
西北召天主堂,,河北省,沧州市,河间市,河间市束城镇西北召村,,,,,116.408882,38.595501
西北召天主堂,孙志明,河北省,沧州市,河间市,河北省河间市束城镇西北召村不知道怎么来就打电话给我吧！,,,,,116.408882,38.595501
北小店新天主堂,郭建军,河北省,沧州市,河间市,卧佛镇北小店新天主堂（献县以北31公里）,,,,,116.268890,38.203972
南留路村若瑟堂,郭建军,河北省,沧州市,河间市,南留路乡南留路村若瑟堂（献县以北31公里）,,,,,116.321808,38.559021
西留庄乡露德圣母堂,李永乐,河北省,沧州市,河间市,西留庄乡露德圣母堂（献县以北31公里）,,,,,116.100914,38.121181
穆家庄村圣母堂,郭建军,河北省,沧州市,河间市,河北省河间市卧佛堂乡穆家庄村圣母堂献县以北31公里,,,,,116.271957,38.612892
西北召天主堂,孙志明,河北省,沧州市,河间市,河间市束城镇西北召村打电话在说吧,,,,,116.408882,38.595501
张兴屯村圣心堂,孙守强神父,河北省,沧州市,河间市,张兴屯村.南头.圣心堂献县以北31公里,,,,,116.293785,38.510742
后于村圣母堂,孙守强,河北省,沧州市,河间市,米各庄镇后于村圣母堂（献县以北31公里）,,,,,116.122790,38.190180
龙华店天主堂,李更领,河北省,沧州市,河间市,河北省河间市龙华店乡龙华店村106国道上,,,,,116.084961,38.354290
南召村天主堂,,河北省,沧州市,河间市,,,,,,115.355812,40.364372
后于村天主堂,本堂孙红允神父,河北省,沧州市,河间市,河间市米各庄镇后于杭村后于教堂始建于1988年中式建筑宽12米长20米，能容纳700教友过信仰生活。本村有教友600人。,,在河间个体车站乘坐河间至束城的客车30分钟即到。后于道口下车。上有天堂。下有苏杭。要想生天堂上喃后于杭,,,116.331154,38.515381
李南寨村圣母堂,李景辉,河北省,沧州市,河间市,河北省河间市李南寨村,,在信德的路上我们还需努力!,,,116.384773,38.562950
后于天主堂,孙万夫会长,河北省,沧州市,河间市,河北省河间市米各庄镇后于村河间个体汽车站，乘坐去束城的公交车到后于路口下车，大约30分钟的车程。,,教堂始建于1988年，中式建筑，宽12米，长20米，能容纳800人共同祈祷。教堂宽敞明亮，内有唱经楼，祭台正中是耶稣十字架屹立在苍穹的油画，光芒万丈的油画甚是使人震撼，本村教友600多人现有神父3位大修士3位，是有名的圣召之村。,,,116.292007,38.486080
范圪垯大圣若瑟教堂,葛向兵神父,河北省,沧州市,河间市,河北省河间市范圪垯村,,教堂始建于1996年，为哥特式，占地面积1120平方米，堂尖40余米高，钢筋水泥结构，雄伟壮观，座落在村的中央，容纳两千余人，全村一千三百多人全部信奉天主教。原来的教堂，始建于光绪十一年(1885)，罗马式教堂，做工精细，古朴大方，在文化大革命时期惨遭毁灭，当时本堂司铎法籍汤爱玲神父，2000年被若望保罗二世列品为圣人。ZZY2010.12,,,116.465828,38.475262
杨户生村大圣若瑟堂,徐占军,河北省,沧州市,河间市,河北省河间市尊祖庄乡杨户生村北京、天津、沧州、河间、大城都有直通客车,,,,,116.440140,38.520161
张兴屯耶稣圣心堂,李常青神父,河北省,沧州市,河间市,河间市米各庄镇张兴屯村,,,,,116.293785,38.510742
后榆杭教堂,,河北省,沧州市,河间市,河间市米各庄镇后榆杭村,,,,,116.331154,38.515381
范疙瘩村若瑟堂,郝利群,河北省,沧州市,河间市,河北省河间市故仙镇范疙瘩村,,献县教区第一大堂口，全村都是教友,,,116.465828,38.475262
高辛庄村圣母堂,高春奎、高瑞朝,河北省,沧州市,河间市,河北省河间市束城镇高辛庄村从束城桥东行500米到高辛庄村路口南行700米。,,新建于2013年4月，占地面积200平方米左右。可容纳一百多人。,,,116.397614,38.537926
河间穆庄天主堂,周铁锁神父,河北省,沧州市,河间市,河北省河间市卧佛堂镇穆庄河间河卧路到卧佛堂往东6公里路北,,圣母无染原罪堂,,,116.269829,38.622421
河间南留路天主堂(依纳爵天主堂),李神父,河北省,沧州市,河间市,河间米各庄南留路村,,圣堂奉依纳爵为主保，每年7月31日过本堂瞻礼,,,116.321808,38.559021
南召天主堂,王国平,河北省,沧州市,河间市,河间市束城镇南召村,,始建于公元一九九三年,,,116.405769,38.580502
大皮屯耶稣圣心堂,,河北省,沧州市,河间市,河间市景和镇大皮屯村河间景和镇景丰路大皮屯村东北角,,1997年建堂,,,116.454132,38.370251
找子营耶稣圣心堂,宋路星,河北省,沧州市,河间市,米各庄镇找子营村河间---米各庄----找子营,,哥特式，建于1989年，可容200人.,,,116.866380,38.314040
卧佛堂圣母无染原罪堂,王聚峰,河北省,沧州市,河间市,卧佛堂镇北6公里,,,,,116.271957,38.612892
小章村圣母堂,,河北省,沧州市,河间市,小章村乡村公路,,,,,116.316002,38.664341
田营村耶稣圣心堂,郝立群神父,河北省,沧州市,河间市,尊祖庄乡田营村北束路中段王营村西,,,,,116.421387,38.509651
后榆村天主堂,孙万福,河北省,沧州市,河间市,后榆村,,圣母堂,,,116.855293,38.313168
羊店玫瑰圣母堂,杨彦峰,河北省,沧州市,河间市,留古寺镇前羊店村,,,,,116.212723,38.568161
小孙庄村圣母无染原罪堂,孙文正神父,河北省,沧州市,河间市,黎民居乡小孙庄村,,,,,116.833534,38.304722
小店大圣若瑟堂,崔增产,河北省,沧州市,河间市,卧佛堂镇小店,,新堂建于上世纪90年代，本村有教友300名左右，现本堂神父为何神父。本村有圣人崔连氏,,,116.866380,38.314040
耶稣圣心堂,田亚楠,河北省,沧州市,河间市,尊祖庄乡田家营村,,本教堂是1998年8月建。本年12月8日圣母无原罪瞻礼是首台弥撒，可容纳280人。,,,116.866380,38.314040
新村天主堂,杨俊琪,河北省,沧州市,黄骅市,新村乡新村天主堂（沧州以东47公里）,,,,,116.885948,38.309769
大七拨天主教堂,于新朋,河北省,沧州市,南皮县,南皮县大浪淀乡大七拨村,,,,,116.870979,38.060131
南皮县天主堂,于新朋,河北省,沧州市,南皮县,南皮县南环,,,,,116.707740,38.037800
周八里村天主堂,于新鹏,河北省,沧州市,南皮县,刘八里乡周八里村天主堂周八里村东南,,,,,116.855293,38.313168
慈母堂,,河北省,沧州市,泊头市,河北省泊头市营子镇大一村泊淮路20公里处,,,,,116.454178,38.159500
东杨庄若瑟堂,杨东旭,河北省,沧州市,泊头市,河北省泊头市营子镇东杨庄,,,,,116.364380,38.187832
中华圣母,孙神父,河北省,沧州市,泊头市,河北泊头市营子镇姜庄村交通便利,,中式建筑，1996年建成于1997年祝圣，能容纳400人,,,116.292313,38.167122
龙屯天主堂,李神父,河北省,沧州市,泊头市,泊头市市医院东,,,,,116.571121,38.069382
大鲁道慈母堂,葛刚义,河北省,沧州市,泊头市,大鲁道乡大鲁道慈母堂有泊头通淮镇的汽车，到大鲁道下车就可以的,,建于大一和大三交接的地方北面是一个水塘常年干枯。西面是大量废弃的没有人居住的民宅。葛神父我认识是千里屯那边的万寨的。家庭背景很有钱，但是信仰很虔诚,,,116.866380,38.314040
姜庄中华圣母堂,李胜群神父,河北省,沧州市,泊头市,姜庄,,,,,116.896477,38.308979
圣母领报堂,齐增全,河北省,沧州市,泊头市,西辛店乡黄铁房村圣母领报堂,,,,,116.866380,38.314040
西郝村圣心堂,孙万刚,河北省,沧州市,泊头市,郝村镇西郝村圣心堂,,,,,116.308464,38.117001
肖留信圣母堂,孙万刚,河北省,沧州市,泊头市,郝村镇肖留信圣母堂,,,,,116.866380,38.314040
慈母堂,,河北省,沧州市,泊头市,营子镇西辛庄慈母堂,,,,,116.866380,38.314040
姜庄中华圣母堂,老姜,河北省,沧州市,泊头市,营子镇姜庄,,教堂新建于1997年5月20号能容纳500口教友,,,116.896477,38.308979
全昆村教堂,赵庭彬,河北省,沧州市,清苑县,清苑县全昆村教堂,,,,,115.527313,38.669601
唐庄教堂,萧风尊,河北省,沧州市,清苑县,清苑县唐庄教堂,,,,,115.332802,38.672520
南蛮营村教堂,魏景坤,河北省,沧州市,清苑县,清苑县南蛮营村教堂,,,,,115.562477,38.604443
纳贤天主堂,秦老臭,河北省,沧州市,清苑县,保定市清苑县纳贤村,,方便,,,115.573685,38.769981
尹村残婴院,肖绪俭,河北省,沧州市,任丘市,任邱市议论堡乡尹村残婴院（献县以北64公里）,,负责人郝圣花,,,116.163536,38.683178
若瑟堂,郝红生,河北省,沧州市,任丘市,河北任丘市麻坞镇尹村天主堂在任丘市去往卧佛堂的路上。,,该堂建于1990年，长约27米，宽约11米。能容纳大概350人。本村教友约有300多人。,,,116.144768,38.699932
西八方村天主堂,,河北省,沧州市,任丘市,于村乡西八方村天主堂（献县以北64公里）,,,,,116.208557,38.854008
小征村圣心堂,,河北省,沧州市,任丘市,新华路南小征村圣心堂（献县以北64公里）,,,,,116.129784,38.187271
麻家坞镇圣心堂,金英禄,河北省,沧州市,任丘市,麻家坞镇圣心堂（献县以北64公里）,,,,,116.217468,38.628849
六庄村圣心堂,,河北省,沧州市,任丘市,七间房乡大树六庄村圣心堂（献县以北64公里）,,,,,116.135101,38.178909
三杰村天主堂,,河北省,沧州市,任丘市,议论堡镇三杰村天主堂（献县以北64公里）,,,,,116.156097,38.714592
史庄露德圣母堂,,河北省,沧州市,任丘市,西于村乡史庄露德圣母堂（献县以北64公里）,,,,,116.100914,38.121181
东八方村天主堂,,河北省,沧州市,任丘市,于村乡东八方村天主堂（献县以北64公里）,,,,,116.208420,38.854401
段家务村圣若瑟天主教教堂,吴群星,河北省,沧州市,任丘市,河北省任丘市段家务村,,,,,116.030113,38.679993
西大坞村圣心堂,,河北省,沧州市,任丘市,七间房乡西大坞村圣心堂（献县以北64公里）,,,,,116.053589,38.835064
大树刘庄村圣心堂,,河北省,沧州市,任丘市,七间房乡大树刘庄村圣心堂（献县以北64公里）,,,,,116.013535,38.789982
段家坞村若瑟堂,段清舟、齐增全神父,河北省,沧州市,任丘市,出岸镇段家坞村若瑟堂（献县以北64公里）任丘市城西津保路口向西5公里,,,,,116.030113,38.679993
林庄天主堂,,河北省,沧州市,任丘市,林庄天主堂（献县以北64公里）,,,,,116.268890,38.203972
营村天主堂,肖绪俭,河北省,沧州市,任丘市,出岸乡石家营村天主堂（献县以北64公里）,,,,,116.037125,38.701603
任丘市八里屯天主教堂,杨兴华,河北省,沧州市,任丘市,河北省任丘市开发区八里屯村,,,,,116.112274,38.750851
圣母无染原罪堂,,河北省,沧州市,任丘市,河北省任丘市麻家务镇南卢庄,,,,,116.220474,38.688423
石家营耶稣圣心天主堂,李锡辉神父,河北省,沧州市,任丘市,河北省任丘市石家营村,,,,,116.037125,38.701603
石家营天主堂,,河北省,沧州市,任丘市,河北省任丘市出岸镇石家营村从任丘市西环路坐到保定的车，在石家营路口下车，进村可见教堂。,,教堂能容纳400-500人,,,116.037125,38.701603
史庄露德圣母堂,杨文朝，郭洪林，郑满囤,河北省,沧州市,任丘市,任丘于村乡史庄任丘市北，陵七路东7公里,,,,,116.212128,38.789291
北罗天主堂,会长王进修-王瑞石-秦爱平,河北省,沧州市,任丘市,河北省任丘市吕公堡镇北罗村任丘市文化道乘25路车北罗村下车即到,,圣人的故乡,,,116.297150,38.673672
高召村天主堂,孙万刚,河北省,沧州市,任丘市,苟各庄镇高召村,,,,,116.855293,38.313168
苟各庄村天主堂,,河北省,沧州市,任丘市,苟各庄乡苟各庄三街,,,,,116.855293,38.313168
二街天主堂,周神父,河北省,沧州市,任邱市,河北任丘二街天主堂,,,,,116.855293,38.313168
西尚村天主堂,李更领,河北省,沧州市,肃宁县,尚村乡西尚村天主堂（河间以西22公里）,,,,,116.855293,38.313168
王庄村天主堂,李更领,河北省,沧州市,肃宁县,肃宁镇王庄村天主堂（河间以西22公里）,,,,,116.820618,38.263203
葛家庄耶稣圣心天主堂,李更领,河北省,沧州市,肃宁县,付家佐乡葛家庄天主堂河间以西22公里,,肃宁县第一大教堂.,,,115.762428,38.427540
小郭庄若瑟堂,刘振杰,河北省,沧州市,文安县,郭庄镇小郭庄村,,,,,117.338791,38.214573
圣母无染原罪堂,杨万福,河北省,沧州市,吴桥县,河北省吴桥县杨家寺乡大齐村桑园镇东南15公里,,教堂建于1995年,,,116.444260,37.536396
徐王杨天主堂,杨风同,河北省,沧州市,吴桥县,河北省吴桥县于集镇徐王杨村,,,,,116.534332,37.694160
桑园镇天主堂(圣沙勿略堂),李光启,河北省,沧州市,吴桥县,河北省吴桥县华联超市南1000米,,泊头市以南56公里,,,116.391174,37.626064
大张庄耶稣圣心天主堂,李锡辉神父,河北省,沧州市,献县,河北省沧州献县大张庄,,华北第一堂,,,116.502228,37.853413
周庄伯多禄大教堂,孙俊生（会长）,河北省,沧州市,献县,河北省献县乐寿镇周庄村县城北106国道西侧,,,,,116.108192,38.201260
双坦西堂,于铎臧寿,河北省,沧州市,献县,河北省献县西双坦瑞民家园朔黄高速河城街出口顺307道东行双坦路口即到,,,,,116.258934,38.209953
献县北马庄天主堂,陈胜华,河北省,沧州市,献县,河北省献县乐寿镇北马庄村,,,,,116.141602,38.245750
南郭庄路德圣母堂,徐秋成,河北省,沧州市,献县,献县陈庄镇南郭庄,,一公里内没有公交车,,,116.304581,38.213150
路德聖母堂,徐新光(已逝),河北省,沧州市,献县,河北省獻縣大陳庄鎮南郭莊村,,教堂為哥德式，重建于1987年，可容納500余人，本地教友400余人,,,116.100594,38.121471
北八里庄圣依纳爵堂,仲金生,河北省,沧州市,献县,河北省沧州市献县乐寿镇北八里庄106国道,,求主垂怜!,,,116.127899,38.234646
基督君王堂,仲神父,河北省,沧州市,献县,河北省沧州市献县陈庄镇大西村,,,,,116.052216,38.116570
南皇亲庄若瑟堂,吕书平,河北省,沧州市,献县,献县南皇亲庄,,,,,116.039803,38.312790
赵林庵天主堂,郭宠林神父,河北省,沧州市,献县,河北省献县河街镇赵林庵若瑟堂307国道陵上寺路口南行4公里,,现有教堂一座，教会幼儿园一所，由修女任教。教友占村民比例的90%以上。现在这座圣堂是开放以来第二次修建的中西结合的样式圣堂，能容纳约800教友。,,,116.250328,38.143761
天主之母堂,,河北省,沧州市,献县,学礼村,,,,,116.866380,38.314040
龙屯天主堂,金凤志,河北省,沧州市,献县,张庄子乡龙屯天主堂,,,,,116.144768,38.699932
留标村天主堂,李更领,河北省,沧州市,献县,米各庄镇留标村天主堂,,教友人数:600人,,,116.855293,38.313168
淮镇前厂若瑟堂,,河北省,沧州市,献县,淮镇前厂,,,,,116.331314,38.204601
张会亭天主堂,徐神父18232884837,河北省,沧州市,盐山县,天主堂海兴县城南18公里,,海兴至张会亭公交车,,,117.496964,38.142464
和里高天主堂,葛向兵,河北省,沧州市,盐山县,吉科乡和里高天主堂沧州以东南43公里,,,,,117.044312,37.941372
沧州市运河区耶稣圣心天主教堂,孙建华神父,河北省,沧州市,运河区,新华路胜利街乘坐1.8.307.18.402.420可到或者百度“沧州市天主教堂”，可以找到,,,,,116.144768,38.699932
卧佛堂天主堂,穆巧梅,河北省,沧州市,,,,,,,114.793991,36.558823
前八方天主堂,,河北省,沧州市,,前八方,,,,,116.866380,38.314040
卞庄圣家堂,于新鹏,河北省,沧州市,,104国道东三公里处,,,,,116.627350,37.963421
河间市马各庄教堂,郝立群神父,河北省,沧州市,,北束路中段马各庄路口左转北束路,,,,,116.099000,38.445480
凤山镇天主堂,郭凤元,河北省,承德市,丰宁满族自治县,丰宁满族自治县凤山镇天主堂滦平以西103公里,,,,,117.208794,41.220341
宽城县天主堂,李延双,河北省,承德市,宽城县,承德市宽城县天主堂（北京以东北246公里）,,,,,117.682152,42.019154
老虎沟天主堂,李延双,河北省,承德市,滦平县,滦平县张百湾镇老虎沟天主堂承德以西66公里,,"老虎沟教堂是热河地区(1924年以前东蒙古教区)最古老的教堂之一，早在康熙年间此地已有曾姓教友的记载，稍后的时期，每个两三年有一位北京的神父来此探望教友。后来又遣使会士从北京和张家口西湾子相继到老虎沟一带传播福音。当时的老虎沟只有两个姓氏的教友家庭。另外，附近的松树沟、岑沟、四道营子及平顶山亦有教友居住。孟振生主教是蒙古的第一位代牧，他希望将这些小型基督徒组织起来，于1844年在丛林掩映老虎沟买土地。房舍将其改建成小教堂。1860年起老虎沟即成为神父从西湾子大教区的东西和北面的中间站。1861年著名的动物学家谭微道神父亦来过此地。圣母圣心会南怀仁神父监任蒙古监牧。后于1868年初又前往教区以东，并在老虎沟时感染了伤寒病。教友们紧急通知附近苦树团的范神父，范神父骑快马赶到及时救治了病危的南怀义神父，不幸的是病情加重，医治无效。于1868年2月23日病逝于此。从此，老虎沟就有了本堂神父，第一任本堂为何神父。德玉亮神父于1874年为本堂，并于当年盖起了""人字型""教堂，后经几次扩建，拥有七十余间房舍，二十几亩的土地规模，同时设有慈善机构婴孩院等，1958年教会最后一位修女崔品清带领几个婴孩迁出此院。本教堂先后被草织社荣军疗养院骨科医院，林场，乡敬老院，大队等多家单位占用，直至90年落实政策时，仅五间大厅可用，1994年在多方努力下，全体教友齐心协力，在原址废墟上建起了人字堂，2002年后在学校旧址上又建起了10间新房，院内水泥，石板铺地。周围花草芬芳，翠柏矗立成行，信步走进大门。放眼观看真是:""百年教堂重放光彩，现代教友神采飞扬。""",,,117.594078,40.970303
三营天主堂,周三合,河北省,承德市,滦平县,长山峪镇三营天主堂,,,,,117.964455,40.957073
沙坨子天主堂,郭凤元,河北省,承德市,平泉县,平泉县卧龙镇沙坨子村平泉县县城北以10公里,,沙坨子天主堂座落于平泉县卧龙镇沙坨子村，原名沙坨子公所，始建于清光绪十八年(1893年)，后来在文革期间被毁，1987年县财政拨款及教会集资重建了教堂4间，及两间配房。2004年，拆除老堂进行了重建，于2005年九月竣工，并改名为沙坨子天主堂。重修后的教堂为7间哥特式建筑，建配房5间，于2006年6月18日举行祝圣仪式。,,,118.741844,41.081070
平泉县天主堂,郭凤元,河北省,承德市,平泉县,承德市平泉县天主堂承德市以东101公里,,平泉镇天主堂座落在平泉镇上台子村，始建于清光绪十七年(1892年)，占地24亩，建有教堂、圣母山、神父办公室、诊疗所、学校、育婴堂、修女宿舍等。大堂将堂区分为东西两院。大堂七间，南北向，为起脊砖瓦结构，门窗及内部建筑为欧式风格。东院北面为九间神父生活区，西院为南北两面个小院，北院十间为修女院，南院有有房二十三间，均为民房建筑风格。1982年12月天主堂归还教会使用，东西两院占地面积为5300平方米，1987年县财政拨专款5.3万元用于教堂修复，1989年竣工并举行了祝圣典礼。,,,118.689240,41.008961
偏桥子天主堂,李守山,河北省,承德市,双滦区,河北省承德市偏桥子天主堂北京以东北246公里，京承高速路边,,,,,117.826439,40.897331
佟家营教堂,林凤坤,河北省,承德市,围场满族蒙古族自治县,山湾子乡红葫芦村,,,,,117.963951,40.957123
复兴村天主堂,肖绪见,河北省,承德市,围场蒙满自治县,围场蒙满自治县御道口乡复兴村天主堂（承德以北140公里）,,,,,117.076134,42.163982
三岔口村天主堂,李景星,河北省,承德市,围场蒙满自治县,围场蒙满自治县三义永乡三岔口村天主堂（承德以北140公里）,,,,,117.821022,42.492271
小锥子山天主堂,肖绪见,河北省,承德市,围场蒙满自治县,围场蒙满自治县小锥子山天主堂（承德以北140公里）,,,,,117.682152,42.019154
红葫芦天主堂,李景星,河北省,承德市,围场蒙满自治县,围场蒙满自治县山湾子乡红葫芦天主堂（承德以北140公里）,,,,,117.814819,42.391113
中营子天主堂,肖绪见,河北省,承德市,围场蒙满自治县,围场蒙满自治县姜家店当中营子天主堂（承德以北140公里）,,,,,117.682152,42.019154
马架子天主堂,肖绪见,河北省,承德市,围场蒙满自治县,围场蒙满自治县马架子天主堂（承德以北140公里）,,,,,117.682152,42.019154
马连道天主堂,李景星,河北省,承德市,围场蒙满自治县,围场蒙满自治县三义永乡马连道天主堂（承德以北240公里）,,,,,117.939743,42.417793
三湾子天主堂,肖绪见,河北省,承德市,围场蒙满自治县,围场蒙满自治县三湾子天主堂（承德以北140公里）,,,,,117.682152,42.019154
三拔子天主堂,,河北省,承德市,兴隆县,承德市兴隆及三拔子天主堂（北京以东北246公里）,,,,,117.682152,42.019154
西院圣母孝女会,李延双,河北省,承德市,,承德市以东101公里,,,,,117.800240,40.959130
承德市天主堂,李守山,河北省,承德市,,世纪城北京以东北246公里,,"承德天主教的传入，最早于清康熙时代，在滦平老虎沟就有曾姓教友的记载.当时由京师(北京)耶稣会管理，雍正年间逐渐增多.每隔两三年有一位北京的神父来此探望教友.清雍正三年(1724年)，清政府下令禁止天主教，教会转为秘密活动.教会组织由北京迁往张家口北__崇礼县(察哈尔)西湾子镇，清乾隆四十九年(1785年)罗马教皇决定由法国遣使会接管西湾子教务.道光十年(1803年)天主教由张家口崇礼县西湾子传入乌丹(内蒙翁牛特旗)毛山东乡的苦柳吐村，再由苦柳吐传到围场县边沿地带.道光十八年(1838年)罗马教廷将满洲里、辽东、蒙古三地区划为一个教区(包括热河地区).这时滦平县、承德县、围场县、平泉县均有教徒，在热河地区的司铎传教者共有10余人，归法国遣使会管理，总堂仍设在西湾子.道光二十年(1840年)罗马教廷将蒙古划为一个单独教区，分为三大堂区:东为苦柳吐教堂(在热河);中为西湾子教堂.1844年，在滦平老虎沟购买土地、房舍将其整理改建成小教堂，并于咸丰六年(公元1856年)修建正式教堂(承德历史上第一座教堂).此时老虎沟教堂已成为传教士们从西湾子总堂到教区东部的中间站.1861年著名的植物学家谭微道神父曾来过此地.咸丰十一年(1861年)罗马教廷将蒙古教区划归比利时""圣母圣心会""管理.同治四年(1865年12月6日)，比利时圣母圣心会创始人南怀仁神父(TheophielVerbist1823—1868)率四位传教士来到西湾子总堂，任蒙古教区监牧接管教区教务.此后，传教活动进一步向广大农村扩展.到光绪九年(1883年)罗马教廷喻令蒙古教区分为三个教区:其中东部为东蒙古教区，主教府设在朝阳县松树嘴子(今属辽宁省)该教区包括当时的全热河省及奉天省的一部分地区，东到辽宁省的锦州市，康平县;北到内蒙的通辽，沙尔敖包特;西至丰宁县，南以长城为界的广大地区.主教为""圣母圣心会""会士吕继贤(比利时人1883--1896).当时教区有教友7500人，传教士住堂8处，外籍司铎4位，国籍司铎4位.1897年6月5日，叶步司(荷兰人1942年逝世)晋升为东蒙古教区主教(由满州纪主教祝圣)。在1900年义和团运动中，多数教堂被毁，无数教友致命。到光绪三十一年(公元1908年)天主教传入丰宁，民国初年传入宽城镇。1922年11月26日，南阜民(比利时人)升任教区助理主教(由叶步司祝圣)。1910年圣心国籍昆弟会成立，为教区男修会。宗旨为从事教育、服务教会。1923年，玛利亚若瑟女修会荷兰籍修女到热河，1934年成立教区修女会(圣母孝女会)。她们的主要工作为致力于教育及慈善事业。1924年罗马教廷决定将东蒙古教区改为热河教区，到民国18年(公元1929年)天主教传入兴隆、隆化，并在两地建教堂。1929年热河教区将本区域内属奉天省部分割让给新成立的四平教区管辖。民国21年(1932年)罗马教廷谕令将热河教区北方六县(包括围场县)划出，成立赤峰教区委托国籍神职管理。1938年2月9日罗马教廷谕令将奉天教区五县划入热河教区。当时教区共辖十四县，有教友32000余名。1948年，教区中心由朝阳县松树嘴子迁至北京东廊下12号。(热河教区驻京办事处)。当年南阜民主教辞职回国，教区主教由德化隆(欧斯德)继任。1953年12月，德化隆主教回国，教区主教一职由师化愚神父代理，1958年秋，师化愚神父在滦平县周营子劳改队病逝。据1949年统计，该教区有57名神父(外国籍24名，中国籍33名)，修女30名，小学6所，孤儿院4所。1955年热河省被撤销，热河教区的一部分堂区被划入外省.据1950年统计:承德天主教会在八县三区共有教堂14座，公所10处，司铎18位，教友12611人.文革期间宗教活动被迫停止。1980年后随着信仰自由政策的出台，宗教活动逐渐展开。当时承德只有夏树卿、曾宪章、李景星三位老神父。在他们以及后来年轻神父的辛勤工作和不懈努力下，使承德天主教会有了进一步的发展。该教区现辖承德八县三区，共有登记的活动场所十五处，教徒二万人，神父七位，修女十六人",,,116.280884,39.956600
南朋天主堂,杨艳彬,河北省,藁城,藁城市,河北石家庄藁城市南朋,,,,,114.846760,38.021660
成安县东大姑庙圣母堂,王神父,河北省,邯郸市,成安县,河北省邯郸市成安县道东堡乡东大姑庙村河北省邯郸市成安县道东堡乡东大姑庙村,,建于1995年，能容纳200余人，2013年重新装修，很漂亮!本村有140口教友!,,,114.715805,36.489391
耶稣圣心堂,李军平,河北省,邯郸市,成安县,河北邯郸成安大寨耶稣心堂邯大往北1000米到大寨堂,,,,,114.788986,36.429142
野庄天主教堂,赵英奎,河北省,邯郸市,成安县,成安县漳河店镇东野庄村还算方便，到成安县老站坐9路车到终点野庄十字路口，然后向南100米左右即到.,,,,,114.844894,36.419910
中艾束村耶稣圣心堂,邢广全,河北省,邯郸市,成安县,河北省邯郸成安县漳河店镇中艾束村邯郸到大名省道，胜营下路，北行九里路即到,,,,,114.877541,36.427082
邯郸市成安县东大姑庙天主堂,张神父,河北省,邯郸市,成安县,河北省邯郸市成安县道东堡乡东大姑庙村河北省邯郸市成安县老站往北走到道东堡乡主席纪念堂再向北走3千米即到东大故庙村，教堂在村子的西北角。,,,,,114.713371,36.463013
中艾束天主堂,邢广全,河北省,邯郸市,成安县,河北省邯郸市成安县漳河店镇中艾束村邯大线正北,,不久的将来我们再也看不见这座陪我长大的圣堂，让我们记住它吧，一座雄伟而壮观的新教堂即将建成，我们为此共同祈祷吧，常子豪,,,114.877541,36.427082
中艾束教堂,,河北省,邯郸市,成安县,中艾束,,,,,114.171432,36.433754
成安天主教总堂,彭鉴道,河北省,邯郸市,成安县,成安南环天主教总堂乘坐邯郸至魏县的车到成安下车，从成安新站坐一元面的成安中医院下车，向南过南环就看到教堂.,,,,,114.686890,36.432343
苗庄村圣心堂,赵世光,河北省,邯郸市,磁县,邯郸磁县林坦镇苗庄村邯郸火车站乘604路车到苗庄下车即到,,,,,114.015472,36.456852
磁县天主教堂,,河北省,邯郸市,磁县,河北邯郸磁县天主教堂,,,,,114.384857,36.363247
苗庄天主堂,靳福新,河北省,邯郸市,磁县,磁县林坦镇苗庄乘从邯郸至市区五路车，到苗庄路口下车即是,,,,,114.015472,36.456852
中柳林耶稣圣心天主堂,王神父,河北省,邯郸市,丛台区,河北省邯郸市丛台区中柳林村邯郸市内可乘坐11、17、21、27、34、36、42、63、64、65、203、204路公交车到中柳林村下车，教堂位于村中央。下车也可问村民，村民都知道。本村教友400人左右。,,,,,114.520264,36.604229
邯郸市南门里天主教堂,刘秀华,河北省,邯郸市,丛台区,河北省邯郸市城内中街19号火车站乘55路、11路、到康德下，然后向北行200米，回车巷广场即到,,南门里天主教堂为邯郸市中心的堂口，教堂比较简易，新建于2007年，能容纳1000人左右，邯郸教区教友约150000左右。,,,114.485820,36.606930
大名县宠爱之母教堂,张伏恩神父,河北省,邯郸市,大名县,河北大名县城东街自大名车站向东到万大路口向南即看到，距车站2公里,,华北第一教堂，建于1918年，伟壮观雄想要具体了解宠爱之母大教堂，可以关注官方百度贴吧:宠爱之母大教堂,,,115.147880,36.285580
大名县宠爱之母天主教堂,张伏恩神父,河北省,邯郸市,大名县,大名县城东街从邯郸客运西站和客运东站均有直达大名县城的汽车,,"教堂建于1921年的烽火年月，当时由法国传教士组织筹建。雄伟壮观的哥特式教堂可容纳千人之上，文革期间被严重破坏，后于1995年重修。现已经成为大名的重点保护文物，省二级保护文物。被前来的国外神父称为""中国的巴黎圣母院""。",,,115.147880,36.285580
翟町教堂,张伏恩神父,河北省,邯郸市,大名县,大名县张集乡翟滩村,,,,,115.327644,36.278381
前黄庄耶稣圣心堂,张神父,河北省,邯郸市,大名县,河北省大名县杨桥镇前黄庄村,,,,,115.084160,36.436062
翟町天主教堂,李保和,河北省,邯郸市,大名县,大名县张铁集乡翟町村大名县7路公交车到花生市场下向南2公里即到,,由全体交友帮助、资助，张伏恩神父和几位会长的带领与12年2月建成新堂!!,,,115.380913,36.278336
斯德望天主教堂,张伏恩神父,河北省,邯郸市,大名县,沙疙塔乡儒家寨南街村从邯郸东客运站乘坐开往杨桥或黄金堤的客车，到儒家寨下车或在北贾庄儒家寨路口下车向南步行两千米即到,,儒家寨斯德望天主教堂始建于1995年，1996年竣工并祝圣。教堂坐南朝北哥特式建筑风格，长30余米，宽10余米，高20余米，可容纳500余人参与弥撒圣祭。2007年，在本堂神父的大力号召领导下，在全村300多教友的热切期盼中，于正月初八隆重举行了教堂十周年庆典活动，高朋满座，嘉宾云集，德高望重的杨祥太主教亲临祝贺并再次祝圣了装饰一新的教堂。,,,115.070381,36.474133
大名东街天主堂,张神父,河北省,邯郸市,大名县,大名县城东街从邯郸客运西站和客运东站均有直达大名县城的汽车,,此教堂为大名教堂内部。街对面为圣心修院。但这个教堂是堂区的不是修院的,,全国重点文物保护单位,115.147880,36.285580
宠爱之母大教堂,韩神父,河北省,邯郸市,大名县,河北省邯郸市大名县东大街东大街路北,,"大教堂占地1220平方米，建筑宏大、富丽堂皇，其""十""字状的格局与天主教会的象征十字架暗合。教堂外部整体给人紧凑的感觉，并且从一侧到另外一侧，给人以由低到高的向上腾升之感。教堂外部有三座大钟，均高1.42米，但因年久失修已经不能使用了。教堂以钟楼为几何轴线对称，不仅使教堂水平延伸效果得以体现，更使教堂整体显得更为统一，此外钟楼两侧的两座配楼相互呼应尽显欧式建筑之风格。",,,115.147880,36.285580
周寨耶稣圣心堂,李现恩会长,河北省,邯郸市,肥乡县,河北省邯郸市肥乡县屯庄营乡周寨村,,,,,114.869499,36.598293
西屯庄天主堂,张书臣,河北省,邯郸市,肥乡县,肥乡县元古乡西屯庄,,,,,114.833214,36.512882
肥乡总堂,张希良神父,河北省,邯郸市,肥乡县,肥乡县文化广场西侧100米路北,,,,,114.793991,36.558823
姚宫院圣心堂,林现量会长,河北省,邯郸市,肥乡县,河北邯郸肥乡毛演卜乡姚宫院村,,,,,114.829903,36.662109
肥乡户部李庄若瑟堂,魏海滨,河北省,邯郸市,肥乡县,邯郸肥乡户部李庄,,,,,114.865448,36.545803
北高天主堂,杜神父,河北省,邯郸市,肥乡县,河北邯郸肥乡北高天主堂,,,,,114.919380,36.638081
南长桥村天主堂,,河北省,邯郸市,肥乡县,肥乡县毛演堡乡南长桥村,,,,,114.809998,36.648151
圣母堂,杜神父,河北省,邯郸市,肥乡县,河北省邯郸市肥乡县屯庄营乡柴庄村,,,,,114.888809,36.607121
彭城天主教堂,,河北省,邯郸市,峰峰矿区,河北邯郸峰峰矿区彭城镇常范村（太行西路与邢峰公路交叉口）邯郸市做5路车到峰峰长途汽车站转乘2路，3路公交车到彭城天主教堂门口下车即到,,,,,114.210922,36.424061
耶稣苦难堂,,河北省,邯郸市,峰峰矿区,邯郸市峰峰矿区彭城镇,,,,,114.166077,36.418163
天主教堂,张学良,河北省,邯郸市,馆陶县,河北省邯郸馆陶县柴堡镇西孔堡村天主堂,,,,,115.305611,36.636734
圣母无染原罪教堂,谷殿云,河北省,邯郸市,馆陶县,河北省邯郸市馆陶县后胡堡圣母无染原罪堂到达河北邯郸直达馆陶的车即到,,,,,115.306183,36.635612
新华营教堂,,河北省,邯郸市,广平县,广平县向东10公里,,该教堂建于是1992年,,,114.948500,36.483450
留女固村天主堂,郑喜恩,河北省,邯郸市,广平县,河北省邯郸市广平县东张孟乡留女固村邯郸东站坐到馆陶的车张洞下车往北一公里,,该堂建于2005年，堂内能容纳2000人.本村有教友900多人,,,115.160652,36.565472
西丁庄天主堂,,河北省,邯郸市,广平县,河北省广平县平固店镇西丁庄村南天主堂309国道清漳桥北1公里,,,,,115.030350,36.569672
北下堡天主堂,党圣银,河北省,邯郸市,广平县,河北省邯郸市广平县平固店镇北下堡村邯郸东站至馆陶到广平县交警二中队下车向北2公里即到,,,,,115.099594,36.572151
南阳堡天主堂,张胜青,河北省,邯郸市,广平县,河北省邯郸市广平县南阳堡乡后南堡村广平县至邱县主路7公里处路北即到南阳堡乡后南堡村,,,,,115.011032,36.525906
闫小寨圣家堂,李刚义,河北省,邯郸市,广平县,河北省邯郸市广平县闫小寨村,,,,,115.010963,36.474529
常寨圣心堂,王合岭神父,河北省,邯郸市,广平县,广平县平固店镇常寨村309国道北走丁庄2公里即到,,教友300名，建于2000年，容纳300多教友。,,,115.032730,36.590370
张庄露德圣母天主堂,郑喜恩,河北省,邯郸市,广平县,河北省邯郸市广平县张庄天主堂,,,,,115.031784,36.520042
广平总堂,郑喜恩神父,河北省,邯郸市,广平县,广平县城内人民路16号,,,,,114.946648,36.480522
韩旺村中华圣母堂,郑喜恩神父,河北省,邯郸市,广平县,广平县韩旺村,,,,,114.986458,36.495522
胜营镇圣母堂,刘公敬,河北省,邯郸市,广平县,河北省广平县胜营镇邯大路北,,,,,114.870430,36.385860
王庄村天主堂,王幸福,河北省,邯郸市,广平县,邯郸市广平县南阳堡乡王庄村,,,,,115.014839,36.526943
