Prvn,Pftn,Cont,Arcd,Dilttp,Mdarn1,Mdarn2,Mdarn3
区域代码,省级名称,市级名称,县级名称,官话区/汉语方言区/少数民族方言区,官话（大类）,官话（片区）,官话（小片区）
530102,云南省,昆明市,五华区,官话区,西南官话,昆贵片,
530103,云南省,昆明市,盘龙区,官话区,西南官话,昆贵片,
530111,云南省,昆明市,官渡区,官话区,西南官话,昆贵片,
530112,云南省,昆明市,西山区,官话区,西南官话,昆贵片,
530113,云南省,昆明市,东川区,官话区,西南官话,滇西片,
530114,云南省,昆明市,呈贡区,官话区,西南官话,昆贵片,
530122,云南省,昆明市,晋宁县,官话区,西南官话,昆贵片,
530124,云南省,昆明市,富民县,官话区,西南官话,昆贵片,
530125,云南省,昆明市,宜良县,官话区,西南官话,昆贵片,
530126,云南省,昆明市,石林彝族自治县,官话区,西南官话,昆贵片,
530127,云南省,昆明市,嵩明县,官话区,西南官话,昆贵片,
530128,云南省,昆明市,禄劝彝族苗族自治县,官话区,西南官话,滇西片,
530129,云南省,昆明市,寻甸回族彝族自治县,官话区,西南官话,昆贵片,
530181,云南省,昆明市,安宁市,官话区,西南官话,昆贵片,
530302,云南省,曲靖市,麒麟区,官话区,西南官话,昆贵片,
530321,云南省,曲靖市,马龙县,官话区,西南官话,昆贵片,
530322,云南省,曲靖市,陆良县,官话区,西南官话,昆贵片,
530323,云南省,曲靖市,师宗县,官话区,西南官话,昆贵片,
530324,云南省,曲靖市,罗平县,官话区,西南官话,昆贵片,
530325,云南省,曲靖市,富源县,官话区,西南官话,昆贵片,
530326,云南省,曲靖市,会泽县,官话区,西南官话,昆贵片,
530328,云南省,曲靖市,沾益县,官话区,西南官话,昆贵片,
530381,云南省,曲靖市,宣威市,官话区,西南官话,昆贵片,
530402,云南省,玉溪市,红塔区,官话区,西南官话,昆贵片,
530421,云南省,玉溪市,江川县,官话区,西南官话,昆贵片,
530422,云南省,玉溪市,澄江县,官话区,西南官话,昆贵片,
530423,云南省,玉溪市,通海县,官话区,西南官话,昆贵片,
530424,云南省,玉溪市,华宁县,官话区,西南官话,昆贵片,
530425,云南省,玉溪市,易门县,官话区,西南官话,昆贵片,
530426,云南省,玉溪市,峨山彝族自治县,官话区,西南官话,昆贵片,
530427,云南省,玉溪市,新平彝族傣族自治县,官话区,西南官话,昆贵片,
530428,云南省,玉溪市,元江哈尼族彝族傣族自治县,官话区,西南官话,昆贵片,
530502,云南省,保山市,隆阳区,官话区,西南官话,滇西片,保潞小片
530521,云南省,保山市,施甸县,官话区,西南官话,滇西片,保潞小片
530522,云南省,保山市,腾冲市,官话区,西南官话,滇西片,保潞小片
530523,云南省,保山市,龙陵县,官话区,西南官话,滇西片,保潞小片
530524,云南省,保山市,昌宁县,官话区,西南官话,滇西片,保潞小片
530602,云南省,昭通市,昭阳区,官话区,西南官话,昆贵片,
530621,云南省,昭通市,鲁甸县,官话区,西南官话,昆贵片,
530622,云南省,昭通市,巧家县,官话区,西南官话,昆贵片,
530623,云南省,昭通市,盐津县,官话区,西南官话,灌赤片,仁富小片
530624,云南省,昭通市,大关县,官话区,西南官话,灌赤片,岷江小片
530626,云南省,昭通市,绥江县,官话区,西南官话,灌赤片,岷江小片
530627,云南省,昭通市,镇雄县,官话区,西南官话,黔北片,
530628,云南省,昭通市,彝良县,官话区,西南官话,黔北片,
530629,云南省,昭通市,威信县,官话区,西南官话,黔北片,
530630,云南省,昭通市,水富县,官话区,西南官话,灌赤片,岷江小片
530702,云南省,丽江市,古城区,官话区,西南官话,灌赤片,丽川小片
530721,云南省,丽江市,玉龙纳西族自治县,官话区,西南官话,灌赤片,丽川小片
530722,云南省,丽江市,永胜县,官话区,西南官话,昆贵片,
530723,云南省,丽江市,华坪县,官话区,西南官话,昆贵片,
530724,云南省,丽江市,宁蒗彝族自治县,官话区,西南官话,昆贵片,
530802,云南省,普洱市,思茅区,官话区,西南官话,昆贵片,
530802,云南省,普洱市,思茅区,官话区,西南官话,昆贵片,
530821,云南省,普洱市,宁洱哈尼族彝族自治县,官话区,西南官话,昆贵片,
530821,云南省,普洱市,宁洱哈尼族彝族自治县,官话区,西南官话,昆贵片,
530822,云南省,普洱市,墨江哈尼族自治县,官话区,西南官话,昆贵片,
530823,云南省,普洱市,景东彝族自治县,官话区,西南官话,昆贵片,
530824,云南省,普洱市,景谷傣族彝族自治县,官话区,西南官话,昆贵片,
530825,云南省,普洱市,镇沅彝族哈尼族拉祜族自治县,官话区,西南官话,昆贵片,
530826,云南省,普洱市,江城哈尼族彝族自治县,官话区,西南官话,昆贵片,
530827,云南省,普洱市,孟连傣族拉祜族佤族自治县,官话区,西南官话,昆贵片,
530828,云南省,普洱市,澜沧拉祜族自治县,官话区,西南官话,昆贵片,
530829,云南省,普洱市,西盟佤族自治县,官话区,西南官话,昆贵片,
530902,云南省,临沧市,临翔区,官话区,西南官话,昆贵片,
530921,云南省,临沧市,凤庆县,官话区,西南官话,滇西片,保潞小片
530922,云南省,临沧市,云县,官话区,西南官话,滇西片,保潞小片
530923,云南省,临沧市,永德县,官话区,西南官话,滇西片,保潞小片
530924,云南省,临沧市,镇康县,官话区,西南官话,滇西片,保潞小片
530925,云南省,临沧市,双江拉祜族佤族布朗族傣族自治县,官话区,西南官话,滇西片,保潞小片
530926,云南省,临沧市,耿马傣族佤族自治县,官话区,西南官话,滇西片,保潞小片
530927,云南省,临沧市,沧源佤族自治县,官话区,西南官话,昆贵片,
532301,云南省,楚雄彝族自治州,楚雄市,官话区,西南官话,昆贵片,
532322,云南省,楚雄彝族自治州,双柏县,官话区,西南官话,昆贵片,
532323,云南省,楚雄彝族自治州,牟定县,官话区,西南官话,昆贵片,
532324,云南省,楚雄彝族自治州,南华县,官话区,西南官话,昆贵片,
532325,云南省,楚雄彝族自治州,姚安县,官话区,西南官话,滇西片,姚理小片
532326,云南省,楚雄彝族自治州,大姚县,官话区,西南官话,滇西片,姚理小片
532327,云南省,楚雄彝族自治州,永仁县,官话区,西南官话,滇西片,姚理小片
532328,云南省,楚雄彝族自治州,元谋县,官话区,西南官话,昆贵片,
532329,云南省,楚雄彝族自治州,武定县,官话区,西南官话,昆贵片,
532331,云南省,楚雄彝族自治州,禄丰县,官话区,西南官话,昆贵片,
532501,云南省,红河哈尼族彝族自治州,个旧市,官话区,西南官话,昆贵片,
532502,云南省,红河哈尼族彝族自治州,开远市,官话区,西南官话,昆贵片,
532503,云南省,红河哈尼族彝族自治州,蒙自市,官话区,西南官话,昆贵片,
532504,云南省,红河哈尼族彝族自治州,弥勒市,官话区,西南官话,昆贵片,
532523,云南省,红河哈尼族彝族自治州,屏边苗族自治县,官话区,西南官话,昆贵片,
532524,云南省,红河哈尼族彝族自治州,建水县,官话区,西南官话,昆贵片,
532525,云南省,红河哈尼族彝族自治州,石屏县,官话区,西南官话,昆贵片,
532527,云南省,红河哈尼族彝族自治州,泸西县,官话区,西南官话,昆贵片,
532528,云南省,红河哈尼族彝族自治州,元阳县,官话区,西南官话,昆贵片,
532529,云南省,红河哈尼族彝族自治州,红河县,官话区,西南官话,昆贵片,
532530,云南省,红河哈尼族彝族自治州,金平苗族瑶族傣族自治县,官话区,西南官话,昆贵片,
532531,云南省,红河哈尼族彝族自治州,绿春县,官话区,西南官话,昆贵片,
532532,云南省,红河哈尼族彝族自治州,河口瑶族自治县,官话区,西南官话,昆贵片,
532601,云南省,文山壮族苗族自治州,文山市,官话区,西南官话,昆贵片,
532622,云南省,文山壮族苗族自治州,砚山县,官话区,西南官话,昆贵片,
532623,云南省,文山壮族苗族自治州,西畴县,官话区,西南官话,昆贵片,
532624,云南省,文山壮族苗族自治州,麻栗坡县,官话区,西南官话,昆贵片,
532625,云南省,文山壮族苗族自治州,马关县,官话区,西南官话,昆贵片,
532626,云南省,文山壮族苗族自治州,丘北县,官话区,西南官话,昆贵片,
532627,云南省,文山壮族苗族自治州,广南县,官话区,西南官话,昆贵片,
532628,云南省,文山壮族苗族自治州,富宁县,官话区,西南官话,昆贵片,
532801,云南省,西双版纳傣族自治州,景洪市,官话区,西南官话,昆贵片,
532822,云南省,西双版纳傣族自治州,勐海县,官话区,西南官话,昆贵片,
532823,云南省,西双版纳傣族自治州,勐腊县,官话区,西南官话,昆贵片,
532901,云南省,大理白族自治州,大理市,官话区,西南官话,灌赤片,丽川小片
532922,云南省,大理白族自治州,漾濞彝族自治县,官话区,西南官话,滇西片,姚理小片
532923,云南省,大理白族自治州,祥云县,官话区,西南官话,滇西片,姚理小片
532924,云南省,大理白族自治州,宾川县,官话区,西南官话,灌赤片,丽川小片
532925,云南省,大理白族自治州,弥渡县,官话区,西南官话,昆贵片,
532926,云南省,大理白族自治州,南涧彝族自治县,官话区,西南官话,昆贵片,
532926,云南省,大理白族自治州,南涧彝族自治县,官话区,西南官话,滇西片,姚理小片
340102,安徽省,合肥市,瑶海区,官话区,江淮官话,洪巢片,
340103,安徽省,合肥市,庐阳区,官话区,江淮官话,洪巢片,
340104,安徽省,合肥市,蜀山区,官话区,江淮官话,洪巢片,
340111,安徽省,合肥市,包河区,官话区,江淮官话,洪巢片,
340121,安徽省,合肥市,长丰县,官话区,江淮官话,洪巢片,
340122,安徽省,合肥市,肥东县,官话区,江淮官话,洪巢片,
340123,安徽省,合肥市,肥西县,官话区,江淮官话,洪巢片,
340124,安徽省,合肥市,庐江县,官话区,江淮官话,洪巢片,
340181,安徽省,合肥市,巢湖市,官话区,江淮官话,洪巢片,
340181,安徽省,合肥市,居巢区,官话区,江淮官话,洪巢片,
340202,安徽省,芜湖市,镜湖区,官话区,江淮官话,洪巢片,
340203,安徽省,芜湖市,弋江区,官话区,江淮官话,洪巢片,
340207,安徽省,芜湖市,鸠江区,官话区,江淮官话,洪巢片,
340208,安徽省,芜湖市,三山区,官话区,江淮官话,洪巢片,
340221,安徽省,芜湖市,芜湖市县,官话区,江淮官话,洪巢片,
340223,安徽省,芜湖市,南陵县,官话区,江淮官话,洪巢片,
340225,安徽省,芜湖市,无为县,官话区,江淮官话,洪巢片,
340302,安徽省,蚌埠市,龙子湖区,官话区,中原官话,信蚌片,
340303,安徽省,蚌埠市,蚌山区,官话区,中原官话,信蚌片,
340304,安徽省,蚌埠市,禹会区,官话区,中原官话,信蚌片,
340311,安徽省,蚌埠市,淮上区,官话区,中原官话,信蚌片,
340321,安徽省,蚌埠市,怀远县,官话区,江淮官话,洪巢片,
340322,安徽省,蚌埠市,五河县,官话区,中原官话,信蚌片,
340323,安徽省,蚌埠市,固镇县,官话区,中原官话,信蚌片,
340402,安徽省,淮南市,大通区,官话区,江淮官话,洪巢片,
340403,安徽省,淮南市,田家庵区,官话区,江淮官话,洪巢片,
340404,安徽省,淮南市,谢家集区,官话区,江淮官话,洪巢片,
340405,安徽省,淮南市,八公山区,官话区,江淮官话,洪巢片,
340406,安徽省,淮南市,潘集区,官话区,江淮官话,洪巢片,
340421,安徽省,淮南市,凤台县,官话区,中原官话,信蚌片,
340503,安徽省,马鞍山市,花山区,官话区,江淮官话,洪巢片,
340504,安徽省,马鞍山市,雨山区,官话区,江淮官话,洪巢片,
340521,安徽省,马鞍山市,当涂县,官话区,江淮官话,洪巢片,
340522,安徽省,马鞍山市,含山县,官话区,江淮官话,洪巢片,
340523,安徽省,马鞍山市,和县,官话区,江淮官话,洪巢片,
340555,安徽省,马鞍山市,金家庄区,官话区,江淮官话,洪巢片,
340602,安徽省,淮北市,杜集区,官话区,中原官话,洛徐片,
340603,安徽省,淮北市,相山区,官话区,中原官话,洛徐片,
340604,安徽省,淮北市,烈山区,官话区,中原官话,洛徐片,
340621,安徽省,淮北市,濉溪县,官话区,中原官话,洛徐片,
340702,安徽省,铜陵市,铜官山区,官话区,江淮官话,洪巢片,
340721,安徽省,铜陵市,铜陵市县,官话区,江淮官话,洪巢片,
340802,安徽省,安庆市,迎江区,官话区,江淮官话,洪巢片,
340803,安徽省,安庆市,大观区,官话区,江淮官话,洪巢片,
340811,安徽省,安庆市,宜秀区,官话区,江淮官话,洪巢片,
340822,安徽省,安庆市,怀宁县,官话区,江淮官话,洪巢片,
340823,安徽省,安庆市,枞阳县,官话区,江淮官话,洪巢片,
340881,安徽省,安庆市,桐城市,官话区,江淮官话,洪巢片,
341102,安徽省,滁州市,琅琊区,官话区,江淮官话,洪巢片,
341103,安徽省,滁州市,南谯区,官话区,江淮官话,洪巢片,
341122,安徽省,滁州市,来安县,官话区,江淮官话,洪巢片,
341124,安徽省,滁州市,全椒县,官话区,江淮官话,洪巢片,
341125,安徽省,滁州市,定远县,官话区,江淮官话,洪巢片,
341126,安徽省,滁州市,凤阳县,官话区,中原官话,信蚌片,
341181,安徽省,滁州市,天长市,官话区,江淮官话,洪巢片,
341182,安徽省,滁州市,明光市,官话区,江淮官话,洪巢片,
341202,安徽省,阜阳市,颍州区,官话区,中原官话,郑曹片,
341203,安徽省,阜阳市,颍东区,官话区,中原官话,郑曹片,
341204,安徽省,阜阳市,颍泉区,官话区,中原官话,郑曹片,
341221,安徽省,阜阳市,临泉县,官话区,中原官话,郑曹片,
341222,安徽省,阜阳市,太和县,官话区,中原官话,郑曹片,
341225,安徽省,阜阳市,阜南县,官话区,中原官话,郑曹片,
341226,安徽省,阜阳市,颍上县,官话区,中原官话,蔡鲁片,
341282,安徽省,阜阳市,界首市,官话区,中原官话,郑曹片,
341302,安徽省,宿州市,埇桥区,官话区,中原官话,郑曹片,
341321,安徽省,宿州市,砀山县,官话区,中原官话,洛徐片,
341322,安徽省,宿州市,萧县,官话区,中原官话,洛徐片,
341323,安徽省,宿州市,灵璧县,官话区,中原官话,郑曹片,
341324,安徽省,宿州市,泗县,官话区,中原官话,信蚌片,
341502,安徽省,六安市,金安区,官话区,江淮官话,洪巢片,
341503,安徽省,六安市,裕安区,官话区,江淮官话,洪巢片,
341521,安徽省,六安市,寿县,官话区,中原官话,信蚌片,
341522,安徽省,六安市,霍邱县,官话区,中原官话,信蚌片,
341523,安徽省,六安市,舒城县,官话区,江淮官话,洪巢片,
341524,安徽省,六安市,金寨县,官话区,中原官话,信蚌片,
341525,安徽省,六安市,霍山县,官话区,江淮官话,洪巢片,
341602,安徽省,亳州市,谯城区,官话区,中原官话,郑曹片,
341621,安徽省,亳州市,涡阳县,官话区,中原官话,郑曹片,
341622,安徽省,亳州市,蒙城县,官话区,中原官话,郑曹片,
341623,安徽省,亳州市,利辛县,官话区,中原官话,郑曹片,
341702,安徽省,池州市,贵池区,官话区,江淮官话,洪巢片,
341721,安徽省,池州市,东至县,官话区,江淮官话,洪巢片,
341723,安徽省,池州市,青阳县,官话区,江淮官话,洪巢片,
341802,安徽省,宣城市,宣州区,官话区,江淮官话,洪巢片,
341821,安徽省,宣城市,郎溪县,官话区,江淮官话,洪巢片,
341822,安徽省,宣城市,广德县,官话区,江淮官话,洪巢片,
341881,安徽省,宣城市,宁国市,官话区,官话,湖北话,
110101,北京市,,东城区,官话区,北京官话,京师片,
110102,北京市,,西城区,官话区,北京官话,京师片,
110105,北京市,,朝阳区,官话区,北京官话,京师片,
110106,北京市,,丰台区,官话区,北京官话,京师片,
110107,北京市,,石景山区,官话区,北京官话,京师片,
110108,北京市,,海淀区,官话区,北京官话,京师片,
110109,北京市,,门头沟区,官话区,北京官话,京师片,
110111,北京市,,房山区,官话区,北京官话,京师片,
110112,北京市,,通州区,官话区,北京官话,京师片,
110113,北京市,,顺义区,官话区,北京官话,京师片,
110114,北京市,,昌平区,官话区,北京官话,京师片,
110115,北京市,,大兴区,官话区,北京官话,京师片,
110116,北京市,,怀柔区,官话区,北京官话,怀承片,
110117,北京市,,平谷区,官话区,冀鲁官话,保唐片,蓟遵小片
110118,北京市,,崇文区,官话区,北京官话,京师片,
110119,北京市,,宣武区,官话区,北京官话,京师片,
110228,北京市,,密云县,官话区,北京官话,怀承片,
110229,北京市,,延庆县,官话区,北京官话,怀承片,
620102,甘肃省,兰州市,城关区,官话区,兰银官话,金城片,
620103,甘肃省,兰州市,七里河区,官话区,兰银官话,金城片,
620104,甘肃省,兰州市,西固区,官话区,兰银官话,金城片,
620105,甘肃省,兰州市,安宁区,官话区,兰银官话,金城片,
620111,甘肃省,兰州市,红古区,官话区,兰银官话,金城片,
620121,甘肃省,兰州市,永登县,官话区,兰银官话,金城片,
620122,甘肃省,兰州市,皋兰县,官话区,兰银官话,金城片,
620123,甘肃省,兰州市,榆中县,官话区,兰银官话,金城片,
620302,甘肃省,金昌市,金川区,官话区,兰银官话,河西片,
620321,甘肃省,金昌市,永昌县,官话区,兰银官话,河西片,
620402,甘肃省,白银市,白银区,官话区,兰银官话,金城片,
620403,甘肃省,白银市,平川区,官话区,兰银官话,金城片,
620421,甘肃省,白银市,靖远县,官话区,中原官话,秦陇片,
620422,甘肃省,白银市,会宁县,官话区,中原官话,陇中片,
620423,甘肃省,白银市,景泰县,官话区,中原官话,秦陇片,
620502,甘肃省,天水市,秦州区,官话区,中原官话,陇中片,
620503,甘肃省,天水市,麦积区,官话区,中原官话,陇中片,
620521,甘肃省,天水市,清水县,官话区,中原官话,陇中片,
620522,甘肃省,天水市,秦安县,官话区,中原官话,陇中片,
620523,甘肃省,天水市,甘谷县,官话区,中原官话,秦陇片,
620524,甘肃省,天水市,武山县,官话区,中原官话,秦陇片,
620525,甘肃省,天水市,张家川回族自治县,官话区,中原官话,陇中片,
620602,甘肃省,武威市,凉州区,官话区,兰银官话,河西片,
620621,甘肃省,武威市,民勤县,官话区,兰银官话,河西片,
620622,甘肃省,武威市,古浪县,官话区,兰银官话,河西片,
620623,甘肃省,武威市,天祝藏族自治县,官话区,兰银官话,河西片,
620702,甘肃省,张掖市,甘州区,官话区,兰银官话,河西片,
620721,甘肃省,张掖市,肃南裕固族自治县,官话区,兰银官话,河西片,
620722,甘肃省,张掖市,民乐县,官话区,兰银官话,河西片,
620723,甘肃省,张掖市,临泽县,官话区,兰银官话,河西片,
620724,甘肃省,张掖市,高台县,官话区,兰银官话,河西片,
620725,甘肃省,张掖市,山丹县,官话区,兰银官话,河西片,
620802,甘肃省,平凉市,崆峒区,官话区,中原官话,秦陇片,
620821,甘肃省,平凉市,泾川县,官话区,中原官话,秦陇片,
620822,甘肃省,平凉市,灵台县,官话区,中原官话,秦陇片,
620823,甘肃省,平凉市,崇信县,官话区,中原官话,秦陇片,
620824,甘肃省,平凉市,华亭县,官话区,中原官话,秦陇片,
620825,甘肃省,平凉市,庄浪县,官话区,中原官话,陇中片,
620826,甘肃省,平凉市,静宁县,官话区,中原官话,陇中片,
620902,甘肃省,酒泉市,肃州区,官话区,兰银官话,河西片,
620921,甘肃省,酒泉市,金塔县,官话区,兰银官话,河西片,
620922,甘肃省,酒泉市,瓜州县,官话区,兰银官话,河西片,
620981,甘肃省,酒泉市,玉门市,官话区,兰银官话,河西片,
620982,甘肃省,酒泉市,敦煌市,官话区,中原官话,秦陇片,
621002,甘肃省,庆阳市,西峰区,官话区,中原官话,秦陇片,
621021,甘肃省,庆阳市,庆城县,官话区,中原官话,秦陇片,
621022,甘肃省,庆阳市,环县,官话区,中原官话,秦陇片,
621023,甘肃省,庆阳市,华池县,官话区,中原官话,秦陇片,
621024,甘肃省,庆阳市,合水县,官话区,中原官话,秦陇片,
621025,甘肃省,庆阳市,正宁县,官话区,中原官话,秦陇片,
621026,甘肃省,庆阳市,宁县,官话区,中原官话,关中片,
621027,甘肃省,庆阳市,镇原县,官话区,中原官话,秦陇片,
621102,甘肃省,定西市,安定区,官话区,中原官话,陇中片,
621121,甘肃省,定西市,通渭县,官话区,中原官话,陇中片,
621122,甘肃省,定西市,陇西县,官话区,中原官话,秦陇片,
621123,甘肃省,定西市,渭源县,官话区,中原官话,陇中片,
621124,甘肃省,定西市,临洮县,官话区,中原官话,陇中片,
621125,甘肃省,定西市,漳县,官话区,中原官话,秦陇片,
621126,甘肃省,定西市,岷县,官话区,中原官话,秦陇片,
621202,甘肃省,陇南市,武都区,官话区,中原官话,秦陇片,
621221,甘肃省,陇南市,成县,官话区,中原官话,秦陇片,
621222,甘肃省,陇南市,文县,官话区,中原官话,秦陇片,
621223,甘肃省,陇南市,宕昌县,官话区,中原官话,秦陇片,
621224,甘肃省,陇南市,康县,官话区,中原官话,秦陇片,
621225,甘肃省,陇南市,西和县,官话区,中原官话,秦陇片,
621226,甘肃省,陇南市,礼县,官话区,中原官话,秦陇片,
621227,甘肃省,陇南市,徽县,官话区,中原官话,秦陇片,
621228,甘肃省,陇南市,两当县,官话区,中原官话,秦陇片,
622901,甘肃省,临夏州,临夏市,官话区,中原官话,陇中片,
622921,甘肃省,临夏州,临夏县,官话区,中原官话,陇中片,
622922,甘肃省,临夏州,康乐县,官话区,中原官话,陇中片,
622923,甘肃省,临夏州,永靖县,官话区,中原官话,陇中片,
622924,甘肃省,临夏州,广河县,官话区,中原官话,陇中片,
622925,甘肃省,临夏州,和政县,官话区,中原官话,陇中片,
623021,甘肃省,甘南州,临潭县,官话区,中原官话,秦陇片,
623023,甘肃省,甘南州,舟曲县,官话区,中原官话,秦陇片,
451226,广西壮族自治区,河池市,环江毛南族自治县,官话区,西南官话,桂柳片,
451323,广西壮族自治区,来宾市,武宣县,官话区,西南官话,桂柳片,
520102,贵州省,贵阳市,南明区,官话区,西南官话,昆贵片,
520103,贵州省,贵阳市,云岩区,官话区,西南官话,昆贵片,
520111,贵州省,贵阳市,花溪区,官话区,西南官话,昆贵片,
520112,贵州省,贵阳市,乌当区,官话区,西南官话,昆贵片,
520113,贵州省,贵阳市,白云区,官话区,西南官话,昆贵片,
520114,贵州省,贵阳市,小河区,官话区,西南官话,昆贵片,
520115,贵州省,贵阳市,观山湖区,官话区,西南官话,昆贵片,
520121,贵州省,贵阳市,开阳县,官话区,西南官话,黔北片,
520122,贵州省,贵阳市,息烽县,官话区,西南官话,黔北片,
520123,贵州省,贵阳市,修文县,官话区,西南官话,昆贵片,
520181,贵州省,贵阳市,清镇市,官话区,西南官话,昆贵片,
520201,贵州省,六盘水市,钟山区,官话区,西南官话,黔北片,
520203,贵州省,六盘水市,六枝特区,官话区,西南官话,黔北片,
520221,贵州省,六盘水市,水城县,官话区,西南官话,黔北片,
520222,贵州省,六盘水市,盘县,官话区,西南官话,昆贵片,
520302,贵州省,遵义市,红花岗区,官话区,西南官话,黔北片,
520303,贵州省,遵义市,汇川区,官话区,西南官话,黔北片,
520321,贵州省,遵义市,遵义县,官话区,西南官话,黔北片,
520322,贵州省,遵义市,桐梓县,官话区,西南官话,灌赤片,岷江小片
520323,贵州省,遵义市,绥阳县,官话区,西南官话,黔北片,
520324,贵州省,遵义市,正安县,官话区,西南官话,黔北片,
520325,贵州省,遵义市,道真仡佬族苗族自治县,官话区,西南官话,黔北片,
520326,贵州省,遵义市,务川仡佬族苗族自治县,官话区,西南官话,灌赤片,岷江小片
520327,贵州省,遵义市,凤冈县,官话区,西南官话,黔北片,
520328,贵州省,遵义市,湄潭县,官话区,西南官话,黔北片,
520329,贵州省,遵义市,余庆县,官话区,西南官话,黔北片,
520330,贵州省,遵义市,习水县,官话区,西南官话,灌赤片,岷江小片
520381,贵州省,遵义市,赤水市,官话区,西南官话,灌赤片,岷江小片
520382,贵州省,遵义市,仁怀市,官话区,西南官话,灌赤片,岷江小片
520402,贵州省,安顺市,西秀区,官话区,西南官话,昆贵片,
520421,贵州省,安顺市,平坝县,官话区,西南官话,昆贵片,
520422,贵州省,安顺市,普定县,官话区,西南官话,昆贵片,
520423,贵州省,安顺市,镇宁布依族苗族自治县,官话区,西南官话,昆贵片,
520424,贵州省,安顺市,关岭布依族苗族自治县,官话区,西南官话,昆贵片,
520425,贵州省,安顺市,紫云苗族布依族自治县,官话区,西南官话,昆贵片,
520521,贵州省,毕节地区,大方县,官话区,西南官话,黔北片,
520522,贵州省,毕节地区,黔西县,官话区,西南官话,黔北片,
520523,贵州省,毕节地区,金沙县,官话区,西南官话,黔北片,
520524,贵州省,毕节地区,织金县,官话区,西南官话,黔北片,
520524,贵州省,毕节地区,织金县,官话区,西南官话,黔北片,
520525,贵州省,毕节地区,纳雍县,官话区,西南官话,黔北片,
520526,贵州省,毕节地区,威宁彝族回族苗族自治县,官话区,西南官话,黔北片,
520527,贵州省,毕节地区,赫章县,官话区,西南官话,黔北片,
520527,贵州省,毕节地区,赫章县,官话区,西南官话,昆贵片,
520528,贵州省,毕节地区,毕节市,官话区,西南官话,黔北片,
520528,贵州省,毕节地区,毕节县,官话区,西南官话,黔北片,
520528,贵州省,毕节地区,七星关区,官话区,西南官话,黔北片,
520621,贵州省,铜仁地区,江口县,官话区,西南官话,黔北片,
520622,贵州省,铜仁地区,玉屏侗族自治县,官话区,西南官话,岑江片,
520623,贵州省,铜仁地区,石阡县,官话区,西南官话,黔北片,
520624,贵州省,铜仁地区,思南县,官话区,西南官话,灌赤片,岷江小片
520625,贵州省,铜仁地区,印江土家族苗族自治县,官话区,西南官话,灌赤片,岷江小片
520626,贵州省,铜仁地区,德江县,官话区,西南官话,灌赤片,岷江小片
520627,贵州省,铜仁地区,沿河土家族自治县,官话区,西南官话,成渝片,
520628,贵州省,铜仁地区,松桃苗族自治县,官话区,西南官话,黔北片,
520630,贵州省,铜仁地区,铜仁市,官话区,西南官话,黔北片,
520630,贵州省,铜仁地区,万山特区,官话区,西南官话,黔北片,
522301,贵州省,黔西南布依族苗族自治州,兴义市,官话区,西南官话,昆贵片,
522322,贵州省,黔西南布依族苗族自治州,兴仁县,官话区,西南官话,昆贵片,
522323,贵州省,黔西南布依族苗族自治州,普安县,官话区,西南官话,昆贵片,
522324,贵州省,黔西南布依族苗族自治州,晴隆县,官话区,西南官话,昆贵片,
522325,贵州省,黔西南布依族苗族自治州,贞丰县,官话区,西南官话,昆贵片,
522326,贵州省,黔西南布依族苗族自治州,望谟县,官话区,西南官话,昆贵片,
522327,贵州省,黔西南布依族苗族自治州,册亨县,官话区,西南官话,昆贵片,
522328,贵州省,黔西南布依族苗族自治州,安龙县,官话区,西南官话,昆贵片,
522601,贵州省,黔东南苗族侗族自治州,凯里市,官话区,西南官话,黔南片,
522622,贵州省,黔东南苗族侗族自治州,黄平县,官话区,西南官话,黔南片,
522623,贵州省,黔东南苗族侗族自治州,施秉县,官话区,西南官话,岑江片,
522624,贵州省,黔东南苗族侗族自治州,三穗县,官话区,西南官话,岑江片,
522625,贵州省,黔东南苗族侗族自治州,镇远县,官话区,西南官话,岑江片,
522626,贵州省,黔东南苗族侗族自治州,岑巩县,官话区,西南官话,岑江片,
522627,贵州省,黔东南苗族侗族自治州,天柱县,官话区,西南官话,岑江片,
522628,贵州省,黔东南苗族侗族自治州,锦屏县,官话区,西南官话,岑江片,
522629,贵州省,黔东南苗族侗族自治州,剑河县,官话区,西南官话,岑江片,
522630,贵州省,黔东南苗族侗族自治州,台江县,官话区,西南官话,黔南片,
522631,贵州省,黔东南苗族侗族自治州,黎平县,官话区,西南官话,岑江片,
522632,贵州省,黔东南苗族侗族自治州,榕江县,官话区,西南官话,岑江片,
522633,贵州省,黔东南苗族侗族自治州,从江县,官话区,西南官话,岑江片,
522634,贵州省,黔东南苗族侗族自治州,雷山县,官话区,西南官话,黔南片,
522635,贵州省,黔东南苗族侗族自治州,麻江县,官话区,西南官话,黔南片,
522636,贵州省,黔东南苗族侗族自治州,丹寨县,官话区,西南官话,黔南片,
522701,贵州省,黔南布依族苗族自治州,都匀市,官话区,西南官话,黔南片,
522702,贵州省,黔南布依族苗族自治州,福泉市,官话区,西南官话,黔南片,
522722,贵州省,黔南布依族苗族自治州,荔波县,官话区,西南官话,黔南片,
522723,贵州省,黔南布依族苗族自治州,贵定县,官话区,西南官话,黔南片,
522725,贵州省,黔南布依族苗族自治州,瓮安县,官话区,西南官话,黔北片,
522726,贵州省,黔南布依族苗族自治州,独山县,官话区,西南官话,黔南片,
522727,贵州省,黔南布依族苗族自治州,平塘县,官话区,西南官话,黔南片,
522728,贵州省,黔南布依族苗族自治州,罗甸县,官话区,西南官话,黔南片,
522729,贵州省,黔南布依族苗族自治州,长顺县,官话区,西南官话,昆贵片,
522730,贵州省,黔南布依族苗族自治州,龙里县,官话区,西南官话,黔南片,
522731,贵州省,黔南布依族苗族自治州,惠水县,官话区,西南官话,黔南片,
522732,贵州省,黔南布依族苗族自治州,三都水族自治县,官话区,西南官话,黔南片,
130102,河北省,石家庄市,长安区,官话区,冀鲁官话,石济片,赵深小片
130104,河北省,石家庄市,桥西区,官话区,冀鲁官话,石济片,赵深小片
130105,河北省,石家庄市,新华区,官话区,冀鲁官话,石济片,赵深小片
130107,河北省,石家庄市,井陉矿区,官话区,冀鲁官话,石济片,赵深小片
130108,河北省,石家庄市,裕华区,官话区,冀鲁官话,石济片,赵深小片
130109,河北省,石家庄市,藁城市,官话区,冀鲁官话,石济片,赵深小片
130111,河北省,石家庄市,栾城县,官话区,冀鲁官话,石济片,赵深小片
130121,河北省,石家庄市,井陉县,官话区,冀鲁官话,石济片,赵深小片
130123,河北省,石家庄市,正定县,官话区,冀鲁官话,石济片,赵深小片
130125,河北省,石家庄市,行唐县,官话区,冀鲁官话,石济片,赵深小片
130127,河北省,石家庄市,高邑县,官话区,冀鲁官话,石济片,赵深小片
130128,河北省,石家庄市,深泽县,官话区,冀鲁官话,石济片,赵深小片
130130,河北省,石家庄市,无极县,官话区,冀鲁官话,石济片,赵深小片
130133,河北省,石家庄市,赵县,官话区,冀鲁官话,石济片,赵深小片
130183,河北省,石家庄市,晋州市,官话区,冀鲁官话,石济片,赵深小片
130184,河北省,石家庄市,新乐市,官话区,冀鲁官话,石济片,赵深小片
130202,河北省,唐山市,路南区,官话区,冀鲁官话,保唐片,蓟遵小片
130203,河北省,唐山市,路北区,官话区,冀鲁官话,保唐片,蓟遵小片
130204,河北省,唐山市,古冶区,官话区,冀鲁官话,保唐片,蓟遵小片
130205,河北省,唐山市,开平区,官话区,冀鲁官话,保唐片,蓟遵小片
130207,河北省,唐山市,丰南区,官话区,冀鲁官话,保唐片,蓟遵小片
130208,河北省,唐山市,丰润区,官话区,冀鲁官话,保唐片,蓟遵小片
130223,河北省,唐山市,滦县,官话区,冀鲁官话,保唐片,滦昌小片
130224,河北省,唐山市,滦南县,官话区,冀鲁官话,保唐片,滦昌小片
130225,河北省,唐山市,乐亭县,官话区,冀鲁官话,保唐片,滦昌小片
130227,河北省,唐山市,迁西县,官话区,冀鲁官话,保唐片,蓟遵小片
130229,河北省,唐山市,玉田县,官话区,冀鲁官话,保唐片,蓟遵小片
130281,河北省,唐山市,遵化市,官话区,冀鲁官话,保唐片,蓟遵小片
130283,河北省,唐山市,迁安市,官话区,冀鲁官话,保唐片,蓟遵小片
130284,河北省,唐山市,唐海县,官话区,冀鲁官话,保唐片,蓟遵小片
130302,河北省,秦皇岛市,海港区,官话区,冀鲁官话,保唐片,抚龙小片
130303,河北省,秦皇岛市,山海关区,官话区,冀鲁官话,保唐片,抚龙小片
130304,河北省,秦皇岛市,北戴河区,官话区,冀鲁官话,保唐片,抚龙小片
130321,河北省,秦皇岛市,青龙满族自治县,官话区,冀鲁官话,保唐片,抚龙小片
130322,河北省,秦皇岛市,昌黎县,官话区,冀鲁官话,保唐片,滦昌小片
130323,河北省,秦皇岛市,抚宁县,官话区,冀鲁官话,保唐片,抚龙小片
130324,河北省,秦皇岛市,卢龙县,官话区,冀鲁官话,保唐片,抚龙小片
130425,河北省,邯郸市,大名县,官话区,中原官话,郑曹片,
130430,河北省,邯郸市,邱县,官话区,冀鲁官话,石济片,聊泰小片
130433,河北省,邯郸市,馆陶县,官话区,冀鲁官话,石济片,聊泰小片
130434,河北省,邯郸市,魏县,官话区,中原官话,郑曹片,
130435,河北省,邯郸市,曲周县,官话区,冀鲁官话,石济片,聊泰小片
130502,河北省,邢台市,桥东区,官话区,冀鲁官话,石济片,邢衡小片
130503,河北省,邢台市,桥西区,官话区,冀鲁官话,石济片,邢衡小片
130521,河北省,邢台市,邢台县,官话区,冀鲁官话,石济片,邢衡小片
130522,河北省,邢台市,临城县,官话区,冀鲁官话,石济片,邢衡小片
130523,河北省,邢台市,内丘县,官话区,冀鲁官话,石济片,邢衡小片
130524,河北省,邢台市,柏乡县,官话区,冀鲁官话,石济片,邢衡小片
130525,河北省,邢台市,隆尧县,官话区,冀鲁官话,石济片,邢衡小片
130526,河北省,邢台市,任县,官话区,冀鲁官话,石济片,邢衡小片
130528,河北省,邢台市,宁晋县,官话区,冀鲁官话,石济片,赵深小片
130529,河北省,邢台市,巨鹿县,官话区,冀鲁官话,石济片,邢衡小片
130530,河北省,邢台市,新河县,官话区,冀鲁官话,石济片,邢衡小片
130531,河北省,邢台市,广宗县,官话区,冀鲁官话,石济片,聊泰小片
130532,河北省,邢台市,平乡县,官话区,冀鲁官话,石济片,邢衡小片
130533,河北省,邢台市,威县,官话区,冀鲁官话,石济片,聊泰小片
130534,河北省,邢台市,清河县,官话区,冀鲁官话,石济片,聊泰小片
130535,河北省,邢台市,临西县,官话区,冀鲁官话,石济片,聊泰小片
130581,河北省,邢台市,南宫市,官话区,冀鲁官话,石济片,邢衡小片
130602,河北省,保定市,竞秀区,官话区,冀鲁官话,保唐片,定霸小片
130602,河北省,保定市,新市区,官话区,冀鲁官话,保唐片,定霸小片
130603,河北省,保定市,北市区,官话区,冀鲁官话,保唐片,定霸小片
130603,河北省,保定市,莲池区,官话区,冀鲁官话,保唐片,定霸小片
130604,河北省,保定市,南市区,官话区,冀鲁官话,保唐片,定霸小片
130621,河北省,保定市,满城县,官话区,冀鲁官话,保唐片,定霸小片
130622,河北省,保定市,清苑县,官话区,冀鲁官话,保唐片,定霸小片
130623,河北省,保定市,涞水县,官话区,冀鲁官话,保唐片,定霸小片
130624,河北省,保定市,阜平县,官话区,冀鲁官话,保唐片,涞阜小片
130625,河北省,保定市,徐水县,官话区,冀鲁官话,保唐片,定霸小片
130626,河北省,保定市,定兴县,官话区,冀鲁官话,保唐片,定霸小片
130627,河北省,保定市,唐县,官话区,冀鲁官话,保唐片,定霸小片
130628,河北省,保定市,高阳县,官话区,冀鲁官话,保唐片,定霸小片
130629,河北省,保定市,容城县,官话区,冀鲁官话,保唐片,定霸小片
130630,河北省,保定市,涞源县,官话区,冀鲁官话,保唐片,涞阜小片
130631,河北省,保定市,望都县,官话区,冀鲁官话,保唐片,定霸小片
130632,河北省,保定市,安新县,官话区,冀鲁官话,保唐片,定霸小片
130633,河北省,保定市,易县,官话区,冀鲁官话,保唐片,定霸小片
130634,河北省,保定市,曲阳县,官话区,冀鲁官话,保唐片,涞阜小片
130635,河北省,保定市,蠡县,官话区,冀鲁官话,保唐片,定霸小片
130636,河北省,保定市,顺平县,官话区,冀鲁官话,保唐片,定霸小片
130637,河北省,保定市,博野县,官话区,冀鲁官话,保唐片,定霸小片
130638,河北省,保定市,雄县,官话区,冀鲁官话,保唐片,定霸小片
130681,河北省,保定市,涿州市,官话区,北京官话,怀承片,
130683,河北省,保定市,安国市,官话区,冀鲁官话,保唐片,定霸小片
130684,河北省,保定市,高碑店市,官话区,冀鲁官话,保唐片,定霸小片
130726,河北省,张家口市,蔚县,官话区,冀鲁官话,保唐片,涞阜小片
130802,河北省,承德市,双桥区,官话区,北京官话,怀承片,
130803,河北省,承德市,双滦区,官话区,北京官话,怀承片,
130804,河北省,承德市,鹰手营子矿区,官话区,冀鲁官话,保唐片,蓟遵小片
130821,河北省,承德市,承德县,官话区,北京官话,怀承片,
130822,河北省,承德市,兴隆县,官话区,冀鲁官话,保唐片,蓟遵小片
130823,河北省,承德市,平泉县,官话区,北京官话,怀承片,
130824,河北省,承德市,滦平县,官话区,北京官话,怀承片,
130825,河北省,承德市,隆化县,官话区,北京官话,怀承片,
130826,河北省,承德市,丰宁满族自治县,官话区,北京官话,怀承片,
130827,河北省,承德市,宽城满族自治县,官话区,冀鲁官话,保唐片,蓟遵小片
130828,河北省,承德市,围场满族蒙古族自治县,官话区,北京官话,怀承片,
130902,河北省,沧州市,新华区,官话区,冀鲁官话,沧惠片,黄乐小片
130903,河北省,沧州市,运河区,官话区,冀鲁官话,沧惠片,黄乐小片
130921,河北省,沧州市,沧县,官话区,冀鲁官话,沧惠片,黄乐小片
130922,河北省,沧州市,青县,官话区,冀鲁官话,沧惠片,黄乐小片
130923,河北省,沧州市,东光县,官话区,冀鲁官话,沧惠片,黄乐小片
130924,河北省,沧州市,海兴县,官话区,冀鲁官话,沧惠片,黄乐小片
130925,河北省,沧州市,盐山县,官话区,冀鲁官话,沧惠片,黄乐小片
130926,河北省,沧州市,肃宁县,官话区,冀鲁官话,沧惠片,黄乐小片
130927,河北省,沧州市,南皮县,官话区,冀鲁官话,沧惠片,黄乐小片
130928,河北省,沧州市,吴桥县,官话区,冀鲁官话,石济片,聊泰小片
130929,河北省,沧州市,献县,官话区,冀鲁官话,沧惠片,黄乐小片
130930,河北省,沧州市,孟村回族自治县,官话区,冀鲁官话,沧惠片,黄乐小片
130981,河北省,沧州市,泊头市,官话区,冀鲁官话,沧惠片,黄乐小片
130982,河北省,沧州市,任丘市,官话区,冀鲁官话,沧惠片,黄乐小片
