Prvn,Pftn,Cont,Arcd,Dilttp,Ehncdilt1,Ehncdilt2,Ehncdilt3,Ehncdilt4,Ehncdilt5
区域代码,省级名称,市级名称,县级名称,官话区/汉语方言区/少数民族方言区,少数民族方言（语族）,少数民族方言（语族大类）,少数民族方言（语族小类）,少数民族方言（语族细分1）,少数民族方言（语族细分2）
622926,甘肃省,临夏州,东乡族自治县,少数民族方言区,蒙古语族,东乡语,,,
622926,甘肃省,临夏州,东乡族自治县,少数民族方言区,蒙古语族,保安语,,,
622926,甘肃省,临夏州,东乡族自治县,少数民族方言区,蒙古语族,土族语,东乡语,,
622927,甘肃省,临夏州,积石山保安族东乡族撒拉族自治县,少数民族方言区,蒙古语族,土族语,,,
622927,甘肃省,临夏州,积石山保安族东乡族撒拉族自治县,少数民族方言区,突厥语族,撒拉语,,,
623001,甘肃省,甘南州,合作市,少数民族方言区,藏缅语族,藏语,安多方言,半农半牧区土语,
623022,甘肃省,甘南州,卓尼县,少数民族方言区,藏缅语族,藏语,康方言,卓尼土语,
623023,甘肃省,甘南州,舟曲县,少数民族方言区,藏缅语族,藏语,康方言,舟曲土语,
623024,甘肃省,甘南州,迭部县,少数民族方言区,藏缅语族,藏语,康方言,卓尼土语,
623025,甘肃省,甘南州,玛曲县,少数民族方言区,藏缅语族,藏语,安多方言,牧区土语,
623026,甘肃省,甘南州,碌曲县,少数民族方言区,藏缅语族,藏语,安多方言,牧区土语,
623027,甘肃省,甘南州,夏河县,少数民族方言区,藏缅语族,藏语,安多方言,半农半牧区土语,
440118,广东省,广州市,增城市,少数民族方言区,苗瑶语族,畲语,,,
440232,广东省,韶关市,乳源瑶族自治县,少数民族方言区,苗瑶语族,瑶语,,,
441323,广东省,惠州市,惠东县,少数民族方言区,苗瑶语族,畲语,,,
441826,广东省,清远市,连南瑶族自治县,少数民族方言区,苗瑶语族,瑶语,,,
450109,广西壮族自治区,南宁市,邕宁区,少数民族方言区,壮侗语族,傣语支,壮语,南部方言,邕南次方言
450122,广西壮族自治区,南宁市,武鸣县,少数民族方言区,壮侗语族,傣语支,壮语,北部方言,邕北次方言
450123,广西壮族自治区,南宁市,隆安县,少数民族方言区,壮侗语族,傣语支,壮语,南部方言,邕南次方言
450124,广西壮族自治区,南宁市,马山县,少数民族方言区,壮侗语族,傣语支,壮语,北部方言,红水河次方言
450125,广西壮族自治区,南宁市,上林县,少数民族方言区,壮侗语族,傣语支,壮语,北部方言,红水河次方言
450222,广西壮族自治区,柳州市,柳城县,少数民族方言区,壮侗语族,傣语支,壮语,北部方言,柳江次方言
450223,广西壮族自治区,柳州市,鹿寨县,少数民族方言区,壮侗语族,傣语支,壮语,北部方言,红水河次方言
450226,广西壮族自治区,柳州市,三江侗族自治县,少数民族方言区,壮侗语族,傣语支,侗语,南部方言,第一次方言
450323,广西壮族自治区,桂林市,灵川县,少数民族方言区,苗瑶语族,瑶语,,,
450328,广西壮族自治区,桂林市,龙胜各族自治县,少数民族方言区,壮侗语族,傣语支,壮语,北部方言,桂北次方言
450328,广西壮族自治区,桂林市,龙胜各族自治县,少数民族方言区,苗瑶语族,瑶语,,,
450328,广西壮族自治区,桂林市,龙胜各族自治县,少数民族方言区,苗瑶语族,布努语,,,
450332,广西壮族自治区,桂林市,恭城瑶族自治县,少数民族方言区,苗瑶语族,瑶语,,,
450423,广西壮族自治区,梧州市,蒙山县,少数民族方言区,苗瑶语族,瑶语,,,
450603,广西壮族自治区,防城港市,防城区,少数民族方言区,壮侗语族,傣语支,壮语,,
450621,广西壮族自治区,防城港市,上思县,少数民族方言区,壮侗语族,傣语支,壮语,,
451023,广西壮族自治区,百色市,平果县,少数民族方言区,壮侗语族,傣语支,壮语,北部方言,邕北次方言
451024,广西壮族自治区,百色市,德保县,少数民族方言区,壮侗语族,傣语支,壮语,南部方言,德靖次方言
451025,广西壮族自治区,百色市,靖西县,少数民族方言区,壮侗语族,傣语支,壮语,南部方言,德靖次方言
451026,广西壮族自治区,百色市,那坡县,少数民族方言区,壮侗语族,傣语支,壮语,南部方言,德靖次方言
451026,广西壮族自治区,百色市,那坡县,少数民族方言区,苗瑶语族,苗语,川黔滇方言,川黔滇次方言,第一土语
451026,广西壮族自治区,百色市,那坡县,少数民族方言区,藏缅语族,彝语,,,
451027,广西壮族自治区,百色市,凌云县,少数民族方言区,壮侗语族,傣语支,壮语,北部方言,桂边次方言
451028,广西壮族自治区,百色市,乐业县,少数民族方言区,壮侗语族,傣语支,壮语,北部方言,桂边次方言
451029,广西壮族自治区,百色市,田林县,少数民族方言区,壮侗语族,傣语支,壮语,北部方言,桂边次方言
451029,广西壮族自治区,百色市,田林县,少数民族方言区,苗瑶语族,瑶语,,,
451030,广西壮族自治区,百色市,西林县,少数民族方言区,壮侗语族,傣语支,壮语,北部方言,桂边次方言
451031,广西壮族自治区,百色市,隆林各族自治县,少数民族方言区,壮侗语族,傣语支,壮语,北部方言,桂边次方言
451031,广西壮族自治区,百色市,隆林各族自治县,少数民族方言区,苗瑶语族,苗语,川黔滇方言,川黔滇次方言,第一土语
451202,广西壮族自治区,河池市,金城江区,少数民族方言区,壮侗语族,傣语支,壮语,北部方言,桂北次方言
451221,广西壮族自治区,河池市,南丹县,少数民族方言区,壮侗语族,傣语支,壮语,北部方言,桂北次方言
451223,广西壮族自治区,河池市,凤山县,少数民族方言区,苗瑶语族,布努语,,,
451223,广西壮族自治区,河池市,凤山县,少数民族方言区,壮侗语族,侗水语支,侗语,,
451223,广西壮族自治区,河池市,凤山县,少数民族方言区,壮侗语族,傣语支,壮语,北部方言,桂边次方言
451224,广西壮族自治区,河池市,东兰县,少数民族方言区,壮侗语族,傣语支,壮语,北部方言,桂北次方言
451227,广西壮族自治区,河池市,巴马瑶族自治县,少数民族方言区,壮侗语族,傣语支,壮语,北部方言,桂北次方言
451227,广西壮族自治区,河池市,巴马瑶族自治县,少数民族方言区,壮侗语族,侗水语支,侗语,,
451227,广西壮族自治区,河池市,巴马瑶族自治县,少数民族方言区,苗瑶语族,布努语,,,
451228,广西壮族自治区,河池市,都安瑶族自治县,少数民族方言区,壮侗语族,傣语支,壮语,北部方言,红水河次方言
451229,广西壮族自治区,河池市,大化瑶族自治县,少数民族方言区,壮侗语族,傣语支,壮语,北部方言,红水河次方言
451281,广西壮族自治区,河池市,宜州市,少数民族方言区,壮侗语族,傣语支,壮语,北部方言,柳江次方言
451302,广西壮族自治区,来宾市,兴宾区,少数民族方言区,壮侗语族,傣语支,壮语,北部方言,柳江次方言
451321,广西壮族自治区,来宾市,忻城县,少数民族方言区,壮侗语族,傣语支,壮语,北部方言,柳江次方言
451322,广西壮族自治区,来宾市,象州县,少数民族方言区,壮侗语族,傣语支,壮语,北部方言,红水河次方言
451324,广西壮族自治区,来宾市,金秀瑶族自治县,少数民族方言区,壮侗语族,拉珈语,,,
451324,广西壮族自治区,来宾市,金秀瑶族自治县,少数民族方言区,苗瑶语族,瑶语,,,
451381,广西壮族自治区,来宾市,合山市,少数民族方言区,苗瑶语族,瑶语,,,
451381,广西壮族自治区,来宾市,合山市,少数民族方言区,壮侗语族,傣语支,壮语,北部方言,柳江次方言
451421,广西壮族自治区,崇左市,扶绥县,少数民族方言区,壮侗语族,傣语支,壮语,南部方言,邕南次方言
451422,广西壮族自治区,崇左市,宁明县,少数民族方言区,壮侗语族,傣语支,壮语,南部方言,左江次方言
451423,广西壮族自治区,崇左市,龙州县,少数民族方言区,壮侗语族,傣语支,壮语,南部方言,左江次方言
451424,广西壮族自治区,崇左市,大新县,少数民族方言区,壮侗语族,傣语支,壮语,南部方言,左江次方言
451425,广西壮族自治区,崇左市,天等县,少数民族方言区,壮侗语族,傣语支,壮语,南部方言,左江次方言
451481,广西壮族自治区,崇左市,凭祥市,少数民族方言区,壮侗语族,傣语支,壮语,南部方言,左江次方言
520121,贵州省,贵阳市,开阳县,少数民族方言区,苗瑶语族,苗语,川黔滇方言,罗泊河次方言,
520121,贵州省,贵阳市,开阳县,少数民族方言区,苗瑶语族,苗语,川黔滇方言,川黔滇次方言,第一土语
520121,贵州省,贵阳市,开阳县,少数民族方言区,壮侗语族,傣语支,布依语,,
520123,贵州省,贵阳市,修文县,少数民族方言区,苗瑶语族,苗语,川黔滇方言,贵阳次方言,北部土语
520181,贵州省,贵阳市,清镇市,少数民族方言区,苗瑶语族,苗语,川黔滇方言,贵阳次方言,南部土语
520203,贵州省,六盘水市,六枝特区,少数民族方言区,藏缅语族,彝语,,,
520203,贵州省,六盘水市,六枝特区,少数民族方言区,苗瑶语族,苗语,川黔滇方言,川黔滇次方言,第一土语
520203,贵州省,六盘水市,六枝特区,少数民族方言区,壮侗语族,傣语支,布依语,,
520203,贵州省,六盘水市,六枝特区,少数民族方言区,壮侗语族,侗水语支,仫佬语,,
520381,贵州省,遵义市,赤水市,少数民族方言区,苗瑶语族,苗语,川黔滇方言,川黔滇次方言,第一土语
520382,贵州省,遵义市,仁怀市,少数民族方言区,苗瑶语族,苗语,川黔滇方言,川黔滇次方言,第一土语
520421,贵州省,安顺市,平坝县,少数民族方言区,苗瑶语族,苗语,川黔滇方言,贵阳次方言,南部方言
520421,贵州省,安顺市,平坝县,少数民族方言区,壮侗语族,傣语支,布依语,,
520422,贵州省,安顺市,普定县,少数民族方言区,苗瑶语族,苗语,川黔滇方言,川黔滇次方言,第一土语
520423,贵州省,安顺市,镇宁布依族苗族自治县,少数民族方言区,苗瑶语族,苗语,川黔滇方言,川黔滇次方言,第一土语
520423,贵州省,安顺市,镇宁布依族苗族自治县,少数民族方言区,藏缅语族,彝语,,,
520423,贵州省,安顺市,镇宁布依族苗族自治县,少数民族方言区,壮侗语族,傣语支,布依语,,
520423,贵州省,安顺市,镇宁布依族苗族自治县,少数民族方言区,壮侗语族,侗水语支,仫佬语,,
520424,贵州省,安顺市,关岭布依族苗族自治县,少数民族方言区,苗瑶语族,苗语,黔东方言,北部土语,
520424,贵州省,安顺市,关岭布依族苗族自治县,少数民族方言区,苗瑶语族,苗语,川黔滇方言,川黔滇次方言,第一土语
520425,贵州省,安顺市,紫云苗族布依族自治县,少数民族方言区,苗瑶语族,苗语,川黔滇方言,川黔滇次方言,第一土语
520425,贵州省,安顺市,紫云苗族布依族自治县,少数民族方言区,壮侗语族,傣语支,布依语,,
520521,贵州省,毕节地区,大方县,少数民族方言区,藏缅语族,彝语,,,
520522,贵州省,毕节地区,黔西县,少数民族方言区,藏缅语族,彝语,,,
520523,贵州省,毕节地区,金沙县,少数民族方言区,苗瑶语族,苗语,川黔滇方言,贵阳次方言,北部土语
520524,贵州省,毕节地区,织金县,少数民族方言区,壮侗语族,侗水语支,仫佬语,,
520525,贵州省,毕节地区,纳雍县,少数民族方言区,藏缅语族,彝语,,,
520526,贵州省,毕节地区,威宁彝族回族苗族自治县,少数民族方言区,藏缅语族,彝语,,,
520528,贵州省,毕节地区,毕节市,少数民族方言区,藏缅语族,彝语,,,
520528,贵州省,毕节地区,毕节市,少数民族方言区,藏缅语族,彝语,,,
520528,贵州省,毕节地区,毕节县,少数民族方言区,藏缅语族,彝语,,,
520528,贵州省,毕节地区,七星关区,少数民族方言区,藏缅语族,彝语,,,
520628,贵州省,铜仁地区,松桃苗族自治县,少数民族方言区,苗瑶语族,苗语,湘西方言,西部土语,
522324,贵州省,黔西南布依族苗族自治州,晴隆县,少数民族方言区,苗瑶语族,苗语,川黔滇方言,川黔滇次方言,第一土语
522325,贵州省,黔西南布依族苗族自治州,贞丰县,少数民族方言区,壮侗语族,傣语支,布依语,,
522326,贵州省,黔西南布依族苗族自治州,望谟县,少数民族方言区,壮侗语族,傣语支,布依语,,
522326,贵州省,黔西南布依族苗族自治州,望谟县,少数民族方言区,壮侗语族,傣语支,布依语,,
522327,贵州省,黔西南布依族苗族自治州,册亨县,少数民族方言区,壮侗语族,傣语支,布依语,,
522327,贵州省,黔西南布依族苗族自治州,册亨县,少数民族方言区,壮侗语族,傣语支,布依语,,
522328,贵州省,黔西南布依族苗族自治州,安龙县,少数民族方言区,壮侗语族,傣语支,布依语,,
522601,贵州省,黔东南苗族侗族自治州,凯里市,少数民族方言区,苗瑶语族,苗语,黔东方言,北部土语,
522622,贵州省,黔东南苗族侗族自治州,黄平县,少数民族方言区,苗瑶语族,苗语,黔东方言,北部土语,
522623,贵州省,黔东南苗族侗族自治州,施秉县,少数民族方言区,苗瑶语族,苗语,黔东方言,北部土语,
522624,贵州省,黔东南苗族侗族自治州,三穗县,少数民族方言区,苗瑶语族,苗语,黔东方言,东部土语,
522625,贵州省,黔东南苗族侗族自治州,镇远县,少数民族方言区,苗瑶语族,苗语,黔东方言,北部土语,
522627,贵州省,黔东南苗族侗族自治州,天柱县,少数民族方言区,壮侗语族,侗水语支,侗语,,
522627,贵州省,黔东南苗族侗族自治州,天柱县,少数民族方言区,壮侗语族,侗水语支,侗语,,
522628,贵州省,黔东南苗族侗族自治州,锦屏县,少数民族方言区,壮侗语族,侗水语支,侗语,,
522628,贵州省,黔东南苗族侗族自治州,锦屏县,少数民族方言区,苗瑶语族,苗语,黔东方言,东部土语,
522628,贵州省,黔东南苗族侗族自治州,锦屏县,少数民族方言区,壮侗语族,侗水语支,侗语,,
522629,贵州省,黔东南苗族侗族自治州,剑河县,少数民族方言区,苗瑶语族,苗语,黔东方言,东部土语,
522630,贵州省,黔东南苗族侗族自治州,台江县,少数民族方言区,苗瑶语族,苗语,黔东方言,北部土语,
522632,贵州省,黔东南苗族侗族自治州,榕江县,少数民族方言区,苗瑶语族,苗语,黔东方言,南部土语,
522633,贵州省,黔东南苗族侗族自治州,从江县,少数民族方言区,壮侗语族,侗水语支,侗语,,
522633,贵州省,黔东南苗族侗族自治州,从江县,少数民族方言区,苗瑶语族,苗语,黔东方言,南部土语,
522633,贵州省,黔东南苗族侗族自治州,从江县,少数民族方言区,壮侗语族,侗水语支,侗语,,
522634,贵州省,黔东南苗族侗族自治州,雷山县,少数民族方言区,苗瑶语族,苗语,黔东方言,北部土语,
522636,贵州省,黔东南苗族侗族自治州,丹寨县,少数民族方言区,壮侗语族,傣语支,布依语,,
522636,贵州省,黔东南苗族侗族自治州,丹寨县,少数民族方言区,苗瑶语族,苗语,黔东方言,南部土语,
522636,贵州省,黔东南苗族侗族自治州,丹寨县,少数民族方言区,壮侗语族,傣语支,布依语,,
522701,贵州省,黔南布依族苗族自治州,都匀市,少数民族方言区,壮侗语族,傣语支,布依语,,
522702,贵州省,黔南布依族苗族自治州,福泉市,少数民族方言区,苗瑶语族,苗语,川黔滇方言,川黔滇次方言,第一土语
522722,贵州省,黔南布依族苗族自治州,荔波县,少数民族方言区,壮侗语族,侗水语支,水语,,
522722,贵州省,黔南布依族苗族自治州,荔波县,少数民族方言区,壮侗语族,傣语支,布依语,,
522722,贵州省,黔南布依族苗族自治州,荔波县,少数民族方言区,壮侗语族,傣语支,布依语,,
522722,贵州省,黔南布依族苗族自治州,荔波县,少数民族方言区,壮侗语族,侗水语支,水语,,
522727,贵州省,黔南布依族苗族自治州,平塘县,少数民族方言区,壮侗语族,傣语支,布依语,,
522727,贵州省,黔南布依族苗族自治州,平塘县,少数民族方言区,壮侗语族,侗水语支,佯璜话,,
522728,贵州省,黔南布依族苗族自治州,罗甸县,少数民族方言区,壮侗语族,傣语支,布依语,,
522728,贵州省,黔南布依族苗族自治州,罗甸县,少数民族方言区,壮侗语族,傣语支,布依语,,
522729,贵州省,黔南布依族苗族自治州,长顺县,少数民族方言区,壮侗语族,傣语支,布依语,,
522730,贵州省,黔南布依族苗族自治州,龙里县,少数民族方言区,苗瑶语族,苗语,川黔滇方言,贵阳次方言,南部土语
522730,贵州省,黔南布依族苗族自治州,龙里县,少数民族方言区,苗瑶语族,苗语,川黔滇方言,惠水次方言,北部土语
522731,贵州省,黔南布依族苗族自治州,惠水县,少数民族方言区,苗瑶语族,苗语,川黔滇方言,惠水次方言,北部土语
522731,贵州省,黔南布依族苗族自治州,惠水县,少数民族方言区,苗瑶语族,苗语,川黔滇方言,惠水次方言,西南土语
522732,贵州省,黔南布依族苗族自治州,三都水族自治县,少数民族方言区,壮侗语族,侗水语支,水语,,
522732,贵州省,黔南布依族苗族自治州,三都水族自治县,少数民族方言区,壮侗语族,傣语支,布依语,,
522732,贵州省,黔南布依族苗族自治州,三都水族自治县,少数民族方言区,壮侗语族,侗水语支,水语,,
460105,海南省,海口市,秀英区,少数民族方言区,临高话,琼山土语,,,
460106,海南省,海口市,龙华区,少数民族方言区,临高话,琼山土语,,,
460107,海南省,海口市,琼山区,少数民族方言区,临高话,琼山土语,,,
460108,海南省,海口市,美兰区,少数民族方言区,临高话,琼山土语,,,
469001,海南省,,五指山市,少数民族方言区,黎语,杞方言,通什土语,,
469003,海南省,,儋州市,少数民族方言区,临高话,临城土语,,,
469024,海南省,,临高县,少数民族方言区,临高话,临城土语,,,
469025,海南省,,白沙黎族自治县,少数民族方言区,黎语,本地方言,白沙土语,,
469027,海南省,,乐东黎族自治县,少数民族方言区,黎语,侾土语,罗活土语,,
469029,海南省,,保亭黎族苗族自治县,少数民族方言区,黎语,杞方言,保城土语,,
469030,海南省,,琼中黎族苗族自治县,少数民族方言区,黎语,杞方言,通什土语,,
230182,黑龙江省,哈尔滨市,双城市,少数民族方言区,蒙古语族,蒙古语,内蒙古方言,科尔沁土语,
230207,黑龙江省,齐齐哈尔市,碾子山区,少数民族方言区,蒙古语族,蒙古语,内蒙古方言,科尔沁土语,
230221,黑龙江省,齐齐哈尔市,龙江县,少数民族方言区,蒙古语族,蒙古语,内蒙古方言,科尔沁土语,
230224,黑龙江省,齐齐哈尔市,泰来县,少数民族方言区,蒙古语族,蒙古语,内蒙古方言,科尔沁土语,
230605,黑龙江省,大庆市,红岗区,少数民族方言区,蒙古语族,蒙古语,内蒙古方言,科尔沁土语,
230606,黑龙江省,大庆市,大同区,少数民族方言区,蒙古语族,蒙古语,内蒙古方言,科尔沁土语,
230621,黑龙江省,大庆市,肇州县,少数民族方言区,蒙古语族,蒙古语,内蒙古方言,科尔沁土语,
230622,黑龙江省,大庆市,肇源县,少数民族方言区,蒙古语族,蒙古语,内蒙古方言,科尔沁土语,
230624,黑龙江省,大庆市,杜尔伯特蒙古族自治县,少数民族方言区,蒙古语族,蒙古语,内蒙古方言,科尔沁土语,
231102,黑龙江省,黑河市,爱辉区,少数民族方言区,满通古斯语族,满语,,,
220721,吉林省,松原市,前郭尔罗斯蒙古族自治县,少数民族方言区,蒙古语族,蒙古语,内蒙古方言,科尔沁土语,
220802,吉林省,白城市,洮北区,少数民族方言区,蒙古语族,蒙古语,内蒙古方言,科尔沁土语,
220821,吉林省,白城市,镇赉县,少数民族方言区,蒙古语族,蒙古语,内蒙古方言,科尔沁土语,
220822,吉林省,白城市,通榆县,少数民族方言区,蒙古语族,蒙古语,内蒙古方言,科尔沁土语,
220881,吉林省,白城市,洮南市,少数民族方言区,蒙古语族,蒙古语,内蒙古方言,科尔沁土语,
220882,吉林省,白城市,大安市,少数民族方言区,蒙古语族,蒙古语,内蒙古方言,科尔沁土语,
150206,内蒙古自治区,包头市,白云鄂博矿区,少数民族方言区,蒙古语族,蒙古语,内蒙古方言,察哈尔土语,
150223,内蒙古自治区,包头市,达尔罕茂明安联合旗,少数民族方言区,蒙古语族,蒙古语,内蒙古方言,察哈尔土语,
150421,内蒙古自治区,赤峰市,阿鲁科尔沁旗,少数民族方言区,蒙古语族,蒙古语,内蒙古方言,巴林土语,
150422,内蒙古自治区,赤峰市,巴林左旗,少数民族方言区,蒙古语族,蒙古语,内蒙古方言,巴林土语,
150423,内蒙古自治区,赤峰市,巴林右旗,少数民族方言区,蒙古语族,蒙古语,内蒙古方言,巴林土语,
150424,内蒙古自治区,赤峰市,林西县,少数民族方言区,蒙古语族,蒙古语,内蒙古方言,巴林土语,
150426,内蒙古自治区,赤峰市,翁牛特旗,少数民族方言区,蒙古语族,蒙古语,内蒙古方言,巴林土语,
150430,内蒙古自治区,赤峰市,敖汉旗,少数民族方言区,蒙古语族,蒙古语,内蒙古方言,巴林土语,
150502,内蒙古自治区,通辽市,科尔沁区,少数民族方言区,蒙古语族,蒙古语,内蒙古方言,科尔沁土语,
150521,内蒙古自治区,通辽市,科尔沁左翼中旗,少数民族方言区,蒙古语族,蒙古语,内蒙古方言,科尔沁土语,
150522,内蒙古自治区,通辽市,科尔沁左翼后旗,少数民族方言区,蒙古语族,蒙古语,内蒙古方言,科尔沁土语,
150523,内蒙古自治区,通辽市,开鲁县,少数民族方言区,蒙古语族,蒙古语,内蒙古方言,科尔沁土语,
150524,内蒙古自治区,通辽市,库伦旗,少数民族方言区,蒙古语族,蒙古语,内蒙古方言,喀喇沁土语,
150525,内蒙古自治区,通辽市,奈曼旗,少数民族方言区,蒙古语族,蒙古语,内蒙古方言,巴林土语,
150526,内蒙古自治区,通辽市,扎鲁特旗,少数民族方言区,蒙古语族,蒙古语,内蒙古方言,科尔沁土语,
150581,内蒙古自治区,通辽市,霍林郭勒市,少数民族方言区,蒙古语族,蒙古语,内蒙古方言,科尔沁土语,
150602,内蒙古自治区,鄂尔多斯市,东胜区,少数民族方言区,蒙古语族,蒙古语,内蒙古方言,鄂尔多斯土语,
150621,内蒙古自治区,鄂尔多斯市,达拉特旗,少数民族方言区,蒙古语族,蒙古语,内蒙古方言,鄂尔多斯土语,
150622,内蒙古自治区,鄂尔多斯市,准格尔旗,少数民族方言区,蒙古语族,蒙古语,内蒙古方言,鄂尔多斯土语,
150623,内蒙古自治区,鄂尔多斯市,鄂托克前旗,少数民族方言区,蒙古语族,蒙古语,内蒙古方言,鄂尔多斯土语,
150624,内蒙古自治区,鄂尔多斯市,鄂托克旗,少数民族方言区,蒙古语族,蒙古语,内蒙古方言,鄂尔多斯土语,
150625,内蒙古自治区,鄂尔多斯市,杭锦旗,少数民族方言区,蒙古语族,蒙古语,内蒙古方言,鄂尔多斯土语,
150626,内蒙古自治区,鄂尔多斯市,乌审旗,少数民族方言区,蒙古语族,蒙古语,内蒙古方言,鄂尔多斯土语,
150627,内蒙古自治区,鄂尔多斯市,伊金霍洛旗,少数民族方言区,蒙古语族,蒙古语,内蒙古方言,鄂尔多斯土语,
150721,内蒙古自治区,呼伦贝尔市,阿荣旗,少数民族方言区,蒙古语族,蒙古语,内蒙古方言,科尔沁土语,
