Msqnm,Fctn,Prvn,Pftn,Cont,Spfcadd,Msqintdc,Topmsq,Kcrsusp,Sncarlv,Longit,Latit
清真寺名称,建立日期,所属省份,所属地级市,所属区县,具体地址,清真寺简介,是否为国内名寺,是否为国家文物保护单位,景区级别,经度,纬度
安庆清真寺,年代不详,安徽省,安庆市,南关镇,安徽省安庆市南关镇,"安庆清真寺是安徽省清真古寺之一，始建于1469年，原名礼拜堂，后""沿各省旧例""易今名。安庆清真寺位于安徽省安庆市南关镇海门内忠孝街。",,,,117.034240,30.512270
安庆市关南清真寺,明成化五年(1469年),安徽省,安庆市,,,安庆关南清真寺位于安庆市清真寺街ll号。安庆老城区历史上有清真寺数座，此寺因地处南水关以南，故俗称关南清真寺。,,,,125.343790,46.417730
定远县三苏清真寺,年代不详,安徽省,滁州市,定远县,,三苏清真寺又名张圩清真寺，位于安徽省定远县二龙回族乡，原建于清代，大殿3间共90平方米，为中国古典建筑形式。附属建筑有望月楼及3间住房。本坊560户，5000余人，均为回族。,,,,103.268738,35.652767
定远县二龙清真寺,1943年,安徽省,滁州市,定远县,安徽省定远县二龙回族乡,二龙回族乡即王回岗，为安徽省境内知名的回族聚居点。元代就有穆斯林在此安居，明初著名回族将领蓝玉为此地人，当时已有回民600余户，名南府城，在蓝玉主持下重建1座清真寺，规模、建筑仿南京静觉寺.蓝坐狱后被灭九族，其府邸和清真寺均遭抄毁。后明廷派武德卫指挥使王英(回族)率部驻镇，重建清真寺，始改名王回岗沿袭至今。,,,,117.702003,32.292072
定远县池河清真寺,明末清初,安徽省,滁州市,定远县,安徽省定远池河古镇,池河清真寺位于安徽省定远池河古镇，创建于明末清初。占地总面积1.2亩，礼拜殿为原讲堂改用，瓦房结构，建筑面积83平方米。,,,,117.961662,32.509933
嘉山县横山清真寺,年代不详,安徽省,滁州市,明光市,,横山清真寺位于安徽省嘉山县横山乡，约建于明末清初，现占地1.1亩，建筑总面积280平方米。,,,,130.904990,45.210720
太和县清真北寺,年代不详,安徽省,阜阳市,太和县,安徽省太和县城关镇,太和县清真北寺位于安徽省太和县城关镇，该寺始建于明朝洪武十年(1377年)，大修于清朝乾隆八年(1743年)，1958年宗教改革时关闭，1986年重新开放。,,,,115.622467,33.160973
涡阳县义门清真寺,民国十七年（1928年）,安徽省,毫州市,涡阳县,,义门清真寺位于涡阳县义门镇，占地3600平方米。遭水灾、战乱被毁，民国十七年(1928年)重建，为回族同胞礼拜专用屋。2009年被省宗教局评为安徽省和谐清真寺。,,,,119.188370,32.263142
亳州市北京清真寺,明万历年间,安徽省,毫州市,,,亳州市北京清真寺位于亳州市双寺街，占地面积3442.7平方米，始建于元朝至政年间。被列为全国100座清真寺之一，市级重点文物保护单位。也是亳州保存原貌最好的清真寺之一。,,市级文物保护单位,,115.769173,33.880501
肥西县官亭镇马河湾清真寺,年代不详,安徽省,合肥市,肥西县,安徽省肥西县官亭镇马河湾村中心、312国道旁,马河湾清真寺位于安徽省肥西县官亭镇马河湾村中心、312国道旁。原清真寺是清道光年间所建，中间历经增修，到解放初期已极具规模，建筑格式全是中式砖木结构古建筑风格，但文革时遭破坏。现有的清真寺系2004年所建，占地面积1.8亩，建筑面积720平方米。,,,,116.891640,31.805311
合肥清真寺,年代不详,安徽省,合肥市,南关镇,安徽省安庆市南关镇,合肥清真寺位于逍遥津公园对面，背靠淮河路步行街。该寺建于明洪武年间，又名礼拜寺，曾遭破坏，1981年回归后扩建，设施配套、规模可观、结构大方、美观。全寺建筑总面积为1500平方米，二层小楼，大殿面积为160平方米，建筑形式为阿拉伯式、寺内有阿旬1名，满拉2人，学董10人，有阿文藏经30卷。现有教民3000户，人口1万余名，均系回族.尊奉格迪目.礼拜寺从1982年开放以来，每月可接待参观及礼拜人数达5000名，成为合肥穆斯林同国内与世界进行宗教文化交流的重要场合，同许多国外宗教界人士建立了深厚的憎谊和联系。,,,,117.034240,30.512270
凤台县城关清真寺,年代不详,安徽省,淮南市,凤台县,安徽省凤台县城关镇,凤台县城关清真寺坐落于安徽省凤台县城关镇，经过了多次损毁重建，党的十一届三中全会后，要求恢复清真寺。经十余年努力，县政府以凤政(92)15号文件给予恢复。现该寺占地面积0.71亩。,,,,116.723259,32.709160
淮南田家庵清真寺,1942年,安徽省,淮南市,南关镇,安徽省安庆市南关镇,田家庵清真寺位于安徽省淮南市淮滨街，建于1942年。该寺占地面积近1亩，礼拜大殿为中国古典木结构建筑形式，双层飞檐挑阁，美观华丽。,,,,117.034240,30.512270
淮南赖山集清真寺,年代不详,安徽省,淮南市,,,赖山清真寺位于安徽省淮南市谢家集区李郢孜镇内。始建于明万历八年(公元1580年)，初为章房五间，大殿三间，偏房二间。清乾隆十五年(公元1750年)，大殿改建为砖墙瓦顶五间，偏房四间。乾隆二十五年、五十四年两次修缮。清光绪六年(公元1880年)扩建讲经房六间，大门楼及偏房三间，均系砖墙瓦顶，加建草房七间，作为浴室及阿訇住宅。此后，清福建水师提督杨岐珍(淮南赖山集人)返籍时，倡议本族各户集资筹款，重修被太平军焚毁的清真寺。清光绪三十三年，修建竣工，存之至今。,,,,115.715302,39.388870
淮南太平清真西寺,,安徽省,淮南市,,,,,,,103.369019,34.707512
界首清真古寺,年代不详,安徽省,界首市,界首市,安徽省界首市教门街,界首清真古寺位于安徽省界首市内，始建年代已无从考证，清咸丰二年(1852年)曾重修扩建。现全夺占地面积约7亩。,,,,115.374360,33.257220
寿县瓦埠清真寺,清代,安徽省,六安市,寿县,安徽省寿县瓦埠镇西街,瓦埠清真寺位于安徽省寿县瓦埠镇西街，约始建于清代，几度兴废。,,,,116.928703,32.328327
寿县双桥清真寺,年代不详,安徽省,六安市,寿县,,双桥清真寺位于安徽省寿县双桥乡，建于1992年10月，为2间砖木结构瓦房，占地面积0.2亩。有阿訇马昌格。,,,,126.312270,45.383550
寿县清真寺,年代不详,安徽省,六安市,寿县,,"寿县清真寺，位于寿县寿春镇回民聚居的清真寺巷内。筹建于康熙年间(1662-1722年)，占地5400平方米。1981年寺内维修时，于殿顶发现纪年砖两块，铭文分别为""明天启年(1621-1627年)建，道光年(1821-1850年)重修。1986年大殿落架大修，于瓦椽上发现""民国二十九年(1940年)重修""墨水字样。2013年3月中华人民共和国国务院公布第七批全国重点文物保护单位。",,,,110.230377,25.079792
寿县板桥清真寺,年代不详,安徽省,六安市,寿县,,"板桥清真寺位于安徽省寿县板桥镇东街。始建于清嘉庆十一年(1806年)，礼拜大殿为中国古建筑形式，共5间，存当地名人赠""无像宝殿""匾，沐浴室、讲堂等建筑计16间。",,,,114.650480,33.647380
寿县许家清真寺,,安徽省,六安市,,,,,,,103.369019,34.707512
杨山县南关清真寺,年代不详,安徽省,宿州市,汤山县,安徽省汤山县南关街,杨山县南关清真寺位于安徽省汤山县南关街，始建于明永乐十五年(1417年)，现占地面积4.7亩，建筑面积275平方米，为宫殿式建筑风格。其中清真寺内有伊斯兰武馆1座。,,,,116.352898,34.421593
芜湖清真寺,明朝,安徽省,芜湖市,,,据历史文献记载，安徽省芜湖市早在元朝期间就有穆斯林在此生活，芜湖穆斯在明朝期间在老横街附近(现融汇广场西区)建过1座规模较小的清真寺，后毁于清王朝镇压太平军的战火中。,,,,112.488968,34.702751
北京万子营清真寺,年代不详,北京市,,朝阳区,,万子营清真寺始建于十八世纪初(约三百年前)，其历史悠久，位于朝阳区黑庄户万子营路(京沈高速公路南),,,,113.702728,34.245171
北京长营清真寺,明朝正德年间,北京市,,朝阳区,北京朝阳区常营路常营民族家园11号楼,常营清真寺是北京地区的清真古寺之一，始建于明正德年间。常营清真寺占地面积约8000平方米，整体建筑布局严谨统一，气势宏伟典雅，既蕴含古建神韵又充满现代气息。常营清真寺位于北京朝阳区常营路常营民族家园11号楼。,,,,116.585350,39.930153
北京二里庄清真寺,元代,北京市,,朝阳区,北京市朝阳区,北京二里庄清真寺位于北京市东直门外察慈小区。占地面积1100平方米，建筑面积774平方米，四合院建筑格局，坐东朝西，有大殿、南北配殿及东房，寺内设施齐全，有男女浴室及锅炉房。大殿可容纳约三百人礼拜。原址在东外小街北下关68号，始建于元代，清康熙三十五年(1696)重修。1958年后曾改做福利纸盒厂。1986年恢复为宗教活动场所。1986年定为东城区文物保护单位，迁至西北1000米察慈小区内重建。新寺1992年完工，1993年9月15日重新启用，每周五主麻日有300人来寺礼拜，因邻近使馆区，信仰伊斯兰教国家使馆人员，每逢主麻日及三大节日来会礼的外宾多达200多人。东城区伊斯兰教协会设在二里庄清真寺内。东城区文物保护单位。,,,,116.443550,39.921900
北京八里庄清真寺,年代不详,北京市,,朝阳区,北京市朝阳区,八里庄清真寺是北京清真寺之一，始建于十八世纪初(约三百年前)位于朝阳区八里庄158号，由于清真古寺饱经历史沧桑，大殿及配套设施受到破坏，近年先后进行了大规模修建，修整后的清真古寺设施齐全，环境幽雅、清新、自然、古朴，是广大穆斯林群众朝拜的理想场所。其历史悠久，环境幽雅，可谓旅游休闲之胜地。,,,,116.443550,39.921900
东白塔清真寺,年代不详,北京市,,大兴区,,东白塔清真寺位于安定镇东白塔村，始建于明万历二十三年(1595年)，清康熙三十七年(1698年)重建。1944年第二次重建。是大兴区文物保护单位。,,,,114.990250,38.516260
北京南豆芽清真寺,元代,北京市,,海淀区,海淀镇南西栅栏路西,南豆芽清真寺位于朝内豆瓣胡同4号，坐东向西。始建于元代，2000年改建成现在新的清真寺。南豆芽清真寺开拓进取，在围绕宏扬伊斯兰宗教文化，宏扬伊玛尼内涵中发挥了重要的作用。,,,,112.868065,34.903641
马甸清真寺,1980年,北京市,,海淀区,北京市海淀区马甸南村7号,马甸清真寺是北京的清真古寺之一，始建于清康熙年间马甸地区。马甸清真寺总面积为3800多平方米，整体建筑为典型的中国传统的四合院式的建筑。寺中有400多年古树，几百年来，这些古树不但目睹了清真寺的几百年的沧桑，而且还为清真寺遮风挡雨，到了炎热的夏天，绿荫覆盖，为宁静的清真寺增添了不少生机和情趣。,,海淀区重点文物保护单位,,116.377388,39.966068
北京海淀清真寺,明末清初,北京市,,海淀区,海淀镇南西栅栏路西,"海淀清真寺位于海淀镇南西栅栏路西。始建于明末清初。清真寺占地约30余亩，布局为三进院落。寺北辟有菜园，寺西有义地。礼拜殿为3间两卷前出抱厦，殿前有白石月台，殿中后部建窑殿1间，壁上书""米哈拉布""经文，殿顶中央建单据四角方亭一座，为伊斯兰教建筑形式。院南北各建讲经堂3间。",,,,126.597298,45.982643
北京门头沟清真寺,年代不详,北京市,,门头沟区,,北京市门头沟区有回族穆斯林300多户，1300多人，散居在三家店、大台、黑山、木城涧、新桥、矿区家属宿舍等地。坐落在城子大街的清真寺，建于北京解放初期，礼拜殿和其他用房年久失修，并遭十年浩劫破坏。十一届三中全会后，落实宗教政策，清真寺恢复开放，1986年成立了寺管会，回族老工人马德胜当选为主任。,,,,116.362710,39.921760
北京通县于家务清真寺,,北京市,,通州区,,,,,,103.369019,34.707512
北京通县马驹桥清真寺,,北京市,,通州区,,,,,,103.369019,34.707512
北京通县张家湾清真寺,,北京市,,通州区,,,,,,103.369019,34.707512
北京通县清真寺,,北京市,,通州区,,,,,,103.369019,34.707512
北京清真永寿寺,年代不详,北京市,,西城区,,清真永寿寺在西城区三里河中巷2、3号。明万历三十三年(1605)始建,,,,113.260070,23.142230
北京清真法源寺,年代不详,北京市,,西城区,西城区德胜门,"清真法源寺在西城区德胜门外大街200号，该寺亦称德外大街清真寺。清康熙初年重修，1983年重修。现占地面积2.7亩，建筑面积1148平方米.整个寺院为中国古典式建筑风格，古雅、端庄、幽美壮观。大殿内悬挂有中共中央委员刘格平题写的匾额和民国时期马福祥先生题写的匾额各1块。正门外有影壁1座。正门1间，横额上书""开天古教""。正门两旁各开1门。二门为一座重檐建筑，二门外北为洗浴室，南为客房。二门内有讲堂、大殿、窑殿、邦克楼。现为德外清真寺。",,,,116.379631,39.949650
北京清真普寿寺,年代不详,北京市,,西城区,西城区锦什坊街63号,"北京清真普寿寺在西城区锦什坊街63号。始建年代不详。原占地4000平方米。清真寺大殿中的圣龛背向""麦加""，因麦加在中国西部，所以清真寺大殿都坐西朝东。大门三座，歇山顶，石砌。",,,,116.362710,39.921760
北京花市清真寺,1415年,北京市,,西花市,北京市西花市大街30号,花市清真寺是北京地区著名清真寺之一，位于北京市崇文区西花市大街30号。花市清真寺始建于明朝永乐十三年(1415年)，后多次维修扩建，始成现在规模。花市清真寺占地面积2000平方米。整体风格为清式建筑。,,,,116.426020,39.897220
北京东四清真寺,元至正六年(1356年),北京市,,西花市,北京市西花市大街30号,东四清真寺是北京清真寺之一，又名法明寺，在东四南大街，元至正六年(1356年)建成，明正统十二年(1447年)重修，1920年改建。寺坐西朝东，大门3间，建筑面积l万平方米，具有典型的明代建筑特点。,,,,116.426020,39.897220
北京笤帚胡同清真寺,年代不详,北京市,,宣武区,北京市宣武区杨威胡同19号,北京笤帚胡同清真寺位于北京市宣武区杨威胡同19号。修建于明末时期，距今已有500多年的历史，在清朝康熙年间重新缮修，风格别具。原存有蕃人华巴巴手抄本《古兰经》一本，硬木经箱一个。全寺占地面积为1.8亩，大殿建筑面积438平方米，礼拜大殿建筑形式为中国古典形式。寺内有阿旬2名，传授教门和文化。清真寺有教民799户，人口2282人，均系回族。,,,,116.366110,39.912310
北京清真女寺,年代不详,北京市,,宣武区,宣武区寿刘胡同39号,北京清真女寺位于宣武区寿刘胡同39号，为宣武区重点保护文物。,,,,116.366110,39.912310
清河清真寺,公元1881年,北京市,,,京藏高速西侧,清河清真寺位于京藏高速西侧，最早修建在原清河大桥南端。因桥南低洼积水，光绪六年(公元1881年)迁建桥北。原寺院拥有房产、土地现已无从考证。但1951年北京市颁发的《土地房产所有证》统计:清河清真寺房产五十五间，占地三亩九分一厘一毫(约合2607平方米);土地共四段:五拨子十四亩二分(约合9467平方米)、安宁庄大道四亩二分二厘九毫(约合2819平方米)、清河北四亩一分七厘(约合2780平方米)、朱房十亩零七厘五毫(约合6717平方米)。,,,,114.393105,34.054127
北京南下坡清真寺,光绪年间,北京市,,,,南下坡清真寺是北京的清真寺之一，位于朝阳门外南下坡，光绪年间由当地回民集资兴建，距今已有三百多年历史，它是朝外地区仅存古建七座清真寺之一。在古建筑中独具特色。此寺一直为当地回民群众作礼拜之用，也是北京市回民殡葬管理所。,,,,,
北京狼各庄清真寺,清乾隆五年(1740),北京市,,,,狼各庄清真寺位于北京市黄村镇狼各庄村，始建于清乾隆五年(1740)。清光绪二十七年(1901)永定河水患后重修，1936年进行较大规模修缮。现址占地面积2000平米、建筑面积933平米。,,,,,
北京东直门清真寺,年代不详,北京市,,,,东直门清真寺是北京的清真古寺之一，位于东直门外察慈住宅小区内为察慈6号。该寺原在东直门外小街北下关68号，今东湖别墅内，其地原名二里庄，1993年迁建于此。,,,,,
牛街清真寺,年代不详,北京市,,,,北京牛街清真寺，位于广安门内牛街。创建于辽圣宗十三年(966)，宋太宗至道元年(995)、明正统七年(1442)重修。清康熙三十五年(1696)又按原样进行大规模修葺。主要建筑有礼拜殿、梆克楼、望月楼和碑亭等。寺内现存主要建筑均于明清时期修筑，是采用汉族传统建筑形式修建的清真寺的典型实例，是北京规模最大、历史最久的一座清真寺。,,,,,
北京安外清真寺,年代不详,北京市,,,,安外清真寺全名安定门外大关清真寺。清嘉庆年间建。占地500余平方米，有大殿、教长室、讲堂、男女沐浴室。大殿前有古柏。1990年重开。现在的清真寺是一座明清建筑群。中轴线上，寺门、望月楼、屏门、大殿依次排列。两旁有庑殿，并附有女寺。望月楼是伊斯兰教独有的建筑，四周回廊，密檐攒尖。大殿是清真寺的主体建筑，由三殿连筑而成，东西长55米，南北宽29米。前殿为单檐歇山式，后殿为八宝攒尖式。,,,,,
怀柔沙城镇清真寺,,北京市,,,,,,,,,
北京小红门清真寺,,北京市,,,,,,,,,
北京西会清真寺,,北京市,,,,,,,,,
福州清真寺,628年（唐贞观二年）,福建省,福州市,,福建省福州市八一七北路,"福州清真寺是福州市的清真寺。据寺内明嘉靖二十八年(1549)《重建清真寺记》碑记载，该寺初创于唐贞观二年(628)，但已无据可考。元至正年间(1341~1368)廉访使张孝思曾捐俸重修。明嘉靖辛丑(1541)寺毁于火灾，后由古里国(印度卡利卡特Culicut)使臣葛卜满的后裔葛文明(时侨居福州)主持重建，历时9年完成。寺的建筑布局类似传统四合院，分为3进。大殿四面环绕长廊，殿中部原为一座面阔5间、进深4间的中殿，后改建成一座穿堂式中殿，形成了工字形大殿平面。寺址在城南""东邻宫衢，西抵邑庠，南至民房，北依万寿，纵横深广计有三十余丈""。现位于福建省福州市八一七北路西侧。",,,,119.299652,26.084160
邵武清真寺,年代不详,福建省,南平市,邵武市,福建省晋江市陈埭镇岸兜村,邵武清真寺是中国伊斯兰教清真古寺之一，创建年代说法不一。据当地穆斯林中流传，他们的族谱(已佚)曾记载，邵武最早的清真寺建于明洪武五年(1372)，位于迎春坊诗话楼附近。,,,,118.610283,24.823383
陈埭清真寺,年代不详,福建省,泉州市,晋江市,福建省晋江市陈埭镇岸兜村,陈埭清真寺是福建的清真古寺之一，始建于1948年福建省晋江市陈埭镇岸兜村。陈埭清真寺总面积为400多平方米，整体建筑为典型的中国传统建筑和伊斯兰建筑相结合的建筑风格。,,,,118.610283,24.823383
泉州清真寺,公元1009年,福建省,泉州市,,福建省泉州市涂门街中段,"泉州清真寺又名麒麟寺、""艾苏哈卜清真寺""，俗呼清真寺，位于福建省泉州市涂门街中段，占地面积约二千五佰平方米，创建于北宋大中祥符二年(1009年)——伊斯兰历400年，是阿拉伯穆斯林在中国创建的现存最古老的伊斯兰教寺。1961年列为第一批全国重点文物保护单位和""中国十大名寺""。",是,,,118.591972,24.901899
泉州圣友寺,年代不详,福建省,泉州市,,福建省泉州市涂门街北侧,"泉州艾苏哈卜寺，中国伊斯兰教古寺。又名圣友寺、清净寺，号称麒麟寺，为东南沿海地区四大名寺之一。位于福建省泉州市涂门街北侧。据寺门楼北墙重修该寺的阿拉伯文碑记载，该寺始建于伊斯兰历400年(1009~1010)，名""艾苏哈卜寺""，意译为""圣友寺"";当时的番商中有阿拉伯人、波斯人、印度人，犹太人和欧洲人，其中以阿拉伯人为最多，因此泉州便成了伊斯兰教在中国传播和发展的重要区域之一。",,,,118.591972,24.901899
厦门清真寺,1982年,福建省,厦门市,,福建省厦门市玉屏路西侧[2],中国伊斯兰教清真寺。位于福建省厦门市玉屏路西侧。寺内保存的清光绪二十八年(1902)《厦门清真寺碑记》记载，寺建于道光末年(1850)，由浙江提督杨帅倡捐修建。,,,,118.033940,24.484050
岷县清真西大寺,年代不详,甘肃省,定西市,岷县,甘肃省岷县城关镇青年街,清真西大寺坐落在岷县县城外西偏，东南距南大寺约三华里。有教民347户，1726人，回族。寺始建于1942年，1981年扩建，1991年重建，大殿为敬山式，面积1004平方米，峻宇飞檐，博敞弘丽，殿内地板平整，殿毯发采，虚静无尘。寺有习经学童及寄宿满拉45人。满拉来自各地，俱各自展至昏，习礼诵经，息心净行，不以清贫为苦。寺内藏经较多，并印行汉文《伊斯兰信仰知识》一书。,,,,104.037781,34.433083
岷县南关清真大寺,年代不详,甘肃省,定西市,岷县,甘肃省岷县城关镇清真街,南关清真大寺由高启鹏、马而利等人董其事，于战火，1936年由马二哥、马静亭等倡导，重新修葺，大殿为砖木结构庑殿式。,,,,104.037781,34.433083
氓县南关清真华寺,年代不详,甘肃省,定西市,,甘肃省岷县城郊乡,南关清真华寺始建于清同治八年(1869年)，1984年又重新修建。全寺占地2.3亩。,,,,104.043541,34.433811
临潭县左拉清真寺,年代不详,甘肃省,甘南藏族自治州,临潭县,甘肃临潭县城关镇左拉村,"左拉清真寺位于临潭县城关镇左拉村内，距旧城(县城)以北两公里处。左拉村北面与卓尼县申藏乡左拉村隔一小山毗邻。分别称前后左拉。东与本县长川乡冯旗村相连，中间为两村共同放牧区。""左拉""一词藏语意为""牧场""。这个村名是由于唐朝时，挑州为吐蕃王朝所辖。后又被吐浴浑占据，这时左拉均为放牧区。所以""左拉""一词便传了下来。全村43户人家，230多人。该寺于清光绪年间(约1880年)随清真上寺改奉北庄拱北。清光绪年间聘任敏家嘴的东个阿旬开学。该阿訇在左拉开学长达17年之久。现任开学阿訇是苏家庄子村的苏三娃子。近几年来，左拉村涌现出了一批优秀学生，其中留学巴基斯坦伊斯兰大学的丁俊较有成就、左拉村是临潭回族中较殷宫的村庄之一，以农为主，兼营牧业、商业，外出经商者也为数不少。",,,,103.369019,34.707512
临潭县卓洛清真上寺,年代不详,甘肃省,甘南藏族自治州,临潭县,甘肃省临潭县卓洛乡卓洛村,卓洛上寺自1942年后和卓洛南寺同为一座寺。卓洛南寺于1958年停止了宗教活动。自1979年后，各地清真寺批准开放，这时，原卓洛南寺在原址进行复建，重新恢复了宗教活动。,,,,103.345482,34.726170
临潭县卓洛清真西寺,年代不详,甘肃省,甘南藏族自治州,临潭县,甘肃省临潭县卓洛乡卓洛村,"卓洛清真西寺在距县城西北10华里的卓洛村中心。卓洛乡因村得名，系临潭县的一个回族乡。乡政府就在卓洛村，""卓洛""为藏语，意即""平川里的松树""，卓洛的东、酉、北三面与卓尼县的中藏、恰盖、阿子滩三个乡错综相连，接近广袤的北山牧区，所以农业为主，牧业资源也较丰富。",,,,103.345482,34.726170
临潭县长川清真西寺,年代不详,甘肃省,甘南藏族自治州,临潭县,甘肃省临潭县长川乡长川村,长川清真西寺，位于临潭县城东10公里之长川乡政府所在地长川村，,,,,103.432938,34.714970
临潭县长川清真东寺,年代不详,甘肃省,甘南藏族自治州,临潭县,甘肃省临潭县长川乡长川村,长川清真东寺，位于临潭县长川乡政府所在的长川村，距县城东面约10公里、全村227户人中，回族约占50%左右。,,,,103.432938,34.714970
临漳县扎乍清真寺,年代不详,甘肃省,甘南藏族自治州,临潭县,甘肃省临潭县术布多扎乍村,扎乍清真寺位于临潭县术市乡扎乍村内，村居山巅，峰峦簇拥，杨树参天，春夏绿荫蔽村，山田四围，一片秀丽景色。,,,,103.353620,34.692750
临潭县下藏清真寺,年代不详,甘肃省,甘南藏族自治州,临潭县,甘肃省临潭县古战乡下藏村,下藏清真寺位居临潭县古战乡下藏自然村中心，距临漳县城6公里。始建于1935年，占地面积约1亩余。,,,,103.332802,34.657200
临潭县新城西门清真寺,年代不详,甘肃省,甘南藏族自治州,临潭县,甘肃省临潭县新城乡西门村,西门清真大寺，座落在新城西门村的中心，原名北庄清真大寺，始建于1379年(明朝洪武十二年)，现在全寺占地面积约有4亩,,,,103.584473,34.675182
临潭县西大寺,年代不详,甘肃省,甘南藏族自治州,临潭县,,西大寺最初建于1904年，之后屡毁屡建。第三次建成于1947年，大殿建筑模仿兰州桥门大寺的形式，屋顶为重檐歇山绿琉璃瓦，上有三个宝瓶，殿前有石栏杆，大殿内外不用彩色装饰，系纯木面本色，素雅庄重。大殿前后左右各7间对厅，带有出廊，并有配房数间，使庭院更显严肃整齐，布局宏伟大方。当时国民党军政要员蒋介石、陈立夫、何应钦、白崇禧、于右任为之题词书匾。,,,,114.604858,36.126270
临潭县汪家嘴清真寺,年代不详,甘肃省,甘南藏族自治州,临潭县,临潭县流顺乡汪家嘴村,汪家嘴清真寺，坐落在临潭县流顺乡汪家嘴村，此寺创建于1380年(明朝洪武十三年)，是临潭县乡村清真寺中修建较早的一个寺。遵行中国伊斯兰教格迪国教礼。,,,,103.556961,34.671524
临潭县塔那清真寺,年代不详,甘肃省,甘南藏族自治州,临潭县,甘肃省临潭县长川乡塔那村,塔那清真寺在临潭县东面10里之遥的长川乡塔那村红山脚下，40多户人家簇居一处，周围都是农田，西面与卓尼县申藏乡隔一个小山相望，东北连接广阔的北山草原，宜农宜牧，有较好的发展农牧业生产的地理条件，由临夏人王而利任开学阿訇15年之久，而利阿旬曾在长川、旧城等处开过学，解放前去麦加朝觐，经学知识渊博。现在兰州市柏树巷清真寺任开学，与塔那回民交往深厚，常有资助。,,,,103.417122,34.729210
临潭县苏家庄子清真寺,年代不详,甘肃省,甘南藏族自治州,临潭县,,苏家庄子清真寺所奉教礼。过去曾有更迭，现属北庄拱北，与城关清真上寺有渊源及隶从关系。在临潭县城关镇东约5华里路的一个山沟里，居住着一些回族人家，其中以苏姓占多数，故村名取为苏家庄子。该村的东面与卓尼县部分地区及长川乡的录目、冯旗等地片相连，以农业为主，牧业只养耕畜及少量山绵羊，个别人家也有在县城从事季节性个体商业经营的。,,,,116.898712,38.267941
临潭县沙巴清真寺,年代不详,甘肃省,甘南藏族自治州,临潭县,临潭县,沙巴清真寺，始建年代无从考证，至1914年时，尚有礼拜大殿3间，为两檐水瓦房，普通平房9间，由申藏喜个阿旬担任开学.民国18年寺惨遭烧毁。,,,,103.353620,34.692750
临潭县清真西大寺,年代不详,甘肃省,甘南藏族自治州,临潭县,,清真西大寺，座落在甘肃省临潭县城关镇西郊的西凤山下，是西道堂所建。,,,,114.604858,36.126270
临潭县清真老南寺,年代不详,甘肃省,甘南藏族自治州,临潭县,甘肃省临潭县城关镇,清真老南寺又名尕南寺，坐落在城关教场口。在清真上寺、下寺之南，故名。进行哲赫忍耶的学说。本世纪30年代张家川来旧城经商落户的人越来越多。为了便于宗教活动。由教民鲜海山、马存德等筹资建起了华美壮观、建筑面积1O0多平方米的清真寺礼拜大殿，大殿为古典式。飞檐翘角，砖雕木刻，悬梁吊柱，造型美观，庄严肃穆。,,,,103.359474,34.682732
临潭县普藏什清真寺,年代不详,甘肃省,甘南藏族自治州,临潭县,甘肃省临潭县术布乡普藏什村,普藏什建清真寺是在1690年(清康熙二十九年)初建以后，重建于1983年。坐落于甘肃省临潭县，占地0.7亩，大殿3间，砖木结构，设计比较独特，外形新颖雅洁。最早开学的阿訇已不知其名，一般人们知道的有卓洛的连个阿旬，拉直的乙儿古拜阿訇，顺顺阿訇等。,,,,103.286407,34.653980
临潭县新城南门河清真寺,年代不详,甘肃省,甘南藏族自治州,临潭县,临潭县新城,南门河清真寺，坐落在临潭县新城(古洮州府所在地)南门河村的中心，背倚古城墙，面临南门河，占地面积约有3亩。据相关资料显示，新城是一个拥有一万多人口的小镇，占有较为重要的地理位置，其中南门河200多户人中，回族占90%，总人口达1100百多人。,,,,103.353620,34.692750
临潭县敏家嘴清真寺,年代不详,甘肃省,甘南藏族自治州,临潭县,甘肃省临潭县长川乡敏家嘴村,"敏家嘴清真寺位于临潭县长川乡敏家嘴村内，距县城东南5公里，因初来此地定居的是敏性回民，故村被命名为敏家嘴，寺名也由此而来。敏家嘴寺又称为""口虬""清真寺(""口机""原系藏语村名，意为""凸城"")其村频临纸合公路，北上而至长)11各村，南下直达挑河沿岸，村庄所处地势平坦，居住集中，是一个纯回族村庄，据相关资料显示，全村共有人口100多户、600多人。30年代，随着依黑瓦尼教礼在我国西北地区的广泛传播，敏家嘴村的大部分群众都遵奉了依黑瓦尼的教旨。本村著名的黎国良阿訇对培养伊斯兰教宗教人材非常重视，他严谨的治学和家训使其长于黎文德也成为一位学识渊博的大尔林。黎文德阿訇担任开学达数十年之久。造就了一大批有才干、有能力的宗教人材。",,,,103.782997,34.602272
临潭县敏家清真寺,年代不详,甘肃省,甘南藏族自治州,临潭县,甘肃省临潭县三岔乡敏家村,敏家清真寺，坐落在临潭县三岔乡敏家村的中心，背倚青山，面临小溪。传说敏家村的敏姓人是明朝年间从扁都哈尕滩迁移而来的。该寺尊奉格迪国教礼。,,,,103.782997,34.602272
临潭县马牌清真寺,年代不详,甘肃省,甘南藏族自治州,临潭县,甘肃省临潭县长川乡马牌村,马牌清真寺位于甘肃省临潭县长川乡马牌村，在距长川乡约9公里的马牌村所在的半山坡上，全村有回民62户，286人。据说，马牌村的张姓、了姓是很早以前从长川来此看守水磨的。后来在此落户居住，就形成现在的马牌村。近年来开学时间较长的阿訇是本村人王学清。教有满拉4人，该寺尊奉伊黑瓦尼。,,,,103.462090,34.708790
临潭县太平寨清真西寺,年代不详,甘肃省,甘南藏族自治州,临潭县,甘肃省临潭县,临潭县太平寨清真西寺位于甘肃省临潭县羊永乡大平村。太平寨西距临潭县城(旧城)15公里，东、北与卓尼县的申藏乡接壤，南距羊永乡政府5公里之遥，群山环抱，村庄坐落于盆谷之中，梯田层层，从平)11到山顶皆可耕耘。民风淳朴，勤劳本份，汉、回、藏三个民族中，回民占将近一半。,,,,103.353620,34.692750
临潭县清真上寺,年代不详,甘肃省,甘南藏族自治州,临潭县,甘肃省甘南州临潭县城关镇城内村,临潭县清真上寺距21世纪初已有600年历史。历经沧桑，屡遭兵死，曾几度拆毁、几度修复。据相关资料显示，清真寺有600多户，4000余人。以历史悠久而闻名于省内外。经考清真寺创建于1380年，据有关记载证实，临潭回民，祖籍为南京竹丝巷人。是明洪武年间，随沐英西征的回族，兵车后来留挑屯边，在临潭繁衍至今，为适应回族宗教生活需要，就在当时修建了清真礼拜寺。考之于《明史》，旧挑礼拜寺的修建，是由西平侯沐英建议，蒙明王朝准建的。建筑规模宏大，取长安化觉寺式样，占地面积15亩。明王朝为勉励远征屯田将士，尝赐匾额，增其荣誉。,,,国家AA级旅游景区,103.354858,34.688942
临潭县清真华大寺,年代不详,甘肃省,甘南藏族自治州,临潭县,甘肃省临潭县城关镇城内,临潭县清真华大寺是甘南州最古老而著名的一座寺，座落在临漳县城关镇(旧城)城中央，起源系最早传入中国的伊斯兰教老格迪目，后尊崇花寺拱北。,,,,103.359474,34.682732
临潭县哈强滩清真寺,年代不详,甘肃省,甘南藏族自治州,临潭县,甘肃省临潭县扁都乡哈两滩村,临潭县哈强滩清真寺座落在扁都乡所在地东北面2公里处，全村有129户，其中回族29户，130人。开学阿旬是临潭敏家嘴人，有满拉1人，尊奉伊黑瓦尼教礼。据说在很早的时候，南京敏姓兄弟3人来到挑州，其中一人定居在哈尕滩，这也就是此处敏姓住户的由来。,,,,103.641304,34.656750
临潭县太平清真上寺,年代不详,甘肃省,甘南藏族自治州,临潭县,甘肃省临潭县羊永乡太平村,临潭(古称挑州)有回民居住，最早究在何时尚难确论，近代研究宗教史者，一般认为1380年(明朝洪武十三年)，回族将领沐英率军洱平了当时发生在挑州的纳群七站地的十八番王反叛，战事结束后，沐英军电田戍边实行自养，他的部队中有许多回民，携家定居在挑州，成了古挑州最早的回族居民。由于宗教信仰，生活习俗等原因，回民比较喜欢聚居，那时在临潭西部的汪家嘴、太平寨、长川、卓洛、县城等地，都有大量的回族从事边疆的开发和建设，在经历了一个相当久远的历史时期以后，才逐渐稳定下来并形成了他们后来的群体性格局。,,,,103.492332,34.690434
临潭县拉直清真寺,年代不详,甘肃省,甘南藏族自治州,临潭县,甘肃省临潭县古战乡拉直村,拉直清真寺在临漳具古战多拉直村内;拉直村地处于打直山顶，地势明显高于其它各山村。意为插箭敬神的地方。该寺于1986年聘马世英任开学阿訇，。他是县伊协常委，现任城关老南寺的开学阿訇，曾任拉直寺的开学阿訇3年有余、现全寺以北庄为主，兼有华寺、西道堂、依黑瓦尼，他们共同在一个寺内进行宗教活动，无争议，无矛盾，相安无事，团结和睦。,,,,103.271103,34.683372
临潭县红山清真寺,年代不详,甘肃省,甘南藏族自治州,临潭县,甘肃省临潭县流顺乡红山村,红山清真寺，坐落在临潭县流顺乡红山村所在地的半山坡上。地形极为险要，相传在明朝洪武年间(1368——1398年)，沐英镇边军中有冶姓人、先来时在新城丁家庄落脚，后来发现了这个草木盛茂的地方，就在此落户居住。经过几百年的发展，现在的红山村只存有红色土质的山地，而当年茂密的树林已荡然无存。村名、寺名即由此而来。,,,,103.545769,34.693710
临潭县甘尼清真寺,年代不详,甘肃省,甘南藏族自治州,临潭县,甘肃省临潭县古战乡甘尼村,甘尼清真寺，位于甘肃省临潭县古战乡甘尼村。全寺占地约0.4亩，礼拜大殿、学堂为砖木结构。,,,,103.326485,34.670940
临潭县尕路田清真寺,年代不详,甘肃省,甘南藏族自治州,临潭县,,尕路田清真寺在临潭县古战乡尕路四自然村内.位于多政府西面两公里处。全村42户，200多人，其中回族21户，102人;尕路田村西端是包家寺村，东与古战村相望。最早迁住在这里的是肖姓回族和李姓汉族;1930年前后几户西道堂了姓回族亦住在尕路田。他们分别在这里购置良田，沿山放牧，以农业生产为主，世代相袭。现全村回族中有西道堂的信教群众15户，华寺、北庄的共6户。同在一个寺内，由本村人丁全德任开学阿訇，肖万魁、了六四两人负责寺务和修建工作。,,,,124.474808,47.801472
临潭县范家嘴清真寺,年代不详,甘肃省,甘南藏族自治州,临潭县,,范家嘴清真寺位于县城南约一公里的范家华村，据相关资料显示，拥有1000多人口，其中回族聚居在阴坡。范家嘴寺是临潭较早的清真寺之一。相传是明洪武年间修建的，当时规模较大。邻近的路人、麻尼、艾布族、拉尔尕等村的回族都在此举行聚礼。由此可知，该寺在当时是一个回族活动较集中的场所。,,,,103.353620,34.692750
临潭县丁家庄清真寺,年代不详,甘肃省,甘南藏族自治州,临潭县,甘肃省临潭县新城乡丁家庄,丁家庄清真寺坐落在新城丁家庄村，相距新城约有3公里。明朝洪武年间(1368—一1398年)随沐英征西而来的丁姓军车、在当时的军中有官衔。被派到此地种植养畜，后定居此地，取地名为了家庄，并创建了了家庄清真寺。现在寺有教民20余户，回族。,,,,103.569374,34.685421
临潭县八木泉清真寺,年代不详,甘肃省,甘南藏族自治州,临潭县,甘肃省临潭县古战乡八木泉村,八木泉清真寺在临潭县古战乡上八木泉村。27户人家全系回民，属伊斯兰教虎夫耶北庄拱北，解放前与旧城清真上寺有隶属关系。现由一名本村满拉开学，无经堂教育。,,,,103.299881,34.696842
潭县卓洛清真上寺,,甘肃省,甘南藏族自治州,临潭县,,,,,,103.369019,34.707512
临潭县清真南大寺,,甘肃省,甘南藏族自治州,临潭县,,,,,,103.369019,34.707512
碌曲县西仓清真寺,年代不详,甘肃省,甘南藏族自治州,碌曲县,甘肃省碌曲县西仓乡,"西仓清真寺位于甘肃省碌曲县西仓乡，始建于1878年，""文革""时期惨遭损毁，于1981年得以重修。清真寺有砖木结构大殿3间，宣礼塔3层。",,,,102.571404,34.565174
碌曲县郎木寺清真寺,年代不详,甘肃省,甘南藏族自治州,碌曲县,甘肃省碌曲县邮木寺乡加科村,"郎木寺清真寺原称河北清真寺，位于甘肃省碌曲县邮木寺乡加科村。始建于清末，后毁于""文革""。于1980年得以重修。新建清真寺占地面积2亩，大殿为悬山式，建筑面积130平方米。",,,,102.638107,34.089432
夏河县达麦店清真寺,年代不详,甘肃省,甘南藏族自治州,夏河县,甘肃省夏河县达麦乡,夏河县达麦乡坐落于甘肃省夏河县达麦乡，该寺初建于1940年。现在，清真寺占地2亩余、主体建筑礼拜大殿为大五架三间，建筑面积130平方米。,,,,102.666397,35.199551
夏河县完尕滩清真寺,年代不详,甘肃省,甘南藏族自治州,夏河县,,完尕滩乡现改名为王格尔塘乡，系藏语名称。地处大夏河畔，是临夏回族自治州和甘南藏族自治州之间的交通要冲，为一温湿性河谷地带，很早就有回族商人来此经商。主要是经营饮食、杂货和运输，兼种粮食。1945年创建清真寺。1987年重修。大殿为卷棚与敬山顶勾连搭结构，仿木钢混制作，卷棚3间，正殿5间，为俗称三转五之典型式样。起脊高平，鸥尾耸起、大殿面积400平方米。殿左后为宣礼塔，钢混制作，四层，六角攒尖顶，塔下辟为寺门。,,,,116.928703,32.328327
夏河县清水清真寺,年代不详,甘肃省,甘南藏族自治州,夏河县,,寺在大夏河畔，兰郎公路(213国道)穿过村中。一条小河从深谷流出，注人大夏河中。水色清冽，四季常绿，故称为清水。内地运往藏区的蔬菜，途经此地，洒水菜上，即十天半月，不变色，不腐烂。村有回族1O户，160人。1924年创建清真寺，1985年重修扩建，占地约1亩，礼拜殿3，硬山顶。面积50平方米。南侧有一座二层白色宣礼塔，四方形，轿子顶。下辟为寺门。,,,,102.896683,35.374882
夏河县洒索麻清真寺,年代不详,甘肃省,甘南藏族自治州,夏河县,甘肃省夏河县王格尔塘乡洒索玛村,洒索麻村地处临夏市与以佛教寺院著名的拉卜楞镇的公路之间，大夏河流经村东，隔河为佛教寺院德尔隆寺、清真寺约创建于1904年，1982年重建。占地约1亩，礼拜殿3间，硬山顶，面积42平方米.宣礼塔两层，在股右，为四方形，轿子顶。塔下开为寺门。另有讲经堂、水房、宿舍共9间，形成了规整的四合小院。教民38户，150人。皆为回族，以务农为主。尊奉虎夫耶华寺拱北教礼。有阿旬一人，满拉一人。寺前山松林，后山草坡，山下麦黄豆绿，环境幽雅，民风淳厚。寺有卧盖夫地及亩。,,,,102.803879,35.216461
夏河县木竹沟清真寺,年代不详,甘肃省,甘南藏族自治州,夏河县,甘肃省夏河县曲奥乡木竹沟村,木竹沟清真寺位于甘肃省夏河县曲奥乡木竹沟村。创建于创建于1936年。现任教长铁尤努斯。教民大多尊奉华寺教礼。此寺虽小，而建在幽谷，后依古木崇阜、前出清泉细流。正是性爱山水，淡泊名利者净行息心的胜地。,,,,102.896683,35.374882
夏河县美武清真寺,年代不详,甘肃省,甘南藏族自治州,夏河县,甘肃省夏河县佐盖曼玛乡加科村,美武原为甘南至临夏交通线上的一个小站，很早以前就有回族商贩来此经商。1928年始建小清真寺一座，1939年，1946年由马全哥等主持修自扩建，礼拜殿及其他用房都较简朴，不过土木结构平房而已，但教民多虔心教门，不废跪拜。,,,,102.679237,34.933281
夏河县拉卜楞清真寺,年代不详,甘肃省,甘南藏族自治州,夏河县,甘肃省夏河县拉卜楞镇上嗒哇街,"拉卜楞清真寺高大宏伟，对称协调，既吸收了中国庙堂的传统建筑特点，又融汇了阿拉伯文化艺术色彩。拉卜楞清真寺尊奉花寺、毕家场、临洮、灵明堂拱北及大拱北教礼，也有少量属伊黑瓦尼。在历任教长的正确指导下，各高目均奉行""各尊其教，各干各得""的原则，互相尊重、团结和睦，从来没发生过大的纠纷。",,,,102.520363,35.196522
甘南合作粮站山清真寺,年代不详,甘肃省,甘南藏族自治州,夏河县,甘肃省甘南州合作镇西山坡,甘南合作粮站山清真寺位于甘肃省甘南州合作镇西山坡。占地1.6亩，粮站山清真寺有教民约500户，2500人。,,,,103.624908,34.958431
夏河县博拉清真寺,年代不详,甘肃省,甘南藏族自治州,夏河县,甘肃省夏河县博拉岁加科村,"博拉清真寺距甘南藏族自治州首府合作镇约40华里，213国道经过寺旁。地处藏区，海拔3000米，水丰草茂，农牧俱宜。回族商贩到此经营商业，兼营农牧业，至今已有一百多年的历史。清真寺创建于1853年.创建人名叫麦知。寺在""文革""期间一度被迫关闭，后礼拜大殿又被拆毁。党的民族宗教政策落实后，教民于1983年自愿集资加以重建。现清真寺占地约1亩，有庑殿式三转五礼拜大殿一座，讲经堂、宿舍共5间，并建有三层宣礼塔、寺有教民264人，均系回族。",,,,102.679237,34.933281
卓尼县下甘藏清真寺,年代不详,甘肃省,甘南藏族自治州,卓尼县,甘肃省卓尼县,下甘藏清真寺坐落于甘肃省卓尼县申藏乡下甘藏村，全寺占地面积1.5亩，大殿建筑面积120平方米。除阿訇外，寺有读经满拉3人。每至尔德节、古邦节，都去临潭县城清真南寺聚礼。,,,,103.507100,34.589220
泾源县北供家清真寺,年代不详,甘肃省,固原市,泾源县,,"北供家清真寺位于泾源县园子乡北伍家村，建于清同治十三年(1874年)，为宫殿式建筑，是泾源县内最早的一座清真寺。清同治十年(1871年)，陕甘回民起义失败后，安插于泾源(化平川)的陕甘回民起义领袖之一--陈霖，向化平川直隶厅通判申请修建清真寺，清廷批文""据禀回民陈霖等要求转禀请立清真寺，宣经圣谕，尚是向善之意，自可准行。",,,,117.051071,38.333652
西关清真寺,明朝洪武或永乐年间,甘肃省,兰州市,城关区,甘肃省兰州市城关区,"西关清真寺是甘肃省兰州市的清真古寺之一，西关清真寺始建于明朝洪武或永乐年间，俗有""客寺""之称。现存的西关清真寺是1990年重修后的建筑，占地面积4800多平方米，建筑面积3000多平方米。",,,,103.825380,36.057090
兰州陕西清真寺,1941年,甘肃省,兰州市,城关区,甘肃省兰州市城关区北园街52号,陕西清真大寺，原名宝家寺，于1941年由陕西籍宝子明哈吉创建，原址在东岗西路，1945年再次扩建，占地面积十一亩多，内设永明小学校，聘请马郁斋阿旬为校长，采取阿、汉文并授的教学方法，培养了一批回族人材，有的穿衣挂幛后，分布在全国各地开学。,,,,103.825380,36.057090
兰州西关清真大寺,年代不详,甘肃省,兰州市,城关区,兰州市临夏路西端,"兰州西关清真大寺是穆斯林客商所建，俗有""客寺""之称。位于兰州市西关街西端(临夏路西端，五条马路汇合处)。始建于明朝洪武或永乐年间，史载重建于1684年(清康熙二十三年)，雍正年间曾有扩建，民国初年又扩建临街铺面和院内沐浴室等附属设施。大寺占地面积4800多平方米(约7.5亩)。",是,,,103.811218,36.059990
兰州市窑街镇上街清真寺,年代不详,甘肃省,兰州市,红古区,甘肃省兰州市红古区客街镇,"窑街镇上街清真寺又名窑街清真寺。窑街镇原有中型清真寺一座，由当地教众集资创建于1932年(民国21年)。原寺为中式砖木土石结构，大殿为一拱两厦三开间，建筑面积约为70平方米，该寺为新老教联合共用寺，于""文革""中的1968年底被""造反派""拆毁。",,,,102.875343,36.430092
兰州市红古区下窑清真寺,年代不详,甘肃省,兰州市,红古区,甘肃省兰州市红古区窑街镇,下窑村因位于煤陶古镇窑街以南两公里处的大通河下游东岸而得名。1928年(民国17年)前后，一批东乡族穆斯林因做买卖，打短工和其它营生而结伴从甘肃省东乡族自治县迁来这里落户，随后又有一些外地回族，陆续来此安家，使这里逐渐形成相当规模的穆斯林群体。建寺初期，曾聘请一位具有一定宗教学识，获得穿衣资格的回族退休职工马俊英阿訇为首任教长。后因马阿旬亡故，寺管会先后聘任过五任教长，开学期限有长有短。该寺礼拜大殿为四坡三开中式建筑，全寺占地面积0.6亩，大殿建筑面积70平方米，全寺建筑总面积200平方米。据相关资料显示，清真寺有教民65户，共200人。有阿訇1人，满拉12人，学董2人。藏《古兰经》阿文、波斯文各一部。,,,,102.875343,36.430092
兰州市红古区洞子村清真寺,1986年,甘肃省,兰州市,红古区,甘肃省兰州市红古区洞子村,洞子村清真寺坐落于甘肃省兰州市红古区洞子村，始建于1986年，占地约0.2亩，是砖木水泥结构、设计简单而实用的小型清真寺。,,,,103.071129,36.223221
永登县西关大寺,年代不详,甘肃省,兰州市,永登县,甘肃省永登县团结街,"永登县西关大寺又名平番寺，位于甘肃省永登县团结街。该寺始建于1929年。礼拜大殿为砖木结构，大殿长17.8米，宽13米，面积231平方米，全寺建筑面积628平方米，能容纳600人礼拜。宣礼楼初建时为木结构古典式建筑，""文革""期间被毁。1983年，党和政府落实民族宗教故策，将清真寺所属财产卧盖夫45间房屋，归还给信教群众，寺现有铺面7间，房屋30间，共计37间，其中11间作为民族旅社，租赁给群众搞以副养寺，其中砖混结构24间，其余为土木结构。",,,,103.264557,36.722000
兰州市桃树坪清真寺,年代不详,甘肃省,兰州市,,甘肃省兰州市桃树坪,桃树坪清真寺位于甘肃省兰州市桃树坪。该寺始建于1956年，现在全寺占地面积约1亩，大殿建筑面积60平方米，全寺建筑总面积1000平方米，教民42户，160人，均属回族，进行哲赫忍耶教礼。,,,,103.932220,36.036209
兰州水上清真寺,年代不详,甘肃省,兰州市,,甘肃省兰州市金城关路,水上清真寺是兰州的清真古寺之一，建筑面积约488平方米，始建于民国三年，兰州水上清真寺位于黄河北岸，北临白塔山公园，从新的黄河大桥遥看清真寺，宛如玉立黄河之中，别具风格。建筑式样造型新颖，为阿拉伯式圆顶建筑。,,,,103.718780,36.103960
兰州桥门街清真寺,1722年,甘肃省,兰州市,,,"桥门街清真寺坐落在甘肃省兰州市中山桥以南的回族聚居区桥门巷内，是中国伊斯兰教清真寺。据传，早在明代桥门巷(街)即有一座简陋的清真寺。该寺曾被列为""省级文物保护单位""。",,,,99.767914,26.097162
兰州南滩清真寺,年代不详,甘肃省,兰州市,,甘肃省兰州市,南滩清真寺位于兰州市回民聚居区的互助巷。80年代初，南滩清真寺牟、马、海、南四户教胞，虔诚进献，慷慨解囊，众穆斯林无私赞助支援。,,,,103.718780,36.103960
兰州南关清真大寺,1368年-1398年,甘肃省,兰州市,,兰州市繁华市区南关什字南侧的酒泉路中段西侧,兰州南关清真大寺，位于兰州市繁华市区南关什字南侧的酒泉路中段西侧，原南城门与拱兰门(南稍门)之间，故又称拱南门清真大寺或南稍门大寺。,,,,103.825333,36.055538
兰州旅兰清真寺,年代不详,甘肃省,兰州市,,甘肃省兰州市靖远路庙巷子,"兰州旅兰清真寺位于甘肃省兰州市黄河北靖远路龙王巷和庙巷子之间。该寺始建于1935年，按所处位置又取名""庙巷子清真寺""。现有坊民几百余户，分散于兰州市内。",,,,103.829597,36.070141
兰州莲花池清真寺,年代不详,甘肃省,兰州市,,甘肃省兰州市西湖西街43号,兰州莲花池清真寺，又称小西湖清真寺，始建于1948年，1958年被拆，1984年重建。新建的莲花池清真寺为中阿合壁式，绿色瓷砖镶嵌的殿顶、塔尖，相互映辉，显得既精巧又凝重。全寺占地2.5亩，大殿建筑面积200平方米。,,,,103.718780,36.103960
东乡县三社清真寺,年代不详,甘肃省,临夏回族自治州,东乡族自治县,甘肃省东乡县江集乡三社村,三社清真寺，又名卧沟寺，位于甘肃省东乡县江集乡三社村。本坊教民200多户，1000多人，为东乡族。,,,,103.268738,35.652767
东乡县柳树湾清真寺,年代不详,甘肃省,临夏回族自治州,东乡族自治县,甘肃省东乡县柳树乡柳树村,柳树湾清真寺位于甘肃省东乡县柳树乡柳树村，始建年代不详。本坊有教民39户，210人，属伊黑瓦尼。,,,,103.309517,35.671951
东乡县马巷寺,年代不详,甘肃省,临夏回族自治州,东乡族自治县,甘肃省东乡县唐汪乡马巷村,"该寺又名马巷白庄寺，始建于1919年。1928年河州事变中被焚，1948年重建。1958年破""四旧""中再次被毁。",,,,103.566338,35.799244
东乡县汪家清真大寺,年代不详,甘肃省,临夏回族自治州,东乡族自治县,甘肃省东乡县唐汪乡,东乡县汪家清真大寺位于甘肃省东乡县唐汪乡，是一处清真寺，始建于明代中期。,,,,103.542046,35.793510
广河县水家清真寺,年代不详,甘肃省,临夏回族自治州,广河县,甘肃省广河县三甲集镇冰家村,水家清真寺位于甘肃省广河县三甲集镇冰家村，创建于1902年。大殿宏伟壮观，为重檐欢山式。大殿建筑面积近1000平方米，占地3亩。,,,,103.747398,35.567692
广河县三甲集中心清真寺,年代不详,甘肃省,临夏回族自治州,广河县,甘肃省广河县三甲集镇,三甲集中心清真寺位于甘肃省广河县，该寺创建于明代，多年来经历数次重建。现清真寺寺占地约7亩，其中大殿共两层，下层为库房和简易经学。,,,,103.747398,35.567692
广河县三甲集清真西大寺,年代不详,甘肃省,临夏回族自治州,广河县,甘肃省广河县三甲集镇,三甲集在兰州市西南面，挑河西，在临夏市东面，和两市相距均约75公里.甘川公路交通大动脉兰郎公路(213国道)穿过集镇.该镇集市贸易异常发达，三天一集，万商云集，十里长街，货积如山。其中木材、羊毛、茶叶三大市场闻名全国。,,,,103.747398,35.567692
广河县南街清真大寺,年代不详,甘肃省,临夏回族自治州,广河县,甘肃省广河县城关镇,南街清真大寺在公路南侧，寺门和直街寺隔路相向。寺占地约4亩，有教民110户，多属回族，另有东乡族。尊奉伊黑瓦尼教礼.大殿7间，九脊歇山顶，灰色机瓦。殿前另建平顶雨棚。,,,,103.580231,35.481152
广河县买家春清真下寺,年代不详,甘肃省,临夏回族自治州,广河县,甘肃省广河县买家巷乡,买家巷清真下寺建筑总面积为1783平方米，大殿建筑面积为440平方米，礼拜大殿的建筑形式为三转五的虎殿式。,,,,103.493210,35.465408
广河县三甲集清真西关寺,年代不详,甘肃省,临夏回族自治州,广河县,甘肃省广河县三甲集镇,广河县三甲集清真西关寺占地2亩，建筑形式为一典型四合院.西头5间大殿，硬山顶，机瓦覆盖，前出檐，水泥台基，踏步六级。东头砖瓦房6间，中间寺门，上为宣礼塔。北面平顶二层楼一栋、前出檐，上下各5间，朴素整洁。,,,,103.747398,35.567692
和政县台子街清真西大寺,年代不详,甘肃省,临夏回族自治州,和政县,甘肃省和政县城关镇麻藏村,亦称西道堂寺。清光绪十六年(1890年)甘肃临漳学者马启西创建西道堂教礼，以《古兰经》为依据，宣扬伊斯兰教，名闻遐迩。,,,,103.288071,35.396091
和政县台子街清真东寺,年代不详,甘肃省,临夏回族自治州,和政县,,"台子街清真东寺坐落在台子街村东台，坐北面南，前临和铁公路，总面积3亩。据历史记载，和政县地处古""丝绸之路""的""羌氏古道""，唐代就有阿拉伯、波斯商人及使臣往来于西安，这里是必经之地，据传曾有穆斯林留居过这里。",,,,117.733850,34.562610
积石山县阳山潭家清真寺,年代不详,甘肃省,临夏回族自治州,积石山保安族东乡族撒拉族自治县,,阳山谭家清真寺位于甘肃省积石山县关家川乡何家村谭家。从2010年10月至2011年4月，全村所有穆斯林男性共约120多人均在此学习古兰经，由于真主帮助和教学阿訇以及所有学员的努力，谭家清真寺第一期学习班非常顺利的结束了，下一个冬天我们会继续开设学习班，阿訇和所有学员的共同心愿是能够正确的用阿拉伯语朗读真主启示给我们的经典，并且我们都相信这个愿望能够实现。,,,,102.875810,35.717680
积石山县仙家清真寺,年代不详,甘肃省,临夏回族自治州,积石山保安族东乡族撒拉族自治县,甘肃省积石山县徐扈家乡仙家坪村,仙家清真寺又名仙家坪清真寺，因其建在仙家坪村而得名，位于甘肃省积石山县徐扈家乡仙家坪村。该寺始建于清乾隆年间(1736~1796年)，具体年代不详，后遭遇两次重大破坏，于1980年7月二次重建。新建清真寺占地面积5亩，建筑总面积达2700多平方米。,,,,102.940125,35.666992
积石山县松树湾清真寺,年代不详,甘肃省,临夏回族自治州,积石山保安族东乡族撒拉族自治县,甘肃省积石山县郭干多松树湾村,松树湾清真寺又名又名火口清真寺，位于甘肃省积石山县郭干多松树湾村，创建于1939年。,,,,103.074287,35.873463
积石山县乔于清真寺,年代不详,甘肃省,临夏回族自治州,积石山保安族东乡族撒拉族自治县,,乔于清真寺位于甘肃省积石山县徐扈家乡乔干村，始建于清光绪十二平(1886年)，后经历两次重大破坏，于1980年重建。重建后的清真寺占地5亩，其中大殿建筑面积为400多平方米。,,,,99.767914,26.097162
积石山县毛家清真寺,年代不详,甘肃省,临夏回族自治州,积石山保安族东乡族撒拉族自治县,,毛家清真寺又名毛家坪清真寺，位于毛家清村。始建于清朝，后被毁，1932年重建。现有清真寺为1980年修建。,,,,102.990211,35.634071
积石山县郭干清真西寺,年代不详,甘肃省,临夏回族自治州,积石山保安族东乡族撒拉族自治县,,积石山县潘家清真西寺地址:甘肃省积石山县关家川乡,,,,100.067924,26.024363
积石山县尕周家清真寺,年代不详,甘肃省,临夏回族自治州,积石山保安族东乡族撒拉族自治县,甘肃省临夏回族自治州,尕周家清真寺清真寺位于甘肃省临夏回族自治州的积石山保安族东乡族撒拉族自治县，是当地人民精神世界的圣殿。始建年代不详，于1977年重修。清真寺占地1亩8分，礼拜大殿320平方米。,,,,103.210910,35.601220
积石山县癿藏清真大寺,年代不详,甘肃省,临夏回族自治州,积石山保安族东乡族撒拉族自治县,,从积石山之大力加山南麓下来，顺乌龙沟往东，进入积石山县小关乡境内，(小关，即是明朝洪武年间设置的癿藏关，遗址在小关村一公里的风沟口，是从乌龙沟通往老鸦关的主要通道。),,,,109.752500,18.400050
积石山县虬藏清真大寺,,甘肃省,临夏回族自治州,积石山保安族东乡族撒拉族自治县,,,,,,103.369019,34.707512
康乐县西街清真寺,年代不详,甘肃省,临夏回族自治州,康乐县,甘肃省康乐县附城镇,康乐县西街清真寺位于甘肃省康乐县附城镇，始建于1944年。占地面积2.5亩，建筑面积793平方米，为中国古典宫殿式建筑。,,,,103.703697,35.369122
康乐县高家集清真寺,年代不详,甘肃省,临夏回族自治州,康乐县,甘肃省康乐县虎关乡高家集,高家集清真寺(别名:下寺)位于甘肃省康乐县虎关乡高家，始建于清光绪末年，1982年后扩建。现占地1.5亩，建筑总面积519平方米。,,,,103.756233,35.418686
康乐县大河沿清真寺,年代不详,甘肃省,临夏回族自治州,康乐县,甘肃省康乐县苏集乡大河沿村,大河沿清真寺，亦称苏集清真寺，位于甘肃省康乐县苏集乡大河沿村，始建于940年，中途损毁，于1978年重建。现占地1.2亩，大殿为中国传统式的虎殿造型。,,,,103.584290,35.343761
临夏前河沿清真寺,清代,甘肃省,临夏回族自治州,临夏市,,中国伊斯兰教清真寺。坐落在甘肃省临夏市新西路。其前身为临夏尕南寺，现寺内设有业余经学班。该寺占地面积1740平方米，建筑面积1533平方米。,,,,119.433960,32.131880
临夏市罗家堡小寨清真寺,年代不详,甘肃省,临夏回族自治州,临夏市,甘肃省临夏市枹罕乡罗家堡小寨村,小寨清真寺现有阿訇1人(马忠智:广河县人，从事教长职务15年，在小寨清真寺到目前已任教长快10个年头，德高望重，知识渊博，讲起瓦尔兹他口若悬河，舌灿莲花。从事小寨清真寺期间对该寺者麻提的人员办了多期学习班，把一个个人员从不懂经文到现在能拿起古兰经念的滚瓜烂熟，而且把优秀的满拉培养成了阿訇，马忠智阿訇功不可没，前所未有。这次重建本寺马忠智阿訇为大家起了带头作用，马忠智阿訇在这10年里为小寨清真寺立下了汗马功劳)学董2人，满拉20余人;教民215户，共1000余人;奉行嘎吉忍耶。,,,,103.179131,35.566090
临夏市大西关琐麻清真寺,年代不详,甘肃省,临夏回族自治州,临夏市,,琐麻寺位于大西关清真寺西北，隔巷相对。占地1亩，建有砖混平顶大殿一座，大殿西沿，上建小型圆拱，新月高耸。大殿对面建有砖混平顶二层楼一栋，前出檐，楼上供教长、满拉讲经居住。楼下为净水堂及库房。大殿对面西南角为寺门，门西向临大街。门为重檐牌坊式结构，油漆彩绘，门内有砖雕影壁，图案为花卉博古，刻接精细。寺有教民12户，尊奉哲赫忍耶教礼。寺亦招收各地满拉读经习礼。宁夏西吉等地满拉多有进此寺者，如运拉马树兴，刻苦攻读，守礼唯谨，学业逐日精进，可望大成。寺有临大西关街卧盖夫铺面20间，位于专门南北两侧，租给商人经营，多数生意兴隆，盈利颇丰、所有租金全部交寺使用。,,,,114.877197,33.952091
临夏老王清真寺,明洪武元年(1368),甘肃省,临夏回族自治州,临夏市,,清真老王寺坐落在甘肃省临夏市王寺街。据传始建于明洪武元年(1368)，清乾隆年间曾扩建，1928年被国民军焚毁，1933年由寺坊穆斯林捐资重建。礼拜大殿为中国传统宫殿式，邦克楼为木质四层塔式楼，飞檐六出，建造精美，为当时建筑精粹，曾是格迪目派的经堂教育中心。1968年被拆除。1980年由寺坊穆斯林捐资再建，1984年10月竣工。现寺仍保持原寺中国传统建筑之风格，大殿为中国宫殿式，分前殿、正殿和后殿，3殿有机地联为一体，飞檐翘角，挺立高耸。殿顶呈歇山形，殿内雕梁画栋，有水泥仿砖雕刻，左为《原教篇》，右为《赞圣篇》，选自清代伊斯兰学者刘智《天方典礼》。邦克楼为五层六角木质塔式楼，彩饰华丽，为甘肃清真寺中最为高大雄伟的邦克楼。另设有水房、讲经堂、办公室、住宅、食堂等设施。,,,,103.359474,34.682732
广河县清真老华寺,明洪武年间,甘肃省,临夏回族自治州,临夏市,甘肃省临夏市华寺街,"清真老华寺亦称大华寺、华寺等，位于甘肃省临夏市华寺街。据传始建于明洪武年间，清乾隆四十年(1775)扩建。采用了传统殿宇式建筑风格，建造精巧，装饰华丽。为甘肃省规模较大、历史久远的清真寺之一。清真老华寺是伊斯兰文化与中华文化珠联璧合的典型代表，著名的伊斯兰教学者马来迟等众多老阿訇都在这里任过教长，在弘扬教义、培育英才、循善戒恶、传承和平等方面功绩卓著，声名远播教内外。2006年，清真老华寺被甘肃省伊协评为""五好清真寺""，被临夏市民族创建办评为""五星级清真寺""。",,,,103.204903,35.592400
临夏老华清真寺,明洪武年间,甘肃省,临夏回族自治州,临夏市,甘肃省临夏市华寺街,"清乾隆四十年(1775)，当地一位穆斯林将自家花园捐献出来，并出资扩建，名""花寺""，后更名为""华寺""，寓意为中华大地之清真寺。清真老华寺是伊斯兰文化与中华文化珠联璧合的典型代表，著名的伊斯兰教学者马来迟等众多老阿訇都在这里任过教长，在弘扬教义、培育英才、循善戒恶、传承和平等方面功绩卓著，声名远播教内外。现况:属于旅游胜地景区。",,,,103.204903,35.592400
临夏市祁牟家清真寺,年代不详,甘肃省,临夏回族自治州,临夏市,甘肃省临夏市折桥乡祁牟家村,祁牟家清真寺位于甘肃省临夏市折桥乡祁牟家村，又名龙眼泉清真寺。目前该寺有阿訇1人，满拉5人，学董5人。本坊教民共50户，300余人，分属东乡族和回族。本坊哈吉有马英才夫妇。,,,,103.237663,35.618092
临夏市南龙南关清真寺,年代不详,甘肃省,临夏回族自治州,临夏市,甘肃省临夏市南龙乡妥家村,南龙南关清真寺始建于1920年，长年累月中经历多次重建，坐落于甘肃省临夏市南龙乡妥家村。全寺建筑总面积300平方米。属乡村小寺。,,,,103.257858,35.608971
临夏南关清真寺,年代不详,甘肃省,临夏回族自治州,临夏市,,南关清真寺位于甘肃省临夏市解放路红水河边寺，临夏南关清真寺是中国最著名的清真寺之一，西北地区的伊斯兰教圣地之一。,,,,104.043541,34.433811
临夏市上妥家清真寺,年代不详,甘肃省,临夏回族自治州,临夏市,甘肃省临夏市南龙乡上妥家村,临夏市上妥家清真寺位于甘肃省临夏市南龙乡上妥家村，该寺始建于清咸丰年间，1953-1954年重建，现占地面积1.8亩，建筑面积272平方米。,,,,103.232353,35.575871
临夏大西关锁麻清真寺,1912年,甘肃省,临夏回族自治州,临夏市,甘肃省临夏市,临夏市大西关锁麻清真寺在甘肃省临夏市大西关，始建于民国元年(1912年)由第七代传人马元章出资修建，占地1亩，至今在哲赫忍耶教民中较有影响。,,,,103.243170,35.604500
广河县三甲集清真老华寺,明洪武年间,甘肃省,临夏回族自治州,临夏市,甘肃省临夏市华寺街,"老华寺在西关寺之西，相距甚近，不足一里，寺门面临集镇大街。门额题:""清真老华寺""5个大字。寺为一四合小院，大殿为虎殿式建筑，兽吻吞脊，宝瓶高耸.庭院清静幽雅，花木拂窗披阶。",,,,103.204903,35.592400
临夏市街子村后街清真寺,年代不详,甘肃省,临夏回族自治州,临夏市,甘肃省临夏市格罕乡街子村,街子村后街清真寺又名街子老寺，位于甘肃省临夏市格罕乡街子村。,,,,103.139061,35.533272
广河县直街清真寺,明洪武年间,甘肃省,临夏回族自治州,临夏市,甘肃省临夏市华寺街,广河县直街寺在老华寺之东，相距约里许，也在县城繁华地段。1990年新建竣工。占地面积约2.5亩，有教民约300多户，100O余人，尊格迪国红门教礼。寺门面南朝公路，共3间，牌坊重楼式，两则八字墙，全部砖彻、内外均有砖雕，图案为花卉博古，刻工精细，甚见功力。,,,,103.204903,35.592400
临夏市关家台清真寺,年代不详,甘肃省,临夏回族自治州,临夏市,甘肃省临夏市南龙乡关家台村,关家台清真寺始建于1940年。1989年重建。寺内建筑具有阿拉伯建筑特色，礼拜殿墙壁外部都以瓷砖贴面，殿顶为一高大圆拱，殿内装饰精美、宽敞肃穆，另有前厅、后厅、经堂、办公室、建筑总面积790平方米，大殿建筑面积384平方米。,,,,103.222778,35.587803
临夏市罗家堡清真老寺,年代不详,甘肃省,临夏回族自治州,临夏市,,该寺始建于元代。清乾隆年间重修大殿。清道光年间补修唤醒楼。1958年被拆毁，1981年重修。现建筑总面积1150平方米。,,,,108.942551,34.260941
临夏市祁家庄清真考寺,年代不详,甘肃省,临夏回族自治州,临夏市,甘肃省临夏市城关乡祁家庄,该寺始建于清康熙年间。河湟事变中被赵席聘部烧毁、后来重建大殿、唤礼楼。整个寺院由门楼、礼拜大殿、望月楼组成，其建筑形式为中国古典式风格。,,,,103.192520,35.582005
临夏县马集清真老寺,年代不详,甘肃省,临夏回族自治州,临夏市,临夏市,该寺东距临夏市约50华里，南临大夏河，北边有兰郎公路从身边通过，由于交通位置重要，近几年马集街道日渐繁华，铺面接连数里，货物品种齐全。,,,,103.243170,35.604500
临夏市大西关清真寺,年代不详,甘肃省,临夏回族自治州,临夏市,,大西关寺因地得名，创建于清代，具体时间待考证。寺占地2.5亩，呈长方形，寺屡毁屡建，愈显辉煌。现大根于1984年落成，为二层集中式，面积为441平方米。股顶呈方形平面，中央凸起一大圆拱段顶，东北南三出檐三出陛，有连通柱廊，前有水泥搂花护栏。尖拱形门窗。殿内素洁高雅，中央圆拱如中式彻上明造，无天花板遮掩。,,,,114.877197,33.952091
临夏市柏家庄清真寺,年代不详,甘肃省,临夏回族自治州,临夏市,甘肃省临夏市城关乡木场村,柏家庄清真寺位于临夏市西郊，具体始建年代不可考，于1981年进行了简易修复。占地1.1亩，由大殿、水房、阿旬住房等几部分组成。本坊教民90户，450余人。现今该寺有阿訇1人，满拉30人，学董5人，尊奉伊黑瓦尼教礼。本坊教民90户，450余人，都是回族，本坊哈吉有马建伦、王一斯、麻尔来、肖福元。,,,,103.202881,35.580360
临夏县扎木坪清真寺,年代不详,甘肃省,临夏回族自治州,临夏县,,扎木坪清真寺始建于清光绪四年(1878年)，1979年重建，位于甘肃省临夏县，清真寺中最有特色的是1989年新建的唤礼楼(拜克楼)。,,,,112.539600,33.003600
临夏县马集新寺,年代不详,甘肃省,临夏回族自治州,临夏县,,现任学董:马西亮知,,,,112.084328,32.664059
临夏县松树庄清真寺,年代不详,甘肃省,临夏回族自治州,临夏县,甘肃省临夏县北源乡松树庄,松树庄清真寺始建于1945年，坐落于甘肃省临夏县，现占地3.5亩，大殿五间转七间，宣礼塔高三层，宿舍、经学、净水堂共15间，俱为砖混结构，总建筑面积为960平方米。,,,,103.174240,35.603130
临夏县上阴洼清真寺,年代不详,甘肃省,临夏回族自治州,临夏县,甘肃省临夏县韩集乡,"上阴洼清真寺始建于清末，具体年代不详。由3个自然村为礼拜方便，选中间适宜地址而建，初有简易大殿和3间学房，不招满拉。民国后期，宁夏省政府地政局长马继德曾给予经济支持，维持寺用。""文革""被毁。现有教民110户，共450人。均为回族，属华寺、毕家场。本坊哈吉有马福保、马水良、马希圣、马希尧、马希忠、马优努等人、其中马福保为本寺创建人，曾于1934年朝觐，1946年以90高龄病故.马永良毕业于北平成达师范学校，前后3次朝觐，曾就读于著名的埃及文资哈尔大学。",,,,102.993568,35.488953
临夏县莫尼沟前川清真大寺,清同治九年（187年）,甘肃省,临夏回族自治州,临夏县,甘肃省临夏县莫尼沟乡前川村,莫尼沟前川在历史上曾因出了马占鳖、马安良父子及马海晏、马麒、马麟父子而占籍史册。清末及民国，在前川村高官显宦、富商巨贾几占半村，高楼华屋，亭园林泉，一时并建，富贵兴隆之势，无所可比。,,,,102.953278,35.466393
临夏县莫尼沟马家弯清真寺,年代不详,甘肃省,临夏回族自治州,临夏县,甘肃省临夏县莫尼沟乡马家弯村,马家弯清真寺位于由莫尼沟去县城韩家集山路的中途，是一山顶小寺，极为简朴。马家弯清真寺有教民17户，80人，尊奉华寺教礼。,,,,102.948158,35.468761
临夏县双城清真寺,年代不详,甘肃省,临夏回族自治州,临夏县,甘肃省临夏县韩集镇双城村,"临夏县双城清真寺寺占地2亩，四合院，东面大门、宣礼塔，塔高三层，六角攒尖。门楣题字:""尽心唯一""。门联砖雕楷字:""尊五时跪拜之典;重七日朝向之礼""西面为5间大殿，硬山顶，灰板瓦，起脊乎直，宝瓶高耸，上挑新月。北厢7间二层楼，是宿舍、经学、净水堂。教民约140余户，近600人。回民，尊奉华寺教礼。",,,,103.042473,35.482964
临夏县磨牙清真寺,年代不详,甘肃省,临夏回族自治州,临夏县,,临夏县磨牙清真寺坐落于甘肃省临夏县，建于民国15年(1926年)，1982年重建新寺，现大殿建筑面积200平方米，全寺建筑面积800平方米。大殿三间转五，唤醒楼四层，砖木结构。,,,,103.232353,35.575871
临夏县何家清真下寺,年代不详,甘肃省,临夏回族自治州,临夏县,甘肃省临夏县莫尼沟乡何家村,何家下寺是随伊黑瓦尼教礼在临夏的广泛传播而从老教寺分出来的，原寺已毁不存。1980年集资重建礼拜大殿，1982年又集资重建了宣礼塔，之后又增建了宿舍、经学楼等。,,,,103.258408,35.693703
临夏县磨川清真大寺,1880年（光绪六年）,甘肃省,临夏回族自治州,临夏县,,"韩家集位于临夏市西约50华里，现为临夏县政府驻地。两山遥对，河水中流，溉田万倾，西通撒拉八工，南接藏区五头。所以，务农营商俱可得地之利。磨川清真大寺，又名韩家集下寺，创建于明代，最初在韩家集东北不远的阳洼山，这里就是近代史上有名的回族将领马福禄、马福祥的老家，据现存的《重修西乡韩家集三头十方海一礼拜大寺碑记》韩家集周围""初低一寺，建立阳洼山，以木片代陶瓦，称为搭板寺""。",,,,105.643590,36.565240
临夏县涧上老寺,年代不详,甘肃省,临夏回族自治州,临夏县,甘肃省临夏县尹集乡涧上村,该寺建于198O年，亦称麻连滩寺。占地面积1.8亩，建筑总面积480平方米，礼拜大殿为宫殿式建筑，砖木结构，面积180平方米。宣礼楼高电层，顶部呈六角形，雄伟壮观。,,,,103.090813,35.490868
临夏县多木清真大寺,年代不详,甘肃省,临夏回族自治州,临夏县,甘肃省临夏县马集镇多木村,多木村位于临夏县莫尼沟进沟不远处，东至临夏市约55华里。莫尼沟两山对峙，外隘内豁，宜于农耕。多木寺创建于乾隆年间，华寺教祖马来迟曾在此寺掌教。,,,,102.986023,35.443783
临夏县大泉清真寺,年代不详,甘肃省,临夏回族自治州,临夏县,甘肃省临夏县韩集镇大泉村,大泉清真寺，坐落于甘肃省临夏县，寺占地1亩，新建歇山式砖木大殿3间、前接卷棚1间。,,,,102.981422,35.477734
临夏县马集乡白家清真寺,年代不详,甘肃省,临夏回族自治州,临夏县,甘肃省临夏县马集乡白家村,白家清真寺座落在甘肃省临夏县马集乡白家村，寺为一规整4个小院，殿、塔、配房俱全。其遵奉华寺教礼，属多木寺稍麻寺。,,,,102.996895,35.449284
临夏县韩家集清真上夺寺,,甘肃省,临夏回族自治州,临夏县,,,,,,103.369019,34.707512
永靖县小岭清真寺,清光绪末年,甘肃省,临夏回族自治州,永靖县,甘肃省永靖县小岭乡小岭村,小岭清真寺位于甘肃省永靖县小岭乡小岭村，始建于清光绪末年。多年来经历数次损毁重建，于1979年重建。现有清真寺有3间转5间大殿一座，为砖木结构。,,,,102.997330,35.894409
永靖县下岭清真寺,年代不详,甘肃省,临夏回族自治州,永靖县,甘肃省永靖县川城乡下岭村,下岭清真寺位于甘肃省永靖县川城乡下岭村。始建于清光绪年间，原址在崖底下村。多年来经历过损毁重建，最近一次于1978年又集资重修，寺址迁至下岭村。现今清真寺有砖木结构大殿5间，大殿为歇山式建筑。,,,,102.984322,35.978920
永靖县王台清真寺,清光绪中期,甘肃省,临夏回族自治州,永靖县,甘肃省永靖县王台乡王台街,王台清真寺位于甘肃省永清县王台乡王台街。始建于清光绪中期，原来的寺址在王台上湾子村，后来经历过两次重大损毁，于1978年重建。现今现有大殿五间，砖混结构，不减当年之宏丽。,,,,103.030304,35.884472
永靖县王台堡子清真寺,年代不详,甘肃省,临夏回族自治州,永靖县,甘肃省永靖县王台乡堡子村,王台堡子清真寺位于甘肃省永靖县王台乡堡子村，始建于1903年，于1981年集资重修。现今现占地总面积3亩，为中国传统建筑风格。,,,,103.030304,35.884472
永靖县董家山清真寺,1978年,甘肃省,临夏回族自治州,永靖县,甘肃省永靖县红泉乡董家山村,董家山清真寺位于甘肃省永靖县红泉乡董家山村，始建于1978年。其中大殿为中国传统式建筑，寺内收藏有阿拉伯文经典8部。,,,,103.035439,35.912300
兰州和平清真大寺,年代不详,甘肃省,临夏回族自治州,,,位于小西湖大桥北头，占地4亩多。建筑风格属典型的欧式建筑，四座高耸的塔楼围着一个高大的圆顶。塔楼顶部和大圆顶都是钛金做成，在阳光的照射下，烁烁生辉，十分耀眼。大殿外围的68根大柱，高12米、直径90公分，异常壮观。,,,,106.480400,37.291653
临夏木厂清真寺,,甘肃省,临夏回族自治州,,,,,,,103.369019,34.707512
临夏香匠庄清真寺,,甘肃省,临夏回族自治州,,,,,,,103.369019,34.707512
临夏水泉清真寺,,甘肃省,临夏回族自治州,,,,,,,103.369019,34.707512
临夏县代家清真寺,,甘肃省,临夏回族自治州,,,,,,,103.369019,34.707512
临夏折桥郭韩家清真寺,,甘肃省,临夏回族自治州,,,,,,,103.369019,34.707512
临夏枹罕乡韩家寺,,甘肃省,临夏回族自治州,,,,,,,103.369019,34.707512
临夏城角清真寺,,甘肃省,临夏回族自治州,,,,,,,103.369019,34.707512
临夏大祁清真寺,,甘肃省,临夏回族自治州,,,,,,,103.369019,34.707512
徽县东关村东关清真寺,年代不详,甘肃省,陇南市,徽县,甘肃省徽县东关回族聚居的东关村,"东关村清真寺位于甘肃省徽县东关回族聚居的东关村。据寺内现存明朝万历十四年丙戍(1586)所立《重修礼拜寺碑记》载，该寺始建于明成化年间(1465~1487)，因""岁久易湮""，曾于嘉靖(1522~1566)年间修葺。",,,,106.090858,33.771744
平凉清真西寺,,甘肃省,陇南市,徽县,,,,,,103.369019,34.707512
平凉永乐清真寺,年代不详,甘肃省,平凉市,白水镇,甘肃省平凉市白水镇,永乐清真寺位于甘肃省平凉市白水镇。民国元年(1911年)由清末任过统领、民国时任营长的魏长林带领坊民扩建了该寺。,,,,106.995834,35.431522
静宁县清真寺,年代不详,甘肃省,平凉市,静宁县,,静宁县清真寺位于甘肃省静宁县城站院巷内，始建于明嘉靖十四年(1536年)，迄今已有450多年的历史。初建时规模不大，约700平方米，后来随着穆斯林人数的不断增多，自清康熙五十一年(1712年)以来，曾三次翻修扩建。建筑布局依西向东，以礼拜大殿、邦克楼、牌坊为轴线，南北两侧配有厢房。建筑全貌颇为考究，传说是聘请四川名匠仿效当年刘备金殿建造的。现为静宁县重点文物保护建筑物之一，又是全县城穆斯林宗教活动的主要场所。,,,,118.794500,32.038990
平凉秦陇寺,年代不详,甘肃省,平凉市,南台区,甘肃省平凉市南台区,平凉秦陇寺位于甘肃省平凉市南台区，是陇东地区陕西学派著名清真寺之一。该寺于1950年在坊民马占林等人倡议负责下建成，有礼拜大殿14间，沐浴室、南北厢房齐全。,,,,106.525993,35.545601
平凉清真东北寺,年代不详,甘肃省,平凉市,,甘肃省平凉市城区盘旋东路,平凉清真东北寺位于甘肃省平凉市城关盘旋东路。该寺于1920年由刘福贵、马贵德等人倡议主持建成。1958年被毁。1987年在教民郭景文、马德林、马学昌等人领导下开始重建，1989年修成。,,,,106.674770,35.542580
平凉清真东大寺,年代不详,甘肃省,平凉市,,甘肃省平凉市东寺巷,平凉东大寺位于甘肃省平凉城区东大门(312线盘旋路以东约300米)，该寺由马志明哈吉倡导，由坊民杨德义等于1942年创建。,,,,106.674770,35.542580
后街清真寺,年代不详,甘肃省,天水市,秦州区,甘肃天水市秦州区,后街清真寺是甘肃省天水市的清真古寺之一，始建于元至正(1341—1368年)年间，占地面积1730.93平方米，寺庙整体建筑为，殿内古朴典雅，肃穆庄严。,,,,105.724170,34.580880
张家川西桥头清真寺,年代不详,甘肃省,天水市,,甘肃省张家川回族自治县张川镇,西桥头清真寺位于甘肃省张家川回族自治县张川镇，始建于1983年。全寺建筑总面积124平方米。,,,,106.216919,34.994381
临潭县太平寨清真东寺,年代不详,甘肃省,枣庄市,,山东省枣庄市,太平东寺位于羊永乡太平寨村中心，北倚城墙南侧，西与西道堂清真西B接，南邻村街，东面是空旷场地，占地面积为1.1亩。全折麻提有90多户，450多人。东寺在太平村的历史不过百年，曾经几度兴废，修复于1988年。就其太平寨清真寺的历史沿革而言，最早只有一座清真寺，后来由于信教群众先后接受了华寺、北庄、西道堂、伊黑瓦尼等不同教礼，随即产生了上夺、西寺和东寺三座清真寺。,,,,117.461300,35.099630
肃南清真寺,年代不详,甘肃省,张掖市,肃南县,甘肃省肃南县青龙乡隆丰村,肃南清真寺，又名桥头清真寺，因其建在青龙乡隆畅河大桥桥头之旁而得名。它的前身是白庄子清真寺，始建于1944年，旧址在喇嘛乡白庄子村，1958年被毁。时隔30年后的1988年，广大教民集资15000多元，重建肃南清真寺。现寺大殿面积30平方米，全寺总建筑面积约95平方米。重建后的清真寺，临水而居，正对大桥，因地势和周围环境的衬托，颇具气势。成为隆丰村一大景。,,,,99.698685,38.854073
张掖市南关清真寺,1671年,甘肃省,张掖市,,甘肃省张掖市人民南街,南关清真寺位于甘肃省张掖市人民南街。据《甘州府志》卷五营建部份记载，甘州清真寺即回人礼拜祠也，最初于1671年(康熙十年)建于甘州城西门内。乾嘉之际迁至北大街(张掖四中校址)。,,,,100.478010,38.929670
城东清真寺,年代不详,广东省,端州区,,,"肇庆城东清真寺在端州区水师营路。根据寺内所存的""乾隆重修清真寺碑记""记载，该寺""创自唐宋""，但另有一说始建于明代，清康熙、乾隆、道光年间曾多次修葺、扩建。寺内宽阔，今仅存礼拜殿，殿内不设偶像，空无一物，体现出伊斯兰教的特色。据寺碑记载，清真寺数次重修，乃伊斯兰教入粤在肇庆留下的宝贵历史文化遗产，1984年被列为肇庆市文物保护单位。",,,,125.937294,46.047161
广州怀圣寺,626年,广东省,广州市,越秀区,广州越秀区,怀圣寺是广州的清真古寺之一，始建于唐高祖武德年间，怀圣寺总面积1553平方米，整体建筑为典型的阿拉伯建筑风格，寺内设有教长室、藏经室，礼拜大殿和专供洗礼的水房寺内的光塔。,是,,,113.266800,23.129010
广州市小东营清真寺,年代不详,广东省,广州市,,广东省广州市越华路小东营街,"小东营清真寺是广州市的清真古寺之一，始建于广州市小东营地区，修建于明代成化年间，小东营清真寺占地面积0.9亩，建筑总面积为530平方米，大殿建筑面积153平方米。整体建筑形式为中国宫殿式结构。小东营清真寺历史悠久，有着优秀的文化传统，从建寺始一直设有经堂教育，先后成立过""广州回教青年会""和""回教同益会""等民间组织，另外还有殡礼服务处。",,,,113.273240,23.157920
清真先贤古墓礼拜殿,年代不详,广东省,广州市,,广东省广州市越秀区解放北路901号,清真先贤古墓礼拜殿位于先贤古墓的西侧，为五进深、前后两坡歇山顶飞檐式二层建筑，可供3000人同时进行礼拜活动，成为当今广州市最大的伊斯兰教宗教活动场所。,,,,113.260070,23.142230
肇庆城西清真寺,年代不详,广东省,肇庆市,端州区,端州区,城西清真寺，肇庆市文物保护单位。清乾隆年间创寺于忠勇坊，后迁至现址。占地面积1285.2平方米。,,,,112.484610,23.051960
百色清真寺,清康熙年间,广西壮族自治区,百色市,,广西百色市中华街,百色清真寺位于广西百色市中华街，该寺始建于清康熙年间，为云南乡老捐资兴建，是该地区唯一的清真寺。寺另有古碑2块、其一为光绪三十二年(1906年)所立，碑文清晰如初;另一块磨损严重，字迹难辨。前者详细记载了该寺建造、维修的过程以及寺产清单。,,,,106.625908,23.898911
临桂县五通清真寺,年代不详,广西壮族自治区,桂林市,临桂县,,五通清真寺位于桂林市政府驻地，所在五通镇现属临桂区管辖。寺始建于嘉庆年间(1796年一182O年)，1915年重新修耷。西临美丽的洛清江，风景如画。该寺现有教民230多人，尊行老格迪国教礼。均系回族。,,,,114.161308,33.432171
临桂县旧村清真寺,年代不详,广西壮族自治区,桂林市,临桂县,广西临桂县会仙乡旧村,始建于明代初年，为广西历史最悠久的清真寺之一，寺占地约2亩。位于桂林市南，距市区40多华里。教民中以白姓、马姓、傅姓最多，以后陆续外迁，现巳衰落。寺有教民约400人，均系回族。,,,,110.230377,25.079792
临桂县六塘清真寺,清乾隆年间,广西壮族自治区,桂林市,临桂县,,六塘清真寺约始建于清乾隆年间，后毁于兵整，道光年间重修，迄今为广西保存较完整规模较大的一座清真寺。现占地面积约3.7亩，建筑总面积1700平方米，大殿建筑面积约300平方米。,,,,109.413100,24.313840
临桂县两江清真寺,清光绪年间,广西壮族自治区,桂林市,临桂县,广西临桂县两江镇,两江清真寺位于广西临桂县两江镇，始建于清光绪年间。现寺门经年关闭，院内破败荒芜。,,,,110.024101,25.199141
灵川县大圩清真寺,乾隆四十年（1775年）,广西壮族自治区,桂林市,灵川县,广西灵川县大圩镇生产下街,大圩清真寺位于广西灵川县大圩镇生产下街，建于乾隆四十年(1775年)，后屡有修缮，光绪二十年(1904年)重建。现今大殿为木楼式建筑，礼拜殿在楼上，下层为大厅，厅后两侧为厨房、浴室，厅侧建有套间，为教长休息室。,,,,110.423370,25.185701
平乐清真寺,年代不详,广西壮族自治区,桂林市,平乐县,广西平乐县城关正西街93号,平乐清真寺位于广西平乐县城关正西街93号。初建于清乾隆元年(1736)。平乐清真寺亦称平乐回教礼拜堂，占地0.7亩。,,,,110.639921,24.634671
永福县城清真寺,年代不详,广西壮族自治区,桂林市,永福县,广西永福县城关镇,永福县城清真寺位于广西永福县城关镇，始建于清代初年，前身寺建在张公坪，最初创建年代可推至明嘉靖年间(1522年一1566年)。后迁至现址。1清真寺占地不足半亩，但追溯本源，年久历深，对研究中国伊斯兰教发展史当具宝贵价值。,,,,109.983180,24.980010
永福县苏桥清真寺,清乾隆年间,广西壮族自治区,桂林市,永福县,广西永福县苏桥乡,苏桥清真寺位于广西永福县苏桥乡，始建于清乾隆年间。现今该寺占地面积约1.3亩，其中大殿建筑面积153平方米，为中国传统宫殿式建筑风格。,,,,110.080757,25.065302
临桂县山尾清真寺,年代不详,广西壮族自治区,桂林市,永福县,广西永福县城关镇,山尾清真寺位于广西临桂县会仙乡山尾村，始建于明末清初，占地面积约1亩多，有大群一座，博敞弘丽，犹存古风。其中尾清真寺的教民白崇禧将军，是中国现代史上有名的政治家、军事家。,,,,109.983180,24.980010
永福县罗锦清真寺,道光三十年（1850年）,广西壮族自治区,桂林市,永福县,广西永福县罗锦镇,罗锦清真寺位于广西永福县罗锦镇，始建于道光三十年(1850年)。多年几经损毁，于1986年重建，1988年建成。现今占地面积近7亩，其中大殿为楼台式，绿色圆拱顶，钢筋混凝土结构。,,,,110.101494,25.016392
桂林清真古寺,年代不详,广西壮族自治区,桂林市,,广西桂林市民族路桃花江畔,"中国伊斯兰教清真寺。位于广西桂林市西门外大街。据清康熙三十九年(1700)《重建西门清真寺并学堂养膳碑记》和嘉庆三年(1798)《重建清真寺碑记》记载，该寺大殿建于康熙年间，两廊及邦克楼建于嘉庆年间。整体建筑为四合院式，邦克楼居中，左右为讲堂，大殿在后。后窑殿面阔两间。在后窑殿左右与大殿后部，又有左右后廊，作为礼拜后向外远眺用。此一建筑手法，在清真寺建筑中较为罕见。《中国伊斯兰教建筑》称:""此寺大殿的宏大国内少见。""寺内原设经文大学、小学及女学各1所。抗日战争期间，成达师范学校迁桂林，校址即设于寺内。清末民初曾在寺旁建一女寺。此寺""文化大革命""中被拆毁，现已修复。",,,,110.272133,25.296040
桂林西巷清真寺,年代不详,广西壮族自治区,桂林市,,,西巷清真寺又称东北寺，位于广西桂林市正阳路西巷，始建于清光绪三十三年(1907年)。西巷寺一进两院，进大门，两厢为宿舍、过天井是一栋二层楼，上层为礼拜大殿，下层为经学，楼顶正对大设为八角形尖拱。,,,,106.216919,34.994381
桂林西城路清真女寺,年代不详,广西壮族自治区,桂林市,,广西桂林市西城路西头,"西城路清真女寺，也叫西内女寺，创建于1926年，由来相尧发起创办，并由她任该寺第一位女教长，桂林穆斯林都亲切地称她""宋二娘""。现该寺占地1亩多，大殿设寺内楼上，每日都有数十名妇女入寺礼拜，楼下及铺面开办清真饮食业，以专养寺。建女寺是广西伊斯兰教的一大特色，而穆斯林众多的其他许多省分却并不多见。",,,,110.287514,25.271851
桂林码坪清真大寺,年代不详,广西壮族自治区,桂林市,,广西桂林市七星公园内,该寺始建于康熙十年(1671年)，次年完工。占地面积3亩多，原寺为一典型四合院式建筑，大殿为民殿式，另建有宣礼塔、经学、宿舍、净水房，停尸房等。寺既在桂林，风景自殊，漓江绕流，水如绿绸，四山秀色，出手可悒。,,,,110.312798,25.272200
桂林崇善街清真寺,年代不详,广西壮族自治区,桂林市,,,崇善街清真寺位于广西桂林市西门内，始建于清代雍正末年(1735)。该寺是桂林市规模较大、保存完整的清真寺，被列为桂林市重点文物保护单位。,,,,117.961662,32.509933
桂林市底清真寺,年代不详,广西壮族自治区,桂林市,,广西桂林市城郊底村,城郊底村清真寺创建于清同治十三年(1874年)，构造粗备，自成院落，是附近居民礼拜之所。自1950年以后，寺终年关门。,,,,110.333168,25.062262
鹿寨县清真寺,年代不详,广西壮族自治区,柳州市,鹿寨县,广西鹿寨县太和街,鹿寨县清真寺位于广西鹿寨县太和街。有教民131户，619人，均属回族。属规模较小的清真寺。,,,,109.740997,24.486090
鹿寨县黄冕清真寺,年代不详,广西壮族自治区,柳州市,鹿寨县,广西鹿寨县黄冕街,黄冕清真寺始建于清朝道光元年(1821年)，经历过数次改建，70年代初改迁至太和街。该寺临街而建，为上下两层楼结构。大殿面积28平方米;全寺建筑面积440平方米。,,,,109.751790,24.473080
柳州清真寺,年代不详,广西壮族自治区,柳州市,,柳州市公园路53号,柳州清真寺是广西的清真古寺之一，始建于康熙初年年间，柳州清真寺总面积约2000平方米。,,,,109.413100,24.313840
南宁清真寺,年代不详,广西壮族自治区,南宁市,,广西南宁市新华路25号,南宁清真寺是广西壮族自治区首府唯一的一座清真寺，始建于清康熙五十八年(1607年)，嘉庆九年(1804年)重修。占地面积953平方米，建筑面积约400平方米。南宁清真寺为两层硬山式砖木结构建筑，抬梁木构架，木楼板，小清瓦屋面;通进深15.10米，面宽3间计13米;左侧设花园，右侧设天井及杂物用房。寺内悬挂多块扁额，木柱上亦多刻有对联。位于南宁市新华街25号，原址位于仓西门外(今解放路一带)。,,,,108.317880,22.815190
平坝清真寺,年代不详,贵州省,安顺市,平坝县,贵州省平坝县,平坝清真寺是贵州省平坝县的清真古寺之一，光绪五年(1879年)白璧光、马辅臣、张品扬等12人筹银200两先购置地基1块，后经15年筹建。平坝清真寺占地面积2000平方米，建筑总面积1000余平方米。是平坝县境内现有清真寺中修建时间最早、建筑规模最大的清真寺，是城内回族群众进行宗教活动的场所和传统节日集会的地方。,,,,106.255300,26.405740
安顺市区清真寺,年代不详,贵州省,安顺市,,贵州安顺市太平桥畔,"安顺市区清真寺，旧称""郡城清真寺""，位于贵州安顺市太平桥畔。该寺主体建筑礼拜大殿为两层楼房，上层做礼拜，下层为寺属管理会办公室。",,,,106.255300,26.405740
威宁县小河沟清真寺,年代不详,贵州省,毕节市,威宁彝族回族苗族自治县,贵州省威宁县戛利乡,小河沟清真寺位于贵州省威宁县戛利乡，该寺始建于1982年1月。礼拜大殿为平瓦房，全寺占地面积1.6亩，大殿建筑面积108平方米，全寺建筑总面积330平方米。,,,,104.090271,26.718651
威宁县下坝清真寺,年代不详,贵州省,毕节市,威宁彝族回族苗族自治县,贵州省威宁县草海镇,下坝清真寺据记载始建于明洪武年间，后经战乱，清真寺被毁。现开放的清真寺建于民国，位于贵州省威宁县草海镇，大殿建筑面积100平方米，全寺建筑面积320平方米。,,,,104.213669,26.826542
威宁县马坡清真寺,年代不详,贵州省,毕节市,威宁彝族回族苗族自治县,贵州省威宁县城关镇,始建于明初，位于威宁县城中部马坡。明朝时期威宁筑城后，回民居于此处，以马姓居多，故名。马坡清真寺，清雍正年间扩建一次。咸丰六年，威宁知州袁治浚及城内汉族团丁血洗马坡时烧毁，当时马坡300多口回民全部罹难。光绪初年，当地穆斯林集资重建马坡清真寺，但终未成规模。民国年间，在国民党威宁政府任职的天津回族刘君芝、贵州普安县回族金白渊二人承头集资重建。1950年又被土匪所毁，后一直未得到重建。现地盘被相关单位及部分居民占用，只余约100平方米空地、一间厢房、墙垣和殿基，1982年列为县级文物保护单位。,,,,104.724731,27.118607
威宁县启戛清真寺,年代不详,贵州省,毕节市,威宁彝族回族苗族自治县,贵州省威宁县麻乍乡启戛村,启戛清真寺始建年代及历史沿革不详。现寺位于贵州省威宁县麻乍乡启戛村一小山丘顶部，视野广阔，风景优美。礼拜大殿为普通瓦房，4*3.6丈开间，约160平方米，全寺占地3亩。,,,,104.079422,26.655062
威宁县妈撒近清真寺,年代不详,贵州省,毕节市,威宁彝族回族苗族自治县,贵州省威宁县双龙乡,妈撒近清真寺位于贵州省威宁县双龙乡。该寺始建于清光绪六年(1880年)，现礼拜大殿为石木结构瓦房，建筑面积95平方米。对推动当地伊斯兰教与社会经济的发展起着一定的作用。,,,,104.145592,26.875771
威宁县戛利清真寺,年代不详,贵州省,毕节市,威宁彝族回族苗族自治县,贵州省威宁县麻乍乡夏利村,戛利清真寺位于贵州省威宁县麻乍乡夏利村，建始于清朝嘉庆八年(1803年)，礼拜大殿为单檐庑殿式，建筑面积210平方米，全夺占地面积1.7亩。,,,,104.079422,26.655062
威宁县大水井清真寺,年代不详,贵州省,毕节市,威宁彝族回族苗族自治县,贵州省威宁县戛利乡,大水井清真寺位于贵州省威宁县戛利乡，始建于清嘉庆年间。现有民房式礼拜殿3大间及其它附属建筑。较为简陋。寺产有100余棵大树及1亩土地。,,,,104.090271,26.718651
平坝县城关清真寺,年代不详,贵州省,阜阳市,太和县,太和县,"太和城关清真寺位于太和县城关。清真北寺，始建于明洪武十年，清乾隆年间重修扩建，道光二十年(1840年)及民国先后进行了整修。现存建筑为典型的清代寺院建筑群。坐西面东，占地3074平方米，包括大门(万岁阁)、礼拜殿、南、北讲堂、女寺，古水井亭等，寺门为悬山双层楼阁式，面阔三间，梁坊、雀替均雕莲花瓣纹，门额上方的大型""飞龙""雕饰上，发现有铜钱刻纹，钱铭""天下太平""、""道光丁未""。礼拜殿为寺内主体建筑，面阔五间，进深三间，十一架前后廊。大殿檐飞角翘，壁合珠联，浑然一体。清真北寺规模较大，保存完整，为研究淮北地区清式建筑艺术和宗教发展史提供了宝贵的实物资料。",,,,115.622030,33.160260
贵阳清真寺,年代不详,贵州省,贵阳市,,贵州省贵阳市夏状元街,"贵阳清真寺为贵阳市唯一的一座清真寺。据清道光《贵阳府志》记载:""清真古寺在府新城内团井巷口，雍正二年(1724年)回人所建""、道光十七年(1837年)重修。1934年由当时的乡老会捐募，并将清本巷房屋变卖筹款第二次修复、1947年由中国回教协会贵州分会再次维修并增设部分家具。新中国成立后被列为贵阳市重点文物保护单位。""文革""中遭严重破坏。宗教政策恢复后，1980年贵阳市政府拨款近20万元进行全面维修，1982年交付使用。",,,,106.710442,26.584841
盘县燕子窝清真寺,年代不详,贵州省,六盘水市,盘县,贵州省盘县特区普田回族乡,燕子窝清真寺位于贵州省盘县特区普田回族乡，该寺建于1952年。全寺建筑总面积390平方米。,,,,104.768791,25.383503
盘县大木桥清真寺,年代不详,贵州省,六盘水市,盘县,贵州省盘县特区,大木桥清真寺位于贵州省盘县特区普田回族乡大木桥村，始建于清康熙年间(1662一1722年)，多年来历经沧桑，于1990年翻修扩建。现寺全寺占地1.4亩，建筑总面积640平方米，其中有礼拜大殿为钢筋混凝土结构。,,,,104.471580,25.709930
贵州青山清真寺,年代不详,贵州省,黔西南布依族苗族自治州,普安县,贵州省普安县青山镇,"普安县青山清真寺，是贵州省影响较大的清真寺之一，几任""热伊斯""在其中居住达40余年。明永乐前，青山就有回族瓦钦、常智及其子孙来此，但他们身为卫所军人，宗教生活受营规所限。待到清初，这里形成了一个回回小村，青山才先后出现了几处小规模的清真寺，咸丰、同治年间又屡遭毁坏。",,,,105.000862,25.505512
兴仁县三家寨清真寺,年代不详,贵州省,黔西南布依族苗族自治州,兴仁县,贵州省兴仁县,三家寨清真寺坐落于贵州省兴仁县鲁础营回族乡。于清光绪十六年(1890)，由哲赫林耶教派教主马元章筹建。该寺占地面积1300多平方米，是中国伊斯兰教清真寺。该寺已被列为贵州省黔西南布依族、苗族自治州文物保护单位。,,贵州省黔西南布依族、苗族自治州文物保护单位,,105.186390,25.435110
贞丰县清真寺,年代不详,贵州省,黔西南布依族苗族自治州,贞丰县,,贞丰县清真寺坐落于贵州省贞丰县珉谷镇，建于清同治十二年(1873年)，占地面积320平方米，大殿建筑面积120平方米，为砖木结构。,,,,125.937294,46.047161
三亚市清真南寺,年代不详,海南省,三亚市,丰栏镇,海南省三亚市丰栏镇回新乡,"初建于明代中期，清代史实未详。抗日战争时期被日寇炸平，后移至三亚湾附近重建。海南解放前夕，国民党驻军弹药库发生爆炸，再遭轻度破坏。新中国成立后由政府资助、群众捐款予以修复。""文革""中被拆除。1980年以后陆续重建礼拜大殿、经学堂、沐浴室等。现寺占地面积1.8亩，建筑总面积800平方米，其中大殿200平方米，为中阿相结合式现代化建筑。",,,,109.752500,18.400050
三亚市回辉清真古寺,年代不详,海南省,三亚市,,,"该寺距三亚市区约6公里，与三亚凤凰民用机场毗邻。始建于明成化六年(1470年)。据明万历《琼州府志》和清初《古今图书集成·职方典》卷记载，回民先祖约在宋元之间从占城(今越南平定省一带)""携家驾舟而来，散泊海岸。",,,,101.795677,36.617050
定州清真寺,年代不详,河北省,保定市,定州市,定州市中山中路与清风街交汇处,定州清真寺，又名礼拜寺，坐落在定州市中山中路与清风街交汇处，占地5255平方米。该寺始建于元代至正八年(公元1348年)，为坐西朝东四合院式建筑，由垂花门楼、南北讲堂、正殿组成，经历代重修保留至今，其后窑殿仍然保留部分元代建筑形式，是我国现存最早的砖无梁殿结构，1986年被列为保定市伊斯兰教会中心，2001年被列为河北省文物保护单位。,,,,114.990250,38.516260
涞水清真寺,明末清初,河北省,保定市,涞水县,河北省涞水县城关乡,"涞水清真寺位于河北省涞水县城关乡，始建于明末清初，全寺占地面积3.9亩，建筑面积200平方米。原有石碑1座，可惜碑毁于""文革""期间。",,,,115.715302,39.388870
雄县西槐村清真寺,年代不详,河北省,保定市,雄县,,西槐村清真寺又名宛家寺，坐落于河北省雄县杨西楼乡西槐村。始建于明朝永乐二年(1404年)。礼拜大殿为中国古典式建筑。多年来经历过损毁和重建，最近一次1986年7月。现占地4.5亩、，有大殿、水房和大门。,,,,114.529740,33.767540
徐水县勉家营清真寺,,河北省,保定市,徐水县,,,,,,103.369019,34.707512
易州清真寺,元代,河北省,保定市,易县,河北易县城关镇,河北易县是座历史文化名城，地理位置非常重要，易州清真寺就坐落在古城中心。,,,,115.496124,39.358711
涿州城内清真寺,年代不详,河北省,保定市,涿州市,河北省涿州市老城区,涿州城内清真寺，位于河北省涿州市老城区西北隅营房街南端路西。清真寺坐西向东，单进院落，四合院布局，总占地面积为2426.34平方米，现为河北省涿州市的县级文物保护单位。,,,,115.974390,39.485290
保定清真西寺,公元1616年（明朝万历丙辰年）,河北省,保定市,,,清真西寺位于保定市清真寺街15号。保定市原有清真寺11座，现开放的有10座(清真西寺、清真女寺、清真北寺、前屯清真寺、前屯清真女寺、南沟头清真寺、南沟头清真女寺、安庄清真寺、头台清真寺、杨指挥营村清真寺)。清真西寺是其中规模最大、历史最久的一座。它始建于明万历四十四年(1616年)，修有正殿3间、讲堂及水房，清未民初又以几次扩建修整始具规模。现寺内有房59间，正殿20间，南北讲堂12间，水房18间及工具房、配房等。寺内还有大小碑刻6通。整个寺院保存完好。,,,,104.037781,34.433083
保定清真北寺,年代不详,河北省,保定市,,河北省保定市市府后卫街44号,"保定清真北寺据最新考察其大殿建筑结构，被确定始建于明永乐年间(1403—1424年)。清乾隆十八年(1753年)进行较大规模扩建重修，清末民国初年再次重修。""城内清真寺共计三座:曰西寺、东寺、北寺。东西两寺均在东南城角，北寺则位置于西北城角，而工程的伟大，建筑长久的是西寺，今只述东南两寺之状况。",,,,115.499340,38.864750
保定清真东寺,,河北省,保定市,,,,,,,103.369019,34.707512
沧县李天木清真寺,1980年,河北省,沧州市,沧县,河北省沧县李天木乡,李天木清真寺位于河北省沧县李天木乡，建于1980年，大殿建筑面积80平方米，全寺建筑面积1000平方米。,,,,117.051071,38.333652
沧县曹家庄清真寺,年代不详,河北省,沧州市,沧县,河北省沧县七里淀乡,曹家庄清真寺位于河北省沧县七里淀乡，初建于1924年。占地约0.8亩，有砖瓦房12间，礼拜殿为砖木结构梁柱式建筑，约100平方米。,,,,116.933487,38.200531
沧县北阁清真寺,清道光年间,河北省,沧州市,沧县,河北省沧县李天木乡,北阁清真寺，位于河北省沧县李天木乡，初建于清道光年间(1821一1850年)。全寺建筑总面积320平方米，礼拜殿为3间砖房，计125平方米。,,,,117.051071,38.333652
沧县白芦庄清真寺,嘉庆五年（1800年）,河北省,沧州市,沧县,河北省沧县大诸村乡白芦庄,白芦庄清真寺位于河北省沧县大诸村乡白芦庄，始建于嘉庆五年(1800年)。现今占地面积近2亩，大殿建筑面积180平方米。,,,,116.660652,38.293400
孟村县大堤东清真寺,年代不详,河北省,沧州市,孟村回族自治县,,大堤东清真寺位于河北省孟村县石桥乡大堤东村，总占地面积为2.4亩。1990年10月25日，河北省孟村回族自治县大堤东清真寺落成典礼隆重举行。,,,,126.957170,45.547740
泊头市清真东寺,年代不详,河北省,沧州市,泊头市,河北省泊头市茶店街,泊头清真东寺又名清真小寺，该寺始建于明嘉靖年间，礼拜大殿为砖木结构、清嘉庆年间本坊石爱字赴西北求学，回此传播哲赫忍耶。,,,,116.578280,38.083640
泊头市八里庄清真寺,年代不详,河北省,沧州市,泊头市,河北省泊头市刘庄回族乡,八里庄清真寺始建于明洪武初，星期大殿为古典宫殿式。全寺占地面积2.4亩，大殿建筑面积124平方米，全寺建筑面积304平方米。,,,,116.578280,38.083640
青县大孝子墓清真寺,1933年,河北省,沧州市,青县,,大孝子墓清真寺位于河北省青县羊子墓回族乡，始建于1933年，大殿建筑面积为149平方米，为中式仿古中脊前厦。,,,,113.390440,34.539520
沧州小园清真寺,年代不详,河北省,沧州市,,河北省沧州市风化店乡小园村,"小园清真寺位于河北省沧州市风化店乡小园村，修建于清光绪年间。""文革""时期被毁，于1982年。现今大殿建筑面积144平方米，占地面积1.5亩。",,,,116.946983,38.296734
沧州宋官屯清真寺,年代不详,河北省,沧州市,,河北省沧州市小赵庄乡宋官屯村,宋官屯清真寺位于河北省沧州市小赵庄乡宋官屯村，建于1902年。全寺建筑面积300平方米，大殿砖木结构平房3间，60平方米。,,,,116.898712,38.267941
沧州市清真女寺,年代不详,河北省,沧州市,,河北沧州市礼拜寺街,清真女寺又称城里清真寺，始建于清康熙五年(1666)，原为男寺，与沧州北大寺仅一路之隔。1986年改为女寺。,,,,116.866380,38.314040
东光县连镇清真寺,年代不详,河北省,沧州市,,东光县连镇镇政府驻地的六街村,连镇清真寺坐落在东光县连镇镇政府驻地的六街村，本毗邻运河，是全镇回民穆斯林唯一的宗教活动场所。,,,,116.483093,37.801773
沧州市建国清真寺,年代不详,河北省,沧州市,,河北省沧州市建国街,建国清真寺位于河北省沧州市建国街，始建于明朝。总建筑面积615平方米，其中大殿建筑面积275.4平方米。,,,,116.866380,38.314040
河间果子洼清真寺,1518年,河北省,沧州市,,,河间果子洼清真寺位于河北沧州市果子洼回族乡三分村。果子洼清真寺始建于1518年，地址在果子洼回族乡三分村。占地4.61亩，建筑面积850平方米。,,,,100.213615,25.422876
沧州邓屯清真寺,年代不详,河北省,沧州市,,河北省沧州市郊区邓屯,邓屯清真寺位于河北省沧州市郊区邓屯，始建于清末，为简易礼拜寺。大殿建筑面积90平方米，为砖木结构。,,,,116.847878,38.304386
沧州市清真北大寺,,河北省,沧州市,,,,,,,103.369019,34.707512
沧州捷地清真寺,,河北省,沧州市,,,,,,,103.369019,34.707512
承德东清真寺,年代不详,河北省,承德市,,,"河北省承德市有东、西两座清真寺。今西寺已修缮一新，恢复为穆斯林礼拜之用。原东寺在繁华的南营子大街，据说建于清初顺治年间，乾隆皇帝驻跸热河曾整修扩建。乾隆三十一年以后买木热。艾孜木(香妃)每年都和乾隆皇帝来承德避暑山庄消夏。""香妃""娘娘曾亲赐东寺六角宫灯一对，系寺内历史文物。1958年东寺被占用，一些珍贵文物及《古兰经》去向不明。",,,,86.383070,42.322660
承德西清真寺,年代不详,河北省,承德市,,潘家沟,"承德西清真寺位于河北省承德市，创建于清道光年间。""文革""时惨遭破坏。粉碎""四人帮""后，宗教政策得到落实，穆斯林清理寺里房产和租金，自己动手修复。",,,,118.273514,40.946861
承德西清真寺,,河北省,承德市,,,,,,,103.369019,34.707512
定州礼拜寺,年代不详,河北省,定州市,定县,河北省定县城关镇,中国伊斯兰教著名清真古寺。位于河北省定县城关镇回民街(解放街)西口路北。这是一座历史非常悠久的清真寺。该清真寺是中国传统的四合院式布局，建筑风格则是伊斯兰式。其中礼拜大殿中残存的元代砖结构，是中国现存最早的半圆拱顶建筑。清真寺内还保存着珍贵的文物，特别是有许多碑刻，《重建礼拜寺记》是现存用汉文介绍伊斯兰教教义的最早碑刻之一。,,,,114.990250,38.516260
定州杨家桥三村清真寺,年代不详,河北省,定州市,,,杨家桥三村清真寺位于定州市东南25华里，杨家桥村西、号头庄村东、官道庄村南的中心地带，由三村合建而成。始建于明末清初。,,,,115.141602,36.748383
定州吴定庄清真寺,年代不详,河北省,定州市,,,吴定庄清真寺，又名南吴庄清真寺，位于河北省定州市号头庄，始建于清同治十三年(1874年)。,,,,120.310028,31.580280
磁县南十里铺清真寺,民国初年,河北省,邯郸市,磁县,河北省磁县南十里铺,南十里铺清真寺位于河北省磁县南十里铺，始建于民国初年，后多次被占用，于1985年搬迁重建。占地面积0.9亩，坐东朝西，盖有大门一座、大殿3间，讲堂3间、水房3间。,,,,114.366570,36.310661
磁县乐善街清真寺,民国七年,河北省,邯郸市,磁县,河北省磁县乐善街,乐善街清真寺位于河北省磁县乐善街。始建于民国七年，于1983年建立起清真寺民主管理委员会。该寺有大殿3间、讲堂5间、水房子3间，占地面积约0.3亩。,,,,114.373920,36.373960
大名县西营镇清真寺,年代不详,河北省,邯郸市,大名县,河北省大名县营镇回族乡,西营镇清真寺，坐落于河北省大名县营镇回族乡。原有清真寺两座，东寺于1963年毁于水灾，西寺始建于明正德年间(1506年)。现占地4亩，建筑总面积600乎方米。坐西朝东。大殿4间，分古棚。前殿和后殿3部分。,,,,115.299011,36.435833
大名县西杨村清真寺,同治六年,河北省,邯郸市,大名县,大名县西杨村,西杨村清真寺，又名小南寺，位于大名县西杨村，始建于同治六年。占地面积约2亩，有大殿5间，讲堂5间、水房2间和其它一些附属建筑,,,,115.147324,36.267712
大名县七里店清真寺,年代不详,河北省,邯郸市,大名县,,七里店清真寺位于河北省大名县七里店乡七里店村，建于明清时期。七里店清真寺占地1.5亩，寺内原有古典式大殿18间，分两部分，前为卷棚，后为正殿;另有讲经55间，对厅3间，水房子5间，并有门楼和围墙。,,,,103.286407,34.653980
大名县南关东街清真寺,年代不详,河北省,邯郸市,大名县,河北省大名县南关一铺村,"南关东街清真寺至21世纪初已有470余年的历史，是冀南最古老的清真寺。大名为中国历史名城，回族居住亦由来已久。县治大名镇南关辖6个村，即一铺村、二铺村、三铺村、金家潭、匡公堤、西杨村，共有人口64O0多人，其中回族5753人，占总人口的89%。据《大名县志》(乾隆本卷18)记载;""回教之礼拜寺，治城南关东小街一处，明正德己卯建，明万历二年、清雍正十年均有重修。""明正德己卯年应为1519年。",,,,115.153709,36.280010
大名县马时庄清真寺,年代不详,河北省,邯郸市,大名县,,马时庄清真寺位于河北省大名县马时庄，建于明弘治二年(1489年)。1974年清真寺成为学校。1982年清真寺重新修复，又建5间讲堂。1986年重盖了3间水房，成为回族信教群众的活动场所。,,,,112.488968,34.702751
大名县龙王庙镇清真寺,雍正年间,河北省,邯郸市,大名县,河北省大名县龙王庙镇,龙王庙镇清真寺原坐落在老河口南，西南街路东，约始建于清雍正年间。,,,,115.230301,36.216583
大名县金滩镇清真寺,年代不详,河北省,邯郸市,大名县,河北省大名县金滩镇,金滩镇清真寺，坐落于河北省大名县地区。金滩镇清真寺原有4座清真寺，当时称为南寺、北寺、西寺和女寺。1963年因卫河修堤，西寺已不存在，北寺和女寺没有使用。,,,,115.314720,36.338913
大名县二铺村清真寺,1740年,河北省,邯郸市,大名县,河北省大名县,二铺村清真寺，位于河北省大名县南关二铺村，始建于清乾隆五年(1740年)。该寺有大名南关西街清真寺之称。经历过多次重建，现新大殿建筑面积152.5平方米，前为古棚出厦。,,,,115.147880,36.285580
大名县东营镇清真寺,年代不详,河北省,邯郸市,大名县,河北省大名县营镇乡东营镇村,东营镇清真寺位于河北省大名县营镇乡东营镇村。根据有信仰伊斯兰教者，即有拜主场所这一规律分析，以及原有清真寺的建筑风格推断，该寺建于明朝。,,,,115.147880,36.285580
大名县大街村清真寺,明代,河北省,邯郸市,大名县,河北省大名县大街乡大街村,大街村清真寺位于河北省大名县大街乡大街村，约始建于明代。该寺占地面积5.96亩，原有古式大殿9间。前有古棚，另有讲堂3间，水房子1间，并有门楼和围墙。,,,,115.213074,36.296600
大名县城内北街清真寺,年代不详,河北省,邯郸市,大名县,河北省大名县城内北街,北街清真寺位于河北省大名县城内北街，始建于1933年，有大殿3间，讲堂3间，水房3间、架子房2间。城内北街清真寺是大名城内近1000回族群众的礼拜场所。,,,,115.147880,36.285580
邱县杨二庄清真寺,1741年,河北省,邯郸市,邱县,河北省邱县陈村回族乡杨二庄,杨二庄清真寺位于河北省邱县陈村回族乡杨二庄，建自乾隆五年(1741年)，长年累月下经历过多次损毁和重建。1986年聘请驻寺教长，得以恢复宗教活动。,,,,115.141602,36.748383
邱县西常屯清真寺,1404年,河北省,邯郸市,邱县,河北省邱县新马头乡西常屯村,西常屯清真寺位于河北省邱县新马头乡西常屯村，始建于明永乐二年(1404年)。清真寺整体为砖瓦结构。由礼拜大殿、诵经堂、沐浴室等组成。,,,,115.187790,36.791744
邱县邱城镇西街清真寺,年代不详,河北省,邯郸市,邱县,河北省邱县邱城镇,邱县邱城镇西街清真寺，坐落于河北省丘县邱城镇。XX清真寺(地位影响，著名景点，历史由来等)。,,,,115.167259,36.717133
邱县陈村清真寺,1587年,河北省,邯郸市,邱县,河北省邱县陈村,清真寺坐落于河北省邱县陈村回族乡陈村中心，始建于1587年。它是一座始建历史悠久，建筑规模宏大、风格独特、气势壮观的清真寺。不但是邱县所有清真寺之冠，也是冀南北较有名的清真寺之一，而且闻名省内外。,,,,114.604858,36.126270
邱县贺堡清真寺,公元1625年,河北省,邯郸市,邱县,河北省邱县贺堡村,贺堡清真寺位于河北省邱县贺堡村，建自明天启五年(公元1625年)。经历了多次重建，最近一次在1983年。寺内有大殿5间，约120平方米，全现代新式建筑，大殿前出五尺抱厦，有四根合抱明柱，给人一种清新之感。,,,,115.130089,36.821091
邱县韩庄清真寺,年代不详,河北省,邯郸市,邱县,河北省邱县韩庄,韩庄位于邱县城关镇东南3公里处，全村260人，其中回族235人，占全村总人口的90%。该村建于明水乐年间(1404—1406年)，因最早是姓韩的在此定居，故名韩屯，后来演变为韩庄。姓韩的全是汉民，至今已绝户了。,,,,115.176410,36.819870
邱县韩西固清真寺,1985年,河北省,邯郸市,邱县,河北省邱县,韩西固清真寺位于河北省邱县贺堡乡韩西固村，约建于明万历末年(1620年)，经历了多次损毁和重建，最近一次重建在1985年。,,,,115.176410,36.819870
邯郸峰峰清真寺,年代不详,河北省,邯郸市,,河北省邯郸市区,峰峰清真寺位于河北省邯郸市区，全寺建筑面积540平方米，有回民100户，1300余人。,,,,114.493390,36.618530
河间瀛州镇清真西寺,年代不详,河北省,河间市,,,瀛州镇清真西寺位于河北省河间市瀛州镇，始建于清同治元年(1862年)。全寺建筑总面积304平方米，礼拜大殿建筑面积108平方米。,,,,100.190781,25.440212
河间瀛州清真南大寺,年代不详,河北省,河间市,,,瀛州清真南大寺位于河北省河间市瀛州镇，始建于清朝康熙二十年(1681年)。全寺建筑面积1060平方米，大殿建筑面积550平方米。,,,,100.190781,25.440212
河间瀛州东寺,年代不详,河北省,河间市,,,瀛州东寺始建于清道光元年(1821年)，坐落在古城东南隅白狮子街，占地约3.1亩，是当地伊斯兰教务活动的中心。,,,,100.190781,25.440212
河间北务清真寺,年代不详,河北省,河间市,,,北务清真寺位于河北省河间市果子洼乡，始建于清道光二十二年(1842年)。总建筑面积为660平方米，大殿建筑面积为266平方米。,,,,114.348160,34.788610
霸州市后两间清真寺,年代不详,河北省,廊坊市,霸州市,,"河北霸州市后两间清真寺始建于明朝中叶距今有500多年历史，原大殿顶端为金属铜顶，紫檀木匾""遵古正曲""悬挂殿前。有4棵古松柏树苍劲挺拔，郁郁葱葱做为历史见证。廊坊全市2008年末总人口408.3万人，共有32个少数民族成份，少数民族人口9.6万人，以回族、满族为主体，分别有人口6.6万人和2.2万人，分别占少数民族总人口68.7%和22.9%。全市有一个民族自治县(大厂回族自治县)，两个民族乡(文安县大围河回族满族乡和永清县管家务回族乡)，84个民族村。",,,,86.383070,42.322660
大厂小厂清真寺,年代不详,河北省,廊坊市,大厂县,河北省大厂县小厂村,"小厂村是回、汉族合居村，共有337户人家，1278口人;其中回族239户，925人。当地两族群众互相尊重，互相帮助，和睦相处，亲如弟兄。但由于地震和人为损坏，古寺已不复存在。党的宗教信仰自由政策恢复以后，小厂村的穆斯林临时借用原大队的震后礼堂的一角作为礼拜殿。这给正常的宗教活动带来诸多不便，且不安全。小厂寺民主管理委员会是1982年12月15日，由穆斯林推荐有教门、关心寺务的长者和懂政策、热爱伊斯兰教的退休工人，以及本教的阿訇、村委会成员和妇女代表共9人组成。他们有一个共同心愿:为教门多作一些事，为众移民求得两世吉庆。寺管会有事多与村委会商量，并由于小厂村离县民委、县伊协等单位较近，在寺务上得到了他们的大力支持和随时引导。专管会一成立，大家就约法五章，重要的一条是，秉公办事，忠诚地为穆斯林服务，不沾寺里一文一物，使清真寺真正成为""圣洁之地""。大家经受了实践考验，博得了众穆民的欢迎。",,,,117.000191,39.885651
大厂县芦庄清真寺,年代不详,河北省,廊坊市,大厂县,,芦庄清真寺坐落于河北廊坊，1683年始建。现在清真寺大殿为宫殿式建筑，可容纳500人礼拜会礼。,,,,117.461300,35.099630
大厂北坞清真寺,明代万历,河北省,廊坊市,大厂县,河北大厂回族自治县,"北坞清真寺坐落在大厂回族自治县北坞村西，始建于明代万历(1573一l619)年间，历史悠久，遐迩闻名，列属河北省重点清真寺之一。古寺，座西朝东，门前有座小石桥，造型清秀，名日""天心桥""。踏进寺门，迎面刚刚修缮一新的礼拜大殿雄浑壮丽，外观马鞍形屋脊起伏高耸，窑殿顶端的塔式望楼巍然屹立，漆彩争辉。大殿内装饰色调和谐，可容纳一千人聚礼。殿内西北角落上是一座结构精巧的""敏尔""亭。万历年间供职京师的穆斯林官吏一内翰侍太监李仰泉所立石碑一块，是古寺内最早的文字记载。",,,,116.989510,39.886650
大厂南寺头清真寺,,河北省,廊坊市,大厂县,,,,,,103.369019,34.707512
大厂大马庄清真寺,,河北省,廊坊市,大厂县,,,,,,103.369019,34.707512
廊坊伊指挥营清真寺,光绪二十六年,河北省,廊坊市,广阳区,河北廊坊广阳区万庄镇伊指挥营,伊指挥营清真寺位于廊坊市广阳区万庄镇。伊指挥营清真寺重建于光绪二十六年(始建年代无从考证)。,,,,116.588455,39.604729
永清县北钊清真寺,1909年,河北省,廊坊市,永清县,,北钊清真寺位于河北廊坊市。始建于明朝，传说永清县北钊是燕王讨北招兵买马之地，于1909年重建新寺。现今占地三亩。,,,,112.510780,34.704310
永清县安育清真寺,年代不详,河北省,廊坊市,永清县,河北永清县,"安育清真寺位于河北永清县安育村。河北永清县安育村清真寺建于清初年间，因村中寺庙前有一座玉石碑而得名""安玉""后为发展文化教育，将安玉改名为安育。",,,,116.499040,39.321780
廊坊香椿营清真寺,公元1409年,河北省,廊坊市,,,"香椿营清真寺位于香椿营建村。据史记，明初，南京、山东等地回族吴、王、马、李、常五姓始祖，投奔燕五朱棣麾下，为""回回火器营""战将。随燕五扫北，1404年来到香椿营建村，繁衍至今。",,,,112.084328,32.664059
廊坊信安清真寺,1980年,河北省,廊坊市,,,始建于1890年，1980年重建，清真寺为四合院形的封闭式院落，院内西面为大殿，南为沐浴室，北设北讲堂。整个建筑和谐简洁。回回营清真寺座落在文安县兴隆宫镇回回营村中部。,,,,116.648979,39.144661
廊坊市南营清真寺,年代不详,河北省,廊坊市,,河北廊坊,南营清真寺位于京津高速公路京东第一出口一一廊坊经济技术开发区南营村。初建于公元1424年。,,,,116.685720,39.503110
廊坊南小街清真寺,年代不详,河北省,廊坊市,,河北廊坊市,南小街清真寺，始建于1993年，位于河北廊坊市，占地2.5亩，具有阿拉伯风格的新式清真寺。该寺主体建筑为二层楼房，底层为客厅、沐浴室和女寺，上层为容纳600人礼拜的大殿。,,,,116.685720,39.503110
廊坊清真寺,年代不详,河北省,廊坊市,,,廊坊清真寺初建于1933年。当地原无回族居住，后有外县乡教民求生来此落居，建清真寺时仅有8户人家，购地1亩，盖房3间，建成小寺，时有义地2亩。1946年因外地来廊坊求生定居的穆斯林日益增多，清真寺得以护修，重建礼拜殿3间，屋脊用半简瓦;飞檐四挑，用具规模，另有讲堂等附属建筑。1988年由政府出资重建，因地基窄小，礼拜大殿建成双层阿拉伯建筑形式，1990年落成，计400平方米，上层用于礼拜，下层分为沐浴室和教长室;南北讲堂为普通砖房，共80平方米。本寺坊现有教民800余户，4000多人，均属回族。廊坊市伊斯兰教协会驻于该寺。,,,,102.638107,34.089432
廊坊大围河清真寺,明朝(1403)永乐年间,河北省,廊坊市,,廊坊,"大围河清真寺始建于明朝(1403)永乐年间，清朝乾隆年间重修。古寺经过历代修缮，尤其是最近重大修后，更加气势雄伟富丽堂皇。据寺中碑文记载，乾隆宠爱的维吾尔族妃子名香(传说她不用香料而自带清香)，宫中赐号""容妃""，人们喜欢称她为""香妃""。她随乾隆出巡时，委派回族曹姓太监到此亲自监工，精心修建清真寺。",,,,116.685720,39.503110
廊坊大韩寨清真寺,年代不详,河北省,廊坊市,,中国大韩寨,大韩寨清真寺属于大韩寨的清真古寺之一，位于廊坊。始建于清光绪二十三年，由伊玛目白玉秀、乡老金殿朝等人出面筹资，从天津请来高级工匠，熔天津药五庙北寺和北京市面上牛街清真寺特点于一体修建而成。现大殿建筑面积540平方米。,,,,116.697960,39.512993
廊坊桐柏清真寺,,河北省,廊坊市,,,,,,,103.369019,34.707512
廊坊北曹家务清真寺,,河北省,廊坊市,,,,,,,103.369019,34.707512
泊头清真寺,1404年,河北省,泊头市,,,"泊头清真寺位于泊头市区清真街南端，北距沧州市40公里，京沪高速公路出""南皮""口西行5公里。始建于明永乐二年(公元1404年)，占地面积11200平方米，房屋近200间，建筑面积2919.78平方米。",,,,116.578280,38.083640
泊头市清真女寺,解放初,河北省,泊头市,,,"泊头清真女寺始建于解放初。占地面积0.6亩，大殿建筑面积133平方米，全寺建筑总面积280平方米。日伪时期在泊头清真寺(男寺)东北角建一福利工厂，生产手工袜子。解放后(1949年)改为群众生产合作社，随后为落实党的民族政策，在此处建一女大殿、成为最初的女寺。""文革""中被破坏，1993年重建。现在全部落成启用。清真女寺和泊头清真大寺(男寺)在同一地点，成为规模大，配套齐全，男女专兼有的建筑群，是全省乃至全国少有的伊斯兰寺院。现在女寺的管理工作由泊头市清真寺(男寺)代管。本坊历属哲赫忍耶，先前只有20多户人家，随着党的宗教政策的落实，教民自力更生成立了""清真东寺义务组""义务为教友办事，人数由少到多，现在巳发展到200多户。近1500人之多。",,,,116.578280,38.083640
卢龙清真寺,年代不详,河北省,秦皇岛市,卢龙县,河北省卢龙县城关镇,"卢龙清真寺始建于1919年，现存有初建时卢龙知县唐达题""清真寺'休匾夺牌1块。清真寺是普通尖子房式，阿拉伯建筑风格十分突出。",,,,118.873566,39.887978
山海关清真寺,年代不详,河北省,秦皇岛市,,北省秦皇岛市东北山海关古城西门外护城河畔,山海关清真寺是河北省的清真古寺之一，始建于明洪武十三年(1380)河北省秦皇岛市东北山海关古城西门外护城河畔，山海关清真寺总面积为3952多平方米，整体建筑为典型的中国传统建筑风格。寺中有礼拜殿、讲经堂、沐浴室、殡仪室、山门、二门、井亭等。,,,,119.755363,40.006973
藁城市九门清真南寺,年代不详,河北省,石家庄市,藁城区,石家庄市藁城区,九门村位于滹沱河(藁城段)与周汉河交汇处。唐朝时期，大将军郭子仪奉皇命率军于公元756年春于九门狐子沟作战，战役后沟通了九门至丝绸之路的通道。部分信仰伊斯兰教的士兵，商客在此留生。伊斯兰教传入九门村，并建简陋清真寺(此清真寺便是最早的南寺)。明初，从山西洪洞迁来一批回民，回民随之剧增。,,,,114.846760,38.021660
无极高头清真寺,年代不详,河北省,石家庄市,无极县,河北省无极县高头村,"高头清真寺是无极县的清真古寺之一，始建于明嘉庆十九年(1540年)高头村地区。高头清真寺总面积为4567平方米，是一座中国宫殿式和阿拉伯式建筑风格相结合的伊斯兰教清真寺。高头清真寺的""钦赐宝瓶""，对于增强民族团结，不忘国耻，强国富民，有很好的象征意义。",,,,114.858040,38.118980
无极高头清真东寿,年代不详,河北省,石家庄市,无极县,,"高头村有两座清真寺，西寺建筑年代较早，历史悠久。东寺建于1919年，时因教内纷争而分坊。""文革""中被关闭，文物遭毁。1990年教民自发组织予以修复。现寺占地约O.5亩，礼拜大殿为中国传统建筑形式，面积45平方米。寺内现存手抄本《古兰经》15卷，藏阿拉伯文、波斯文经卷320余本，有满拉15人。本寺坊教民46O户，1302人，均属回族。清老格迪目。",,,,114.976380,38.179150
迁安县建昌营清真寺,,河北省,唐山市,迁安市,,,,,,103.369019,34.707512
唐山清真大寺,年代不详,河北省,唐山市,,河北省唐山市,唐山清真大寺在1976年唐山大地震时大殿化为灰烬，1984年国家投入30万元复建清真大寺。寺内的礼拜大殿为沙特阿拉伯式。,,,,118.460230,39.273130
唐山市路南区清真寺,1995年,河北省,唐山市,,,路南区清真寺位于小山街道办事处境内水沟沿街1号，是路南区伊斯兰教活动的主要场所。创建于1995年。,,,,109.740997,24.486090
临西县洪官营清真寺,明代,河北省,邢台市,临西县,河北省临西县老官寨乡,"洪官营清真寺位于河北省临西县老官寨乡二里多，在浓荫翠绿掩映之中，有一座古寺。始建年月无文字可考，据老人们说，建于明初。占地面积仅约2亩。寺门楼上高悬金字""清真寺""黑漆匾，出自村里党支部副书记李文明的手笔。",,,,115.610687,36.875088
威县黄街清真寺,年代不详,河北省,邢台市,威县,,黄街清真寺位于河北省威县黄街，建于元顺帝至正十年(1350年)。建筑总面积570平方米，礼拜殿由前、中、后3殿组成，气势宏伟。配有讲堂、沐浴室、大门、二门，呈元末明初建筑风格。,,,,114.860374,33.812462
邢台市靛市街清真寺,年代不详,河北省,邢台市,,,邢台市靛市街清真寺座落在邢台市旧城南关靛市街，因居南关北部，又称北寺。占地面积1500平方米，建筑有门楼、南北讲堂、沐浴室，礼拜殿和古棚等，均是宫殿式歇山顶。,,,,114.473030,37.091980
邢台市车站街清真寺,年代不详,河北省,邢台市,,,邢台市车站街清真寺。该寺座落于城区西关火车站附近，又称西寺。1923年修建，占地面积500平方米，礼拜殿是三大间起脊瓦房，讲堂和沐浴室为平房。,,,,114.473030,37.091980
邢台清真寺,年代不详,河北省,邢台市,,河北省邢台市冶金北路,"邢台清真寺亦称邢台市清真西寺。始建于1923年。1958年至""文革""期间被关闭，部分建筑被毁。1992年迁现址，重建为阿拉伯式建筑风格的寺院。南寺阿訇:杨建华西寺阿訇:张景龙",,,,114.473030,37.091980
邢台市马市街清真寺,年代不详,河北省,邢台市,,,"马市街清真寺位于邢台市南关南部，并与北寺相对，故又称南寺。该寺周围马市街、南头村、楼下道村、羊市街、羊市道、牛市街等街巷村落聚居着丁、马、白、王、吴等姓回族穆斯林，称为""南坊高目""。",,,,112.488968,34.702751
沧州市运河区清真西寺,年代不详,河北省,枣庄市,,山东省枣庄市,沧州市的清真西寺位于运河区民主街西寺胡同内，始建于公元1740年，占地面积1445平方米，其中建筑面积510平方米，内有大殿一座，折房13间，平房20间，共计房屋33间，属于伊斯兰教哲赫仁耶派唯一一座清真寺。,,,,117.461300,35.099630
怀来王家楼清真寺,年代不详,河北省,张家口市,怀来县,河北省怀来县王家楼回族乡,王家楼清真寺位于河北省怀来县王家楼回族乡，始建于清中期，1985年重建部分建筑。全寺占地约二亩，大殿在台基之上，为中国传统式一卷一脊建筑。,,,,115.590607,40.495609
张家口土尔沟清真寺,年代不详,河北省,张家口市,桥东区,河北省张家口市桥东区土尔沟街,"张家口土尔沟清真寺位于桥东区土尔沟街。京张铁路通车后，桥东区随之繁荣起来;该寺由北京南大厂、三河县相继迁来的回族群众于民国元年集资建立的。占地约3.5亩。房52间(包括女寺)，称""北京、京东坊上""。其高目多杨、陈、何、马等姓。",,,,114.894360,40.788470
张家口宣化区清真寺,清道光三十年（1850年）,河北省,张家口市,宣化区,河北省张家口市宣化区后府街38号,宣化区清真寺位于河北省张家口市宣化区后府街38号，始建于清道光三十年(1850年)前后。全寺建筑总面积790平方米，大殿建筑面积270平方米。,,,,115.062750,40.618300
宣化县清真北寺,年代不详,河北省,张家口市,宣化县,河北省宣化县钟楼北街,"宣化北寺，清康熙年间宣化国民大部移居城内北部各街巷中，一座南寺不敷应用，于是在钟楼北街再建一寺，是为""北寺""。建寺年代为康熙四十二年(17O3年)，总面积7O0平方米，清光绪初年进行修整。门楼高大，礼拜殿宏伟壮观，并有望月楼、回廊、南北讲堂。结构严谨，雕梁画栋，富丽堂皇;望月楼耸立高空，其高目为陈、冯、郑、康、杨等姓氏。",,,,115.099230,40.608450
宣化县清真南寺,,河北省,张家口市,宣化县,,,,,,103.369019,34.707512
张家口市宣化清真南寺,,河北省,张家口市,宣化县,,,,,,103.369019,34.707512
张家口西关清真寺,年代不详,河北省,张家口市,,河北省张家口市西关,张家口西关清真寺位于河北省张家口市西关，清雍正年间当时教民捐资兴建了清真寺，占地约2.5亩，有房48间，为张市最早的清真寺。,,,,115.223358,40.376053
张家口新华街清真寺,清同治二年,河北省,张家口市,,,新华街清真寺是河北省张家口市的清真古寺之一，始建于清同治二年。清真寺占地为3.5亩，有房57间。,,,,100.307110,25.227140
张家口上堡清真寺,年代不详,河北省,张家口市,,河北省张家口市上堡大平山,上堡清真寺位于河北省张家口市上堡大平山，占地面积约1.8亩。其高目多马、于、郭、罗、郝、梁、魏等姓。,,,,114.746407,40.864632
涿州市西秧坊清真寺,1985年,河北省,涿州市,,,西秧坊清真寺位于河北省涿州市百尺竿乡西秧坊村内。始建于明初，多次损毁重建，1998年再次进行扩建，现寺占地1904平方米，总体布局为二进院。西秧坊清真寺现为河北省涿州市县级文物保护单位。,,,,106.216919,34.994381
安阳清真寺,年代不详,河南省,安阳市,,河南省安阳市驴市街39号,安阳清真寺位于河南省安阳市驴市街39号。安阳清真寺始建于清乾隆五十二年(1787年)，咸丰六年(1856年)重建。占地面积2.24亩，礼拜大殿为砖木结构两进瓦房，建筑面积109平方米;另有平房11间。瓦房21间，建筑面积共367平方米。.本寺坊有教民600余户，9000余人，均为回族。,,,,114.343380,36.093470
民权县北关镇金庄清真寺,,河南省,济南市,长清区,济南市长清区,金庄清真寺，座落在民权县北关镇金庄村，坊上回民1100人，主要居住在金庄。金庄清真寺始建于1938年，后几经翻修，现有礼拜典10间，北讲堂3间，南屋4间，大门3间，占地1.3亩。清真寺北侧有女寺一座，有女礼拜殿3间，水房1间，阿訇住室1间。,,,,116.751990,36.553580
民权县林七乡金庄清真寺,,河南省,济南市,长清区,济南市长清区,金庄清真寺，座落在林七乡金庄村，有回族居民310人，主要分布在金庄、林七、杨庄户。该寺现在讲堂3间，水房1间，占地0.5亩。,,,,116.751990,36.553580
博爱县西关清真寺,年代不详,河南省,焦作市,博爱县,河南省博爱县西关,"河南省博爱县西关清真寺，又名凤凰寺。坐落在县城西关东西大街村正中路北，是一座古老宫殿式建筑群，位于西关大街中段路北，坐西朝东，建于元代，盛于明、清，1982年7月被博爱县人民政府公布为县重点文物保护单位。到2009年已有600多年的历史，素有""河北首方""之美称。",,,,113.057167,35.169930
博爱县大新庄清真东大寺,年代不详,河南省,焦作市,博爱县,焦作市博爱县许良镇大新庄村,"博爱县大新庄清真东大寺，位于焦作市博爱县许良镇大新庄村。东大寺系目前豫北现存规模最大、保存最完整的伊斯兰教古寺，原建于太行山南麓、丹河东岸的上省庄，清初因遭水患迁至现址。该寺属于典型的中国宫殿式清真寺建筑风格，堪称""豫北首坊""。",,,,113.007812,35.193001
孟州市清真张寺,年代不详,河南省,焦作市,孟州市,,张寺位于西桑坡偏东处，为原有张姓穆民修建，故称张寺。创建于清同治二年(1864)。,,,,116.010841,36.065479
孟州市清真西寺,年代不详,河南省,焦作市,孟州市,桑坡偏西北处,清真寺简介:西寺位于桑坡偏西北处，创建于清道光8年(1829)年，该寺是庞士谦大阿訇的启蒙母校。原建有大殿、卷棚、讲堂及街房、水房、门房计39间。1943年战乱期间，讲堂和街房毁于匪患。l959年(宗教改革期暗1)N当地洪灾将学校淹毁，清真寺被学校占用多年，文革期间又被大队做皮革厂使用，直至l980年恢复开放。,,,,113.012970,35.194553
孟州市寨内老女寺,1999年至2000年,河南省,焦作市,孟州市,,孟州市寨内老女寺，该寺早年原建系砖基坯墙房舍，虽曾几经维修，但因年久房顶木朽瓦破，土坯受潮，硝碱侵蚀，岌岌可危，1999年至2000年全部拆旧重建。,,,,112.791340,34.907350
孟州市清真上寺,清嘉庆二十四年（公元1819年）,河南省,焦作市,孟州市,河南省孟州市,孟州市清真上寺位于东桑坡寨内，该坊因丁姓为多，亦称丁寺。始建于清嘉庆24年(公元1819年)原有大殿、寺窑、卷棚、南北讲堂、水房、门房等共56间。寺院建筑对称，灰墙绿瓦，古色古香。,,,,112.791340,34.907350
孟州市清真老寺,年代不详,河南省,焦作市,孟州市,西桑坡偏南处,孟州市清真老寺位于西桑坡偏南处，创建于清太宗崇德年间(公元1636年)，因是本村第一座清真寺，故称老寺;又因附近居住的穆民以白姓为多，亦称白寺。,,,,112.868065,34.903641
孟州市西女寺,年代不详,河南省,焦作市,孟州市,,该寺原在村西头的最南边，有大殿5问，讲堂及阿訇住室3间，水房5间，计16间。文革中被生产队占用多年，以至破烂不堪，这次在再建清真西寺的同时，也将女寺搬迂于男寺南邻。,,,,114.569153,30.664232
孟州市东女寺,年代不详,河南省,焦作市,孟州市,,该寺原有礼拜殿三问，水房三间，讲堂及阿訇住室六间，均足一般房舍，文革中被生产队占用。,,,,114.569153,30.664232
孟州市寨内新女寺,年代不详,河南省,焦作市,孟州市,,该寺于1995年至1996年由男寺拔给地二亩，紧靠男寺北侧建女寺一座，寺院东西有隔墙分前后两院，前院有北房5间，街房门楼4间;后院有大殿5间，北讲堂及阿訇住室4间，水房5间，殿后有寺窑5间，窑殿高20余米，跨度8米，大殿加寺窑可容纳250人礼拜，前门面房全部出租，每年可有几千元收入，大大缓解了清真女寺的经济状况。,,,,112.791340,34.907350
孟州市张女寺,年代不详,河南省,焦作市,孟州市,,该寺1996至l997年修建，在清真张寺前跨边，有大殿3间，阿訇住室2间，有北水房2问，南住室2间，计房9间。,,,,103.210910,35.601220
孟州市白女寺,年代不详,河南省,焦作市,孟州市,,该寺1993至1994年修建，在男寺南侧，有大殿3间，阿訇住室3间，仓库房3间，计房12间(2003年又进行了一次翻修)。,,,,103.210910,35.601220
孟州市清真东寺,清道光六年(1827年),河南省,焦作市,孟州市,中国孟州,东寺位于桑坡东寨外，创建于清道光六年(1827年)有老辈杨百海、丁进魁、杨百令、丁奉全等捐耕地l2亩(现有碑记)而建，初建何大殿5问，继建卷棚5间，后又续建南北讲堂、水房、街房等计房舍35间，在历代阿訇、乡老的维护管理下，寺院堂清舍净，古柏参天，方草沁香，清雅宜人。然在十年浩劫中亦难幸存，l968年村中为办电筹资，大队将大殿卷棚拆除变卖，其他房含被生产队占用。,,,,112.791340,34.907350
武涉县木菜店清真寺,年代不详,河南省,焦作市,武涉县,,木菜店清真寺位于河南省武涉县木城镇胜利街。始建于明崇祯末年，后经历过多次重建。现今清真寺内建有诵经室、阿訇宿舍、讲堂、沐浴室等房屋14间。,,,,102.953278,35.466393
开封善义堂清真寺,同治十三年(公元一八七四年),河南省,开封市,鹁鸽市,鹁鸽市,"回回民族几乎全民族信仰伊斯兰教。鹁鸽市这一聚居区的回民，定居不久，就要求建立清真寺，但鉴于所谓""秦川之乱""才平，而由陕西东来的这一部分回族人建寺之事，恐难得到开封祥符县准核，故仿效省会各会馆聚同乡义事之举，筹建""善义堂""。由在城商民""忠义和""号马自忠(前谓南候选同知)""信义长""号，苏占杰、""明发祥号伍廷发、""义升德""号于义升，""德盛店""号洪德语、""复盛和""号马自鸱等联名呈请祥符县准许建寺。",,,,114.356300,34.792690
登封县石道清真寺,年代不详,河南省,开封市,登封县,,石道清真寺位于河南省登封县石道西街。始建于清宣统三年(1911年)，多年来经历数次重建，最近一次于1988年重建。现今全寺占地面积3亩。,,,,123.443451,41.801399
封丘县前荆乡东清真寺,年代不详,河南省,开封市,封丘县,,前荆乡东清真寺位于河南省封丘县荆乡回族乡。始建于1928年，当时全坊仅有40余户，人口不满三百，经几位信仰坚定的老人倡导，教众们一致赞同，自力更生、聘请知名大阿訇，建立了伊黑瓦尼新坊。,,,,114.306630,30.524850
封丘县海庄清真寺,年代不详,河南省,开封市,封丘县,,海庄清真寺位于河南省封丘县李庄乡海庄村。始建于清光绪十八年(1892年)，1985年重建。现今清真寺为仿中国古建筑形式，寺门为歇山顶式建筑，礼拜大殿分卷棚、正殿、窑殿三部分。,,,,105.643590,36.565240
兰考县红庙清真寺,年代不详,河南省,开封市,兰考县,河南省兰考县红庙乡,相传该寺始建于清乾隆二十二年(1757年)，光绪二十三年(1897年)4月重修。大殿建筑面积60平方米，占地总面积约0.6亩。本坊教民120户，650人，均属回族，遵行格迪目。,,,,114.936478,34.855526
兰考县堌阳清真寺,年代不详,河南省,开封市,兰考县,河南省兰考县堌阳镇,堌阳寺原名考城清真寺，始建于清朝中叶，具体年代不样，最近重建在1985年。该寺占地约0.7亩，总建筑面积82平方米，大殿面积50平方米，为平房。本坊教民约35户，有175人，均为回族，属格迪目。,,,,114.962112,34.958290
杞县西关周家寺,清朝末年,河南省,开封市,杞县,杞县北家后村西坑东沿,周家清真寺，大殿6间，南讲堂5间，北讲堂5间，门楼2间，左右陪房各3问，后宅和女寺10间，总建筑面积410平方米，寺房布局合理，建筑群威严壮观，有鲜明的民族特色。,,,,114.688087,34.392200
杞县圉镇清真寺,清康熙二十五年(1686年),河南省,开封市,杞县,城内25公里,圉镇清真寺:该寺位于城内25公里处杞县圉镇前城村，回族人口一千口左右。,,,,114.708183,34.339886
杞县阳固清真寺,年代不详,河南省,开封市,杞县,县城北20公里,阳固清真寺位于杞县阳固乡阳固东村。寺院于于1997年重建，占地面积1庙左右。,,,,114.805031,34.691433
杞县西关张家清真寺,年代不详,河南省,开封市,杞县,西关,西关张家清真寺坐落于河南省杞县西关北家后村南坑北沿。1805年建成。1981年改为西关清真寺。,,,,114.775314,34.556110
杞县西关清真寺,年代不详,河南省,开封市,杞县,西关北家后村南坑北沿,西关清真寺:就是由张家寺周家寺，城内郭家寺三坊合并一坊的一所年轻清真寺。西关清真寺位于西关北家后村南坑北沿。,,,,114.775314,34.556110
杞县湖岗清真寺,年代不详,河南省,开封市,杞县,位于县城南25公里湖岗乡湖岗后村,湖岗清真寺位于县城南25公里湖岗乡湖岗后村。占地面积1.3亩左右，共有两姓家族一姓马，一姓周。两大家，人口1百余口。,,,,114.694008,34.390644
杞县城内郭家清真寺,年代不详,河南省,开封市,杞县,位于城内大西门里来源街路东,郭家清真寺位于城内大西门里来源街路东，城内回族人口一百二十口左右，主要由郭家负责所以称郭家寺。后来郭氏迁走由城内回族群众负责，曾在该寺任聘的阿訇有李阿訇，周耀官阿訇。文革中遭到破坏至今。,,,,114.716408,34.539852
杞县玉皇庙东寺,年代不详,河南省,开封市,杞县,玉皇庙东庄路北穆斯林,该寺位于玉皇庙东庄路北穆斯林，因阴天下雨去西头寺里礼拜实属不便，由于群众的迫切要求，大队同意，县政府批准，。,,,,114.719025,34.539993
杞县常岭寺清真寺,年代不详,河南省,开封市,杞县,,常岭寺清真寺位于县城北15公里阳固乡常岭寺村，建于民国31年(1942年)，多年来经历数次修建，最近一次在1999年。现今现大殿为面积150平方左右。,,,,114.833748,32.862057
杞县板木清真寺,解放初期,河南省,开封市,杞县,,板木清真寺:该寺位于县城南30公里板木乡板木西北村西头路北，始建于解放初期，坊上刘、范、李三姓人家120来口人。据老人讲是来自荥阳卖皮货的穆斯林建造。在没有盖寺之前，有红白事去圉镇清真寺请阿訇，北屋3间当时两问礼拜一间住阿訇，水房1间。于1997年清真寺重新修建，占地1亩3左右，大殿4间，北讲堂3问，水房1间，寺院清洁干净。在该寺任聘的阿訇有:王常安(睢县)，王传中阿訇，马阿訇(太康)，马林文阿訇(民权)，吕阿訇(太康)。,,,,114.650480,33.647380
通许县邸阁清真寺,年代不详,河南省,开封市,通许县,,邸阁清真寺位于开封市通许县邸阁镇。始建于明末，1985年再次重修。现寺占地二亩有余，总建筑面积达300平方米，其中大殿130平方米，为砖木结构的卷棚式仿古建筑。,,,,113.635902,33.240551
尉氏县南川南街清真寺,年代不详,河南省,开封市,尉氏县,,南川南街清真寺位于尉氏县南门内路。创建于明末崇祯年间。藏经15卷。本坊有阿旬1人，满拉2人，学董6人.教民105户，共452人，均属回族，遵奉格由目教礼。,,,,129.283650,47.137990
尉氏县张市清真寺,年代不详,河南省,开封市,尉氏县,河南省尉氏县张市镇南街,该寺始建于清康熙年间(1662一1722年)，同治十二年(1873年)重修，1938年国民党政府掘开郑州花园口后被淹没。原寺占地面积7亩，礼拜大殿为中国古典式，前有卷棚，飞檐翘角，雄伟壮观;另有北讲堂、沐浴室等建筑，共计房屋40余间。,,,,114.290848,34.348473
郑州北大清真寺,年代不详,河南省,开封市,,北大街128号,郑州清真寺因地处北大街，故又名北大街清真寺、北大清真寺或北大寺，是伊斯兰教在郑州建造最早、规模最大的清真寺。始于元末明初。郑州北大清真寺有明代宣德炉两只，为稀世之物。本寺是河南省级文物保护单位之一。郑州是全国旅游胜地，前来该寺观光礼拜的人数甚多。郑州清真寺是伊斯兰教的一种象征。,,,,114.365524,34.814304
开封西皮渠清真寺,1980年,河南省,开封市,,河南省开封市,西皮渠清真寺，原叫西北域清真寺，位于河南省开封市的包公祠北，包公祠市场后。大门朝西，门前两边各卧石狮一。大殿座西向东，该寺计有大殿三间，水房二间，教长室二间，居委会房间一。,,,,114.348160,34.788610
开封文殊寺街清真寺,公元1458年,河南省,开封市,,开封市鼓楼东北,文殊寺街清真寺位于开封市鼓楼东北。始建于明朝(公元1458年)，现寺是在顺治六年重新修建的，其规模比原寺为小，东至街中，西至书店街。其中寺里存六块历史悠久的碑，分别是《万历甲辰碑》、《道光十八年碑》、《刘氏重树先人乐输清真寺市房碑记》、《文殊寺街清真寺义学碑》、《同治四年乙丑碑》和《光绪廿七年(公元1901)文殊寺重修碑》。,,,,114.348160,34.788610
开封三民胡同清真寺,年代不详,河南省,开封市,,河南省开封市鼓楼西街三民胡同,位于鼓楼西街三民胡同，坐西向东，该寺位置很优越，处古汴中心。,,,,114.348160,34.788610
开封宋门关清真寺,年代不详,河南省,开封市,,,宋门关清真寺位于城东宋门关中街2号，1910年以前，宋门关是一片沙漠荒郊，其间有不少坟墓，尤以回民坟多。起初定居有杜、李、王姓四家，以看坟为主，不久又从南阳、荥阳、商丘及黄河北岸封丘、贾村、海庄、陈桥等地迁来数家，以经营小商贩、开饭铺客店、花生行、柴草行、面坊拉车、买牛羊肉、菜等为业.1920年建立,,,,116.898712,38.267941
开封南教经胡同清真寺,年代不详,河南省,开封市,,,南教经胡同清真寺，位于草市街中段，与乐观街正对，大约有四、五十年历史。现大殿四间，座西向东。大殿前南为水房三间，北为教长室三间，教长室北为围房八间。有海里凡一人，系民权县人。,,,,100.478010,38.929670
开封县朱仙镇清真北寺,明嘉靖十年（1531年）,河南省,开封市,,河南省开封县朱仙镇乡,开封县朱仙镇清真北寺始建于明嘉靖十年(1531年)，复修于清乾隆九年(1744年)距今已有450余年的历史。整个寺院面积14亩、建筑雄伟壮观，前大门外有石狮子一对，两边是八字墙;门内有精美雕花石柱12根。,,,,114.267082,34.615334
开封清真东大寺,年代不详,河南省,开封市,,河南省开封市清平南北街7号,开封清真东大寺，又称东清真寺，古称大梁清真寺，占地十余亩，为河南省规模最大的清真寺。该寺始建年代不详。原址在古开封城外东南三、四里处的文庄，迁入今址的时间不详。,,,,114.364182,34.793250
开封家庙街清真寺,年代不详,河南省,开封市,,龙亭夏家庸前街中段,开封家庙街清真寺，位于龙亭夏家庸前街中段，创建于清咸丰元年1857年2月。初为草房，同治十二年1873年重修。,,,,114.354610,34.815680
开封东大清真寺,年代不详,河南省,开封市,,河南省开封市,开封东大清真寺位于开封市清平南北街7号，属于国家级模范清真寺、全国重点文物保护单位。寺内现存有清康熙年间的《重修大梁清真寺碑记》。,,,,114.348160,34.788610
开封洪河沿清真寺,民国十一年三月十八日,河南省,开封市,,开封市鼓楼街北,洪河沿清真寺位于开封市鼓楼街北，文殊寺街清真寺东侧，洪河坑的北岸，座西向东。始建于民国十一年三月十八日，其本坊教民原属文殊寺街清真寺，因宗教上意见不合，民国十一年分开，计有数百十户。他们整分去了二分之一的人数和一条洪河沿街。,,,,114.360191,34.793530
开封北门大街清真寺,公元1933,河南省,开封市,,开封市北门大街路西73号,北门大街清真寺在开封市北大寺西半里许，北门大街路西73号，座西向东，大门临街。,,,,114.348160,34.788610
洛阳市中窑清真寺,年代不详,河南省,洛阳市,瀍河回族区,洛阳市征河回族乡徐家街50号,中窑清真寺又名北窑上寺。洛阳在河是中国著名的城市回族聚居区之一，中窑清真寺位于洛阳市征河回族乡徐家街50号。因地居股河下游，回族人众多而得名。区内有陇海铁路从区内通过，是历史上著名的商业贸易区，为山货、土杂、食盐、布匹的集散地，食品、皮毛、制革业也比较发达，近几年又兴办了汽车配件厂、精研磨具厂、窗纱厂等。区内回族文化教育和医疗卫生事业比较发达。寺有教民500户，1800人，回族。尊奉格迪国教礼。寺有阿訇1人，念经满拉7人。,,,,112.488968,34.702751
洛阳市马坡老寺,年代不详,河南省,洛阳市,瀍河回族区,河南省洛阳市在河回族乡,马坡老寺原名清真上寺，始建于明朝末年，清乾隆二十年(1755年)扩建大殿。据寺内现存碑文记载，该村有教民马坤，在病危中嘱咐下辈将祖业地63亩捐给老寺，以维持寺的费用，并嘱咐儿孙不准收回耕种，后人尊称他为老大爷。,,,,112.488968,34.702751
洛阳市北窑清真寺,1915年,河南省,洛阳市,瀍河回族区,洛阳市志河回族区,北窑清真寺位于洛阳市志河回族区，始建于1915年。原有3座清真寺，该寺居中，亦名北窑中寺。其中礼拜大殿为阿拉伯式双层建筑，上层为礼拜正殿，下层为男、女沐浴室、会客室、小礼拜殿。,,,,112.510780,34.704310
洛阳市塔湾清真东寺,年代不详,河南省,洛阳市,瀍河乡,河南省洛阳市瀍河乡,该寺始建于光绪三十三年(1907年)，到1942年至l946年间，因日本侵华，中原沦陷，寺内宗教活动不能正常进行;1967年至1979年，又由于受极左思潮影响，也没能正式开展宗教工作、党的十一届三中全会以来，落实党的宗教政策，该寺的宗教活动终于可以正常开展起来。该寺占地面积共约6亩，分为前后两个院子。寺院门厅为水泥石板墙面，拱形的大门，门两旁的几间房子为水房，门厅的顶部中间是个绿色的大圆顶，圆顶上端是一颗象征伊斯兰教特征的月牙。,,,,112.510780,34.704310
洛阳市小李村清真南寺,年代不详,河南省,洛阳市,谨河回族乡,河南省洛阳市谨河回族乡,据考小李村回族最早于明初由陕西扶风迁人，因经商而落居。清光绪九年(1883年)为满足穆斯林宗教生活之需，由马玉山筹建清真寺，虽不够华丽，却简朴庄严。,,,,112.488968,34.702751
洛宁县中原清真寺,清咸丰八年（1858年）,河南省,洛阳市,洛宁县,河南省洛宁县王范回族镇,中原清真寺位于河南省洛宁县王范回族镇，建于清咸丰八年(1858年)，多年来历经沧桑，并关闭宗教活动，于1983年得以恢复。现今占地面积约9亩，大殿为传统古典式建筑。,,,,111.637527,34.387161
洛宁县长水街清真寺,年代不详,河南省,洛阳市,洛宁县,,长水街清真寺又名河码头清真寺，始建于明末，至清雍正年间，寺院破旧不堪，曾翻修一次。光绪六年(1880年)随着穆民人口增多，寺院再次扩建和维修。,,,,112.973843,28.192788
洛宁县王沟清真寺,年代不详,河南省,洛阳市,洛宁县,,王沟清真寺位于河南省洛宁县小界乡王沟村，建于清末。小寺殿堂相配，结构完善，回民群众环寺安居。,,,,114.017799,33.401550
洛宁县王范清真寺,年代不详,河南省,洛阳市,洛宁县,,"王范清真寺又称王范礼拜寺，位于河南省洛阳市洛宁县王范镇。建于明末。寺内现存""开天古教""古匾1块，乾隆时期用以练武的""抱石""1块等。",,,,114.017799,33.401550
洛宁县王范清真女寺,年代不详,河南省,洛阳市,洛宁县,河南省洛阳市洛宁县王范镇,该寺始建于1924年，是独立于王范男寺以外的又一座清真寺，后迫于传统观念的压力而自行关闭。,,,,111.638992,34.384869
洛宁县缝衣口清真寺,年代不详,河南省,洛阳市,洛宁县,,缝衣口清真寺位于河南省洛宁县长水乡，始建于1901年。全寺占地面积1.8亩，大殿建筑为悬山式，建筑面积100方米。,,,,114.493390,36.618530
汝阳县三屯乡东保清真寺,光绪十年（1884年）,河南省,洛阳市,汝阳县,河南省汝阳县三屯乡东保村丁家拐,东保清真寺位于河南省汝阳县三屯乡东保村丁家拐。创建于光绪十年(1884年)，以后屡有修葺，最近一次于1990年翻修。现寺占地2亩，建筑总面积310平方米。,,,,112.502235,34.061745
嵩县车村清真寺,年代不详,河南省,洛阳市,嵩县,,车村清真寺位于河南省嵩县车村乡车村。现占地0.4亩，修建砖木结构大殿3间，约60平方米，配以附属用房，请了1名阿訇。现有教民60户，252人，均系回族。,,,,115.670720,36.233610
新安县铁门清真寺,清光绪三年（1877年）,河南省,洛阳市,新安县,,铁门清真寺位于河南省新安县铁门乡，始建于清光绪三年(1877年)，全寺占地面积约0.3亩，建筑面积240平方米，大殿为一般民房。,,,,124.159160,42.546820
偃师全屯清真寺,年代不详,河南省,洛阳市,偃师市,,"全屯清真寺，又名真光寺，坐落于河南省偃师。始建于清光绪十七年(1891年)，在""文革""期间大殿等建筑遭到严重破坏，1986年党的民族宗教政策落实后，当地穆斯林齐心协力，出力捐资，重新迁建。现寺共占地6亩，寺院红色砖墙环绕，绿树簇拥",,,,122.828000,41.997670
偃师马屯清真寺,年代不详,河南省,洛阳市,偃师市,,马屯清真寺坐落于河南省偃师市缑氏乡，始建于明嘉靖元年(1522年)，现寺占地3亩，总建筑面积达140平方米。其中，大殿90平方米，为土木结构古建筑形式。,,,,118.265617,34.652191
偃师布村清真寺,年代不详,河南省,洛阳市,偃师市,河南省偃师市,布村清真寺，位于河南省洛阳市偃师市缑氏镇布村。始建于乾隆四十七年(1782年)，随着时代的变迁，经过屡次损毁与重建。现寺占地面积0.82亩，总建筑面积220平方米。,,,,112.789650,34.727630
宜阳县韩城清真寺,年代不详,河南省,洛阳市,宜阳县,,韩城清真寺位于宜阳县韩城镇西关村窑湾村东部，是宜阳县境内唯一的清真寺。明朝末年由西北穆斯林商人资助兴建。韩城曾为战国时韩国国都，古代交通枢纽，商业重镇，穆斯林多因经商而落居。,,,,105.643590,36.565240
洛阳市新街清真寺,年代不详,河南省,洛阳市,,河南省洛阳市,新街清真寺是河南省的清真寺之一。该寺始建于明朝中叶，清朝咸丰年间名河暴涨，寺院毁于一旦，洛阳市回族群众齐心协力，资助巨款，使重建寺院气势更为恢弘，距今已有400多年历史。新街寺是洛阳最早建立的清真寺，每逢重大节日或重要聚会。新街清真寺位于河南省洛阳市新街。,,,,112.510780,34.704310
洛阳市塔西村清真寺,明代,河南省,洛阳市,,河南省洛阳渡河回乡塔西村,塔西村清真寺，原来叫塔儿湾村清真寺，坐落于河南省洛阳渡河回乡塔西村，创建于明代。大全寺占地面积4亩有余，其中大门为阿拉伯式建筑，大门左右各为圆柱形高塔，塔顶为绿色圆顶，塔共3层。,,,,112.509003,34.690002
洛阳市马坡清真中寺,年代不详,河南省,洛阳市,,河南省洛阳市銮河回族乡,"洛阳市马坡清真中寺建于清咸丰年间，""文革""时遭破坏，落实政策后修复一新，恢复了当地信教群众的正常宗教活动。在1987年改建大殿时，本坊乡老孙西周拿出7000元巨资奉献给清真寺。修复后的马坡清真寺，大殿建筑面积38O平方米，占地面积3.1亩，本坊有教民723户，435O人，均属回族。",,,,112.488968,34.702751
洛阳市东关清真寺,1981年5月,河南省,洛阳市,,,洛阳市东关清真寺位于河南省洛阳市廛河区河回族区，相传建于清乾隆年间。清代几经扩建，最近一次大规模重修在1981年。现为洛阳市伊斯兰协会所在地。,,,,112.510780,34.704310
洛阳市东车站清真寺,年代不详,河南省,洛阳市,,河南省洛阳市东新安街,洛阳市东车站清真寺位于河南省洛阳市东新安街，创建于1935年。清真寺占地面积约2.5亩、建筑总面积960平方米。建筑式样为鼓顶式，即大殿平顶周缘砌放简瓦并使形成坡面和屋脊。大殿面积为75平方米。,,,,112.510780,34.704310
洛阳西工清真寺,,河南省,洛阳市,,,,,,,103.369019,34.707512
临颍县埚壅口清真寺,年代不详,河南省,漯河市,临颍县,,壅口清真寺，位于临颖县繁城回族镇埚壅口村，坊上有回民360人，回族主要以杨、刘两姓氏为多。,,,,100.190781,25.440212
临颍县黄莲城清真寺,年代不详,河南省,漯河市,临颍县,河南省漯河市临颍县,黄莲城清真寺，位于临颍县陈庄乡黄莲城村，创建于清同治六年(1868年)。现在占地将近1亩，有坊上有回民320人。黄莲城有回民定居。,,,,113.934430,33.809580
临颍县南街村清真寺,年代不详,河南省,漯河市,临颖县,临颖县南街村,南街村清真寺，始建于清康熙五十年(1712年)，民国时期重修。位于临颖县南街村，坊上有回民1200人。,,,,113.951958,33.803398
临颖县繁城清真寺,年代不详,河南省,漯河市,临颖县,,繁城清真寺始建于明朝。礼拜大殿为正方形建筑。全寺占地面积2亩，全寺建筑总面积2653平方米。1991年7月，在镇党委、镇政府的关心下，经过多方筹资，清真寺重建第一期工程正式开始主要工程有前门、女寺、男水房、讲堂屋、学生住室、阿訇住室，建筑面积1057平方米，1991年10月1日竣工。清真寺重建第二期工程于1993年夏开工，是年12月份竣工，主体工程是大殿和卷棚，建筑面积653平方米。1997年，繁城清真寺的标志性建筑，六层望月楼，经广大穆斯林的共同努力，又重新屹立在民族古镇的中心，望月楼样式新奇，宽敞华丽、楼头尖塔、圆顶、星月标志闪烁发光。到1998年底，清真寺的重建工程已全部竣工。新建的清真寺宏伟壮观、富丽堂皇。寺院内植以苍松翠柏、鲜花绿草，显得富丽气派，清新典雅。,,,,113.809914,33.875259
舞阳县西街清真寺,公元1374年,河南省,漯河市,舞阳县,舞阳县舞泉镇西街,西街清真寺位于舞阳县舞泉镇西街，坊上2009年有回民600人，大多分布在西关、东关、南关，回民主要姓氏有杨、马、宛、刘、佟、巴、陈、胡、李等姓氏。,,,,113.599358,33.433170
舞阳县裴庄清真寺,年代不详,河南省,漯河市,舞阳县,舞阳县章化乡裴庄村,舞阳县裴庄清真寺，位于舞阳县章化乡裴庄村，坊上有回民320人，回民主要姓氏有吕、李、周、胡等姓氏。现任教长系襄城县陈伟阿訇。,,,,113.597580,33.682171
舞阳县河北街清真寺,年代不详,河南省,漯河市,舞阳县,舞阳县侯集乡河北街村,舞阳县河北街清真寺，位于舞阳县侯集乡河北街村。河北街，是舞阳县最大的回民聚居地。清真寺自清末以来的主要任教阿訇有:哈道亮、哈二民等人。,,,,113.703453,33.627560
舞阳县北舞渡清真寺,年代不详,河南省,漯河市,舞阳县,,北舞渡清真寺位于舞阳县北舞渡镇，又名定陵镇，位于沙河、辉河交汇处，西通汝洛、东下江淮、北达郑汴、南至荆襄，古代水陆交通十分便利。回民迁居北舞渡始于清初，大多分布在北舞渡村、顺河街、小宛庄、小新村等地，回族人口500人。回族主要姓氏有丁、闪、宛、佟、李等姓氏。,,,,114.348160,34.788610
郾城县周庄清真寺,年代不详,河南省,漯河市,郾城县,,周庄清真寺，位于郾城县龙城镇回马村周庄村北，坊上有回民150户，850人。回族主要姓氏有:周、袁、马等姓氏。,,,,114.647781,33.621578
郾城县后油李清真寺,年代不详,河南省,漯河市,郾城县,,郾城县后油李清真寺，于1995年建成，位于郾城县召陵乡后油李村，坊上有回民700人，以王、艾、李等姓代居多。建有礼拜殿3间，讲堂屋4间，水房3间。,,,,121.798540,41.594650
郾城县城关清真寺,明朝初年,河南省,漯河市,郾城县,,郾城县城关清真寺，位于郾城县城关许慎路北侧。坊上有回民1500人，大多居住在城关和孟庙镇许庄等地。回族主要姓氏有:许、张、佟、宛、李、马、周、丁、袁、吕、王等姓氏。,,,,121.798540,41.594650
郾城县问十清真寺,年代不详,河南省,漯河市,郾城县,,问十清真寺位于郾城县大刘乡问十村漯舞路北。坊上有回民260人，清真寺始建于解放前，1957年8月被洪水冲毁，因坊上回族群众少，重建清真寺困难重重。党的十一届三中全会后，问十村回族群众的经济得到了发展，广大人民群众的生活水平有了显著的提高。,,,,114.348160,34.788610
郾城县前油李清真寺,年代不详,河南省,漯河市,郾城县,,"前油李清真寺，位于召陵区召陵镇前油李村内。坊上有回民210户，1400人。据传说该寺建立于明朝初年，清康熙六十一年(1722年)重修。解放前，前油李清真寺有土地60亩，房子21间，包括大殿3间、后院堂屋9间、东堂房3间、东屋3间(学生住室)、水房屋3间、北讲堂3间。""文革""时，清真寺里没阿訇，也无人管理，毁坏严重。1982年经回族群众集资，重修了水房和北讲堂。1994年重建门楼一座。现在清真寺有大殿3间，北讲堂3间(教长室)，东屋3间(水房屋)，其他房屋4间。寺内现生长着一棵古松。树围约有2米多，高数丈。枝繁叶茂，郁郁葱葱。据林业部门鉴定，已有五百余年树龄。",,,,114.306630,30.524850
郾城县久寨徐清真寺,年代不详,河南省,漯河市,郾城县,,久寨徐清真寺，位于郾城县东四十五里处之召陵乡久寨徐村，坊上有回民1000余人，以张、李、王等姓氏居多。占地面积600平方米。建有礼拜殿、讲堂屋、水房等房屋，建筑总面积300多平方米。,,,,114.846760,38.021660
郾城县回马村清真寺,年代不详,河南省,漯河市,郾城县,郾城县龙城镇回马村,回马村清真寺位于郾城县龙城镇回马村。坊上有回民470户，1400人。回族主要姓氏有:马、宛、周、袁等姓氏。,,,,114.006640,33.587050
郾城县胡庄清真寺,年代不详,河南省,漯河市,郾城县,城西北三十五里处的商桥镇胡庄村,胡庄清真寺，位于郾城县城西北三十五里处的商桥镇胡庄村。现占地1亩，有大殿3间，北屋3间。坊上有回民480人，大多居住在胡庄、商桥街和临颍县王街。回族主要以佟、马两姓氏居多。,,,,113.918114,33.720913
郾城县东宛清真寺,年代不详,河南省,漯河市,郾城县,,东宛清真寺坐落于郾城县城西三十里处新店乡东宛村，占地近四亩，建筑面积800多平方米。清真寺气势雄伟神圣，富有伊斯兰建筑风格。新寺的落成既为穆斯林群众宗教生活提供了一个良好环境，同时也成为民族团结进步的一个新的宣传窗口。,,,,113.487940,34.140480
郾城县常村清真寺,年代不详,河南省,漯河市,郾城县,,常村清真寺位于郾城县东四十五里处之召陵乡常村，坊上有回民800余人。寺院占地面积1000余平方米，计有礼拜殿，北讲堂，水房，大门等房屋共计十余间，建筑面积400平方米。,,,,97.182610,31.140011
漯河市清真南寺,年代不详,河南省,漯河市,源汇区,河南开封,"清光绪三十三年(1906年)京汉铁路修通，在距源汇寨一公里处设郾城火车站(现为漯河车站)，致使火车站附近忽然繁忙起来。从各地迁来经商的回民日见增多。从开封迁来的回族穆斯林聚居在火车站附近的南草园、南马路(现人民路)和复兴商场、马家院(现人民电影院东边、已折迁)。因距离寨内清真寺远，宗教生活不便，迫切要求就近建寺。限于经济不及，1911年在马家院借马德元的房子立寺，请刘振祥代阿訇，解决了燃眉之急。随后迁居的回族穆斯林增多，礼拜殿容纳不下，又借谢晋贤开的""清香池""澡塘楼上房子礼拜。经坊上回族穆斯林苦心惨淡经营，锐意积累，周树绅阿訇多方求助捐资，于1920年才在南菜园买地建立清真南寺。为铭记建寺艰辛，立碑二块记事流芳(文革期间均遭砸毁)。现坊上回族穆斯林一致公认，漯河市清真南寺始建于1911年，是开封穆斯林建的寺。",,,,114.348160,34.788610
漯河市寨内清真寺,清康熙五年（1666年）,河南省,漯河市,,,"寨内清真寺原坐落在古源汇寨西寨墙内，临近漯河东岸河堤。是漯河修建最早、规模宏大的古寺。占地面积九亩八分七厘二毫(5331平方米)，初建于清康熙五年(1666年)，距21世纪已有300多年历史。清真寺内曾立过四块碑记，现只残存一块，其余三块均在""文革""期间砸碎送窑烧成石灰。礼拜大殿于1975年修河堤时拆毁。",,,,111.814461,28.508053
漯河市清真东寺,1933年,河南省,漯河市,,铁路东水楼后街,漯河市清真东寺建于1933年(民国22年)，地址在万庄。清真东寺位于铁路东水楼后街，原由居住在铁路东的七家掌鞋户筹建。,,,,114.044907,33.573742
漯河市清真东大寺,年代不详,河南省,漯河市,,,漯河市清真东大寺位于市区铁路东科技经济开发区金山路南段，占地3亩，1992年要地，1999年5月开工，由马凌云，佟红伟发起。,,,,114.059235,33.562363
漯河市清真北寺,年代不详,河南省,漯河市,,菜市场街,漯河市清真北寺由周口地区的回族穆斯林捐钱建于民国12年(1923)，地址在菜市场街(今大新街)路东，中华路路南，地处火车站商业市场繁华地段。(现中华商场东端与区委院西端交接处)。据建国初期统计资料，该坊有300多户，600多口人,,,,113.920200,33.545280
漯河市临渠街清真寺,年代不详,河南省,漯河市,,,漯河市临渠街清真寺，也成漯河市清真西寺。原清真西寺位于临渠斜街路西，南临兴隆街(现勤俭街)，系1924年由郾城县周庄、马庄一带回族移居源汇区的宰牛宰羊户捐钱买地修建的清真寺。1932年建于(民国21年)，与北寺粉房相邻。,,,,112.488968,34.702751
邓州市清真西寺,年代不详,河南省,南阳市,邓州市,河南省邓州市小西关,现任教长:谢孝忠,,,,112.084328,32.664059
方城县阎岗清真寺,年代不详,河南省,南阳市,方城县,,阎岗清真寺位于河南省方城县券桥乡。,,,,120.163849,33.347569
方城县拐河清真寺,年代不详,河南省,南阳市,方城县,,"拐河清真寺位于河南省方城县拐河镇，始建于清光绪十七年(1891年)，原占地面积2.2亩，但多年后经历了""文革""与洪水，受到严重的损毁。1983年虽有修建，但不复本来样貌。现今只有礼拜大殿、讲堂等普通砖瓦结构房屋8间。",,,,114.962112,34.958290
方城县东关清真寺,年代不详,河南省,南阳市,方城县,河南省方城县东关,方城县东关清真寺位于河南省方城县东关，始建于明代，清光绪年间重建。现今全寺占地面积6.7亩，大殿建筑面积约200平方米。,,,,113.012550,33.254390
方城县东岗清真寺,年代不详,河南省,南阳市,方城县,,东岗清真寺位于河南省方城县袁店乡。本坊教民235户，980人，均为回族。该寺地处浅山区丘岭地带，土地贫脊，人均耕地少，水源缺乏，经济文化不发达.为解决寺内及教民用水，在郭德胜阿訇主持下，得各地穆斯林资助，于1993年打深水并(深达20余米)1眼，解决了急需，立有打井纪念石碑以示后人。,,,,87.617470,43.787182
南召县云阳清真寺,年代不详,河南省,南阳市,南召县,河南省南阳市,云阳清真寺早期只有草房数间，后在西北骆驼商客们的重金资助下，扩大了寺舍，.又全部改为瓦房。清乾隆和嘉庆年间先后沿着中轴线，依次建成了大门楼、南北厢房、卷棚、大殿、望月楼共24间。中华民国期间一度被土匪烧毁。1933年由郑州、漯河，洛阳等地捐款资助重修。该寺望月楼高3.5丈，楼顶装置着宝瓶,,,,112.539600,33.003600
内乡县清真寺,年代不详,河南省,南阳市,内乡县,河南省内乡县南大街,内乡县清真寺坐落于河南省内乡县南大街，建于明崇恢年间，历史悠久。全寺占地面积1.3亩，全寺建筑总面积为749平方米，大殿建筑面积389平方米，为中国宫殿式。,,,,111.849260,33.044830
社旗县城关清真寺,年代不详,河南省,南阳市,社旗县,,社旗县城关清真寺位于河南省南阳市社旗县，始建于明崇祯(1628—1644)年间。清真寺占地五亩一分，其中大殿檐间饰有精细的木雕花卉、人物，千姿百态。,,,,118.610283,24.823383
唐河县金光清真寺,年代不详,河南省,南阳市,唐河县,,金光清真寺又名常湾清真寺。该寺复建于1993年1月。本坊有阿訇1人、满拉2人、学董及乡老9人。藏阿文《古兰经》30本。,,,,115.374360,33.257220
唐河县湖阳东清真寺,年代不详,河南省,南阳市,唐河县,,湖阳东清真寺位于河南省唐河县湖阳镇。创建于明朝初年。该寺由湖阳东清真寺由本坊李姓祖先李顺在官拜总兵之后，回家省亲时为作纪念，特筹资兴建。,,,,112.755493,32.412670
新野县沙堰清真寺,明熹宗天启五年(1625),河南省,南阳市,新野县,,新野县沙堰清真寺始建于明熹宗天启五年(1625)，有榜眼马之骏撰额，邓县人彭姓穆斯林建造。《南阳宗教志》308而述撰写的记事碑文。此寺规模宏大，设备完备，具有清真寺建筑的典型特征，经过后世的不断修缮，建国后仍然保持着原来的格局。,,,,129.533620,48.290450
新野县横堤铺清真寺,年代不详,河南省,南阳市,新野县,,横堤铺清真寺位于新野县，民国十四年，由丁文生在本族中募资建造，是-—'座兼作丁氏祠堂的礼拜寺。,,,,130.904990,45.210720
镇平清真寺,年代不详,河南省,南阳市,镇平县,河南省镇平县城关乡,镇平清真寺该寺坐落于河南省镇平县城关乡，始建于明嘉靖五年(1526年)。建筑面积210平方米，全寺建筑面积1000平方米，大殿属悬山式。,,,,112.239944,33.035645
镇平县礼拜寿清真寺,明末,河南省,南阳市,镇平县,,礼拜寿清真寺始建于明末，后经顺治七年(1650)，光绪二十八年(1902)两次重修。占地三亩，建筑面积一亩二分。殿内精工描绘镇平县八个风景点的图画，十分毕肖,,,,113.648994,34.176884
镇平县贾宋清真寺,年代不详,河南省,南阳市,镇平县,,贾宋清真寺创建于明朝嘉靖三十五年(1556年)，坐落于河南省镇平县贾宋镇。多年来经历过数次损毁和重建，最近一次在1988年重建。现清真寺有集门楼、讲堂、客厅为一体的阿拉伯风格现代化双层楼房一座。,,,,104.079422,26.655062
新野清真寺,2006年3月,河南省,南阳市,,,新野清真寺是新野的清真古寺之一，2006年3月建成，高76米，占地7亩。,,,,129.533620,48.290450
南阳市瓦店清真寺,年代不详,河南省,南阳市,,,瓦店清真寺(老瓦店)是明崇祯年间创建的一座古寺，她坐落在河南省南阳市宛南重镇白河之滨的瓦店镇，坊民有2000余人，围寺而居.主要姓氏有王、马、买、余、白、柏、李等.大多布分在瓦南、瓦北和逵营三个村居住，清真寺占地面积10余亩，全部房屋44间，分别是:礼拜殿12间，讲堂15间，男女水房及南厢房共17间=当时，坊上原有义地18亩，现由瓦南、瓦北两个村分担管理，每年收益折成款交给该寺。,,,,116.928703,32.328327
宝丰县闪庄清真寺,年代不详,河南省,平顶山市,宝丰县,宝丰县东部李庄乡,闪庄清真寺位于宝丰县东部李庄乡，闪庄村。北部、东部与郏县连接，南部是平顶山。周围有七个回民自然村，村村连接，由三郎庙南寺、三郎庙北寺、礼拜寺、小崔庄寺、老崔庄寺、禄庄寺、辛庄寺。清真寺由中原寺(三郎庙南部)分解到礼拜寺，在48年由本坊乡老李法孟(已归真)，初建本寺。,,,,113.273369,33.839611
濮阳清真寺,光绪七年（1882年）,河南省,濮阳市,濮阳县,河南省濮阳县城内礼堂街南侧,"濮阳清真寺位于城内礼堂街南侧，始建于光绪七年(1882年)，坐南朝北，大门横匾上书""清真寺""斗大金字，为清末拔贡李多助所书。门额绘制山水松鹤图案，顶部两端及中部装修日月模型，看去非常别致。",,,,115.068413,35.703716
沁阳市水南关清真寺,年代不详,河南省,沁阳市,,,水南关清真寺位于沁阳市太行办事处水南关村，始建于元代，明、清均有增修，文革期间遭到破坏。1992—1995年，该村村民筹资对其进行了复修。,,,,103.747398,35.567692
汝州市临汝清真寺,年代不详,河南省,汝州市,,,临汝清真寺位于河南省汝州市临汝镇。始建于明朝，具体年代不详，后来屡有重建。现今清真寺占地面积约0.5亩。,,,,130.271713,45.295692
灵宝市新灵东街清真寺,年代不详,河南省,三门峡市,灵宝市,,新灵东街清真寺位于新灵东街繁华地段，修建于1989年11月。坊上有200多户穆斯林，均分别来自许昌、荥阳、商丘、周口、漯河、南阳、平顶山、卢氏、山东等地。在此安家落户的穆斯林，感赞真主，200多户穆民坚信安拉，虔心奉教。,,,,112.510780,34.704310
卢氏县北关清真上寺,年代不详,河南省,三门峡市,卢氏县,豫西的三门峡境内,卢氏县北关清真上寺位于豫西的三门峡境内，是该地区最古老的一座清真寺。该寺始建于清朝初期。寺院的主体结构有卷棚、大殿、六角形后窑。三部分组成，另有北讲堂、南讲堂、水房等设施。该寺现在是三门峡市文物保护单位，已准备申请河南省文物保护单位。,,,,111.218369,34.494171
民权县赵岗清真寺,年代不详,河南省,商丘市,民权县,王桥乡赵岗村北头,赵岗清真寺位于王桥乡赵岗村北头，始建于1928年，于1996年翻新。现寺有礼拜殿3间，占地2亩。,,,,115.232872,34.711052
民权县许庄清真寺,1935年,河南省,商丘市,民权县,,许庄清真寺，座落在北关镇许庄村，坊上有回民800人，主要居住在许庄。,,,,113.832470,34.026690
民权县吴庄寨清真寺,1948年,河南省,商丘市,民权县,,吴庄寨清真寺位于北关镇吴庄寨村，始建于1948年，后经历数次重建。现占地1.5亩，其中清真寺有礼拜殿3间。,,,,106.062430,37.425330
民权县王桥清真寺,年代不详,河南省,商丘市,民权县,,王桥清真寺，座落在民权县王桥乡王桥集，有回族居民550人，主要分布在王桥集、麻花庄等村。,,,,115.232872,34.711052
民权县睢州坝清真寺,清嘉庆年间,河南省,商丘市,民权县,,睢州坝清真寺处于城关镇睢州坝村，始建于清嘉庆年间，多年来经历数次重建，最近一次于1987年重建。现今占地3亩。,,,,115.088577,34.429306
民权县石柱清真寺,年代不详,河南省,商丘市,民权县,尹店乡石柱村,石柱清真寺位于尹店乡石柱村，始建于清末，多年来经历过数次损毁重建，最近一次于1981年重建。现今占地3亩，有平房圆顶阿拉伯式礼拜殿一座。,,,,115.232872,34.711052
民权县西张庄清真寺,年代不详,河南省,商丘市,民权县,胡集回族乡西张庄村,"清真寺有回民居住始于清代。据该庄《张氏族谱》载:""清咸丰年间，因黄河决口，先祖从东昌府迁此屯居，并于村东头创建清真寺一座。清光绪31年(1905)，由阿訇何尚元和社首张世道、张世普、马同顺等人发起，将清真寺搬迁到村西头。新寺占地2亩，主要建筑有礼拜殿、北讲堂、南屋等。1981年后，经群众集资，清真寺得到重修。现寺有礼拜殿3间，北讲堂4间，水房3间，南屋4间，女礼拜殿2间，大门1间。",,,,115.224159,34.712341
民权县前大堤清真寺,年代不详,河南省,商丘市,民权县,,前大堤清真寺位于老颜集乡前大堤村，原址在老颜集，于1927年搬迁到前大堤村，后又经历了1938年与1997年的两次重建。现今占地0.9亩。,,,,114.306630,30.524850
民权县潘庄清真寺,年代不详,河南省,商丘市,民权县,,潘庄清真寺，座落在北关镇潘庄村，坊上有回民1300人，主要分布在潘庄。现有礼拜殿3间，北讲堂5间，水房5间，库房2间，大门2间，占地1.2亩。另在村中间建女寺一座，有房屋7间，占地0.8亩。,,,,122.536118,40.948742
民权县南张楼清寺,年代不详,河南省,商丘市,民权县,王桥乡南张楼村东南角,南张楼清真寺，座落在王桥乡南张楼村东南角，有回族居民1200人，主要分布在南张楼、焦庄、麻花庄、五间楼、白老家、许庄等处。,,,,115.245750,34.700150
民权县城关清真寺,年代不详,河南省,商丘市,民权县,,民权县城关清真寺，又叫车站清真寺，座落于民权县城道南，有回族居民3000人，分布在各街道。,,,,114.569153,30.664232
民权县马庄清真寺,年代不详,河南省,商丘市,民权县,,马庄清真寺位于胡集回族乡马庄村，始建于清乾隆十三年(1749)，多年来经历数次损毁与重建，于1987年后重建。寺占地1.5亩。,,,,118.265617,34.652191
民权县马楼清真寺,年代不详,河南省,商丘市,民权县,北关镇马楼村,马楼清真寺，坐落在北关镇马楼村，坊上有回民200人，主要分布在马楼和三合村两处。,,,,115.232872,34.711052
民权县辘轳湾清真寺,年代不详,河南省,商丘市,民权县,,"辘轳湾清真寺位于胡集回族乡辘轳湾村。始建于1936年，""文化大革命""中，清真寺停止宗教活动，于1980年恢复以及重建。现今占地1.3亩。",,,,113.487940,34.140480
民权县李摆头楼清真寺,1954年,河南省,商丘市,民权县,,李摆头楼清真寺位于王桥乡李摆头楼村西头，始建于1954年，1982年进行了一次重建。现今占地0.5亩。,,,,113.648994,34.176884
民权县老城清真寺,年代不详,河南省,商丘市,民权县,城关镇老城村,老城清真寺，座落在城关镇老城村，回族居民1100人，主要居住在老城村。,,,,115.232872,34.711052
民权县蒋柿园清真寺,年代不详,河南省,商丘市,民权县,,蒋柿园清真寺，座落在民权县王桥乡蒋柿园村，有回旋居民550人，主要分布在蒋柿园、杨楼等村。,,,,102.826561,23.634701
民权县胡集清真寺,年代不详,河南省,商丘市,民权县,河南省	商丘市,"胡集清真寺，坐落在民权县胡集回族乡胡集村西头。胡集回民原与大张庄同坊，1936年因""路途较远，礼拜多有不便""而与大张庄分坊。在社首朱文义、朱文汉、马文德、张金亮等人的倡议下，召集全坊回族群众在西街创建清真寺一座。因当时经费所限，建筑比较简单。1958年后，清真寺被一些单位占用。1981年，占房单位先后撤出，清真寺得到恢复。1987年以后，经群众数次捐款，对清真寺进行了全面翻修。",,,,115.613960,34.443790
民权县樊楼清真寺,年代不详,河南省,商丘市,民权县,,樊楼清真寺，座落在胡集回族乡樊楼村，有回族居民1200人，主要分布在樊楼、麻花庄等村。,,,,115.237953,34.711952
民权县短岗清真寺,年代不详,河南省,商丘市,民权县,双塔乡短岗村,短岗清真寺，座落于双塔乡短岗村，有回族居民220人，主要分布在短岗村及人和镇内黄村、人和集等处。,,,,115.232872,34.711052
民权县丁道口清真寺,年代不详,河南省,商丘市,民权县,,丁道口清真寺位于北关镇丁道口村。始建于1915年，后数次重建。现占地1亩，其中清真寺有内宅一处，占地0.5亩。,,,,101.385078,37.474239
民权县翟庄清真寺,年代不详,河南省,商丘市,民权县,,翟庄清真寺，位于河南省民权县伯党乡翟庄村。是民权道南四坊清真寺之一、创建于清同治年间，1991和1998在以朱世环，朱世德，朱世先等为社头的一班人带领下进行重建。主要建筑有礼拜殿、梆克楼(寺大门)、北屋讲堂、水房和碑亭等。布局合理、紧凑。是一座北方典型居家式清真寺。,,,,111.814461,28.508053
民权县堤角清真寺,1928年,河南省,商丘市,民权县,,堤角清真寺，座落在北关镇堤角村，始建于1928年，坊上有回民800人，主要分布在堤角和南丁庄两村。,,,,116.847878,38.304386
民权县大张庄清真寺,年代不详,河南省,商丘市,民权县,民权县胡集回族乡大张庄村,大张庄清真寺，座落在民权县胡集回族乡大张庄村，有回族居民800人，主要分布在大张庄、金楼、李集、小马庄、金岗等村。,,,,115.224022,34.741814
民权县褚庙清真寺,年代不详,河南省,商丘市,民权县,,褚庙清真寺，座落在褚庙乡褚庙集西街，有回族居民500人，主要分布在褚庙和小金庄两处。禇庙清真寺是于清同治年间由社首马德来、李香萍等人发起创建的。1976年清真寺得到翻修，1996年，在社首王军的倡议下，清真寺进行扩建，扩建后的清真寺占地1亩，有北讲堂5间，礼拜殿3间，水房3间。,,,,109.752500,18.400050
民权县伯党清真南寺,年代不详,河南省,商丘市,民权县,,伯党清真南寺，座落于伯党回族乡伯党集南门里路西，回族居民1800人，主要居住在伯南行政村。,,,,115.135788,34.556782
民权县伯党清真北寺,年代不详,河南省,商丘市,民权县,伯党回族乡伯党集东北头,伯党清真北寺，坐落于伯党回族乡伯党集东北头，有回族居民3500人，主要分布在伯东、伯西两个行政村,,,,115.128174,34.559433
民权县北关清真寺,年代不详,河南省,商丘市,民权县,民权县北关镇南门里路西,北关清真寺，座落在民权县北关镇南门里路西，坊上有回民3500人，主要分布在北关集、马家岗、白家堤等村。,,,,115.296654,34.799110
